subscriber_id,months_subscribed,content_hours_per_week,devices_used,recent_search_rate,past_offer_responses,age_range_code,accepted_upgrade
90001,29,8.2,1,0.196,2,2,0
90002,29,5.6,3,0.317,3,4,1
90003,16,11.7,1,0.486,0,2,1
90004,5,5.0,4,0.259,1,3,0
90005,6,6.1,1,0.046,1,3,0
90006,1,2.4,3,0.189,1,4,0
90007,7,13.6,2,0.261,0,2,0
90008,5,6.3,2,0.094,1,1,0
90009,14,14.5,1,0.085,0,4,0
90010,9,16.1,4,0.211,2,2,1
90011,4,4.1,2,0.21,1,2,0
90012,6,6.4,2,0.119,0,2,0
90013,9,7.6,3,0.11,4,2,1
90014,24,10.6,3,0.041,1,3,0
90015,14,1.7,3,0.1,0,1,0
90016,2,44.5,1,0.045,0,4,0
90017,56,15.0,2,0.255,1,1,0
90018,14,7.4,1,0.562,1,1,0
90019,54,3.6,3,0.158,0,1,0
90020,27,19.6,1,0.485,0,2,1
90021,27,4.4,4,0.019,0,3,0
90022,3,9.0,3,0.116,0,3,1
90023,4,4.4,1,0.48,2,1,0
90024,9,16.7,2,0.064,1,4,0
90025,23,8.4,4,0.382,1,3,1
90026,3,6.8,1,0.074,1,3,0
90027,11,15.0,1,0.389,1,3,0
90028,11,5.0,2,0.266,0,1,0
90029,21,8.6,1,0.104,3,2,0
90030,16,0.7,2,0.033,0,1,0
90031,1,7.8,2,0.324,2,1,0
90032,9,9.6,2,0.173,2,2,1
90033,10,5.7,3,0.24,0,3,0
90034,1,21.0,3,0.143,3,2,1
90035,5,11.3,2,0.533,1,4,1
90036,23,18.6,3,0.037,1,4,1
90037,19,5.1,1,0.046,2,3,0
90038,1,4.5,2,0.285,1,2,0
90039,5,14.9,3,0.394,1,2,0
90040,14,5.0,1,0.243,0,4,1
90041,2,3.8,2,0.198,0,2,0
90042,4,1.6,1,0.562,0,3,0
90043,3,8.6,1,0.528,2,3,1
90044,5,5.9,3,0.514,1,1,0
90045,31,3.7,5,0.234,0,4,0
90046,2,4.7,3,0.336,1,2,0
90047,50,18.4,2,0.245,3,3,0
90048,21,3.6,5,0.128,1,4,0
90049,15,1.7,2,0.163,0,1,0
90050,5,16.7,2,0.15,0,3,0
90051,28,8.7,1,0.186,0,2,0
90052,55,3.4,2,0.136,1,3,0
90053,11,3.0,3,0.225,0,2,1
90054,9,7.5,5,0.362,0,4,0
90055,6,7.7,3,0.182,0,3,0
90056,1,8.2,4,0.011,1,1,0
90057,16,15.3,1,0.287,1,3,1
90058,2,18.7,2,0.494,2,2,0
90059,4,11.8,1,0.21,1,1,0
90060,4,7.3,1,0.582,2,2,1
90061,20,8.4,1,0.12,0,4,1
90062,18,14.6,3,0.179,1,2,0
90063,5,9.0,2,0.189,0,1,0
90064,10,9.0,2,0.464,1,3,1
90065,4,2.3,4,0.282,2,2,0
90066,4,11.8,1,0.222,0,2,0
90067,14,10.4,2,0.059,2,3,0
90068,1,3.8,3,0.089,1,4,0
90069,8,9.8,2,0.14,1,2,0
90070,12,10.9,4,0.393,2,2,0
90071,9,6.7,4,0.368,1,4,0
90072,17,6.4,3,0.569,1,3,1
90073,10,4.1,2,0.185,0,2,0
90074,4,8.8,3,0.265,2,2,0
90075,4,7.9,2,0.465,0,3,1
90076,1,11.4,3,0.089,1,1,0
90077,4,3.6,2,0.174,3,2,1
90078,6,15.1,2,0.082,1,3,0
90079,21,9.3,2,0.216,1,1,0
90080,1,7.5,3,0.016,3,2,0
90081,2,6.2,1,0.283,0,1,0
90082,38,26.0,2,0.359,1,2,0
90083,3,8.3,4,0.16,1,3,1
90084,30,11.8,2,0.187,1,3,0
90085,30,15.2,1,0.038,0,4,0
90086,3,5.5,1,0.082,1,2,0
90087,11,3.4,3,0.101,0,1,0
90088,2,6.9,1,0.098,2,2,0
90089,3,13.1,2,0.279,0,3,1
90090,8,4.7,1,0.248,3,4,0
90091,33,17.7,2,0.446,0,1,0
90092,22,8.0,1,0.221,3,1,0
90093,7,7.7,3,0.042,0,3,0
90094,10,7.9,2,0.05,1,4,0
90095,3,11.5,1,0.655,3,2,1
90096,2,11.3,1,0.358,1,3,0
90097,24,7.0,3,0.224,2,2,0
90098,8,5.9,2,0.141,0,1,0
90099,1,4.0,1,0.142,3,3,1
90100,59,12.9,2,0.053,2,3,0
90101,4,5.4,4,0.365,1,2,0
90102,5,26.8,2,0.124,1,2,1
90103,5,6.6,3,0.117,1,2,0
90104,5,14.6,1,0.083,0,4,0
90105,10,8.3,1,0.09,3,4,0
90106,21,14.1,1,0.11,0,4,0
90107,12,11.4,2,0.124,1,3,0
90108,1,13.1,2,0.116,2,2,1
90109,2,4.3,4,0.135,0,4,0
90110,16,2.5,1,0.122,0,1,0
90111,51,9.4,2,0.358,0,1,0
90112,7,6.5,3,0.395,2,2,0
90113,28,6.1,2,0.272,4,3,1
90114,65,7.4,1,0.292,0,3,0
90115,13,9.1,2,0.246,1,1,1
90116,14,7.5,1,0.005,1,2,1
90117,43,4.9,2,0.078,0,1,0
90118,5,7.2,2,0.048,1,1,0
90119,1,4.5,3,0.034,0,1,1
90120,1,9.0,3,0.166,1,2,0
90121,4,8.1,1,0.002,0,2,0
90122,20,17.2,2,0.443,0,4,0
90123,12,17.0,2,0.045,2,3,0
90124,31,6.5,2,0.039,2,4,0
90125,54,6.5,5,0.14,0,2,0
90126,21,13.8,1,0.347,1,2,0
90127,16,11.8,2,0.196,0,2,0
90128,12,10.6,2,0.083,1,2,0
90129,29,6.1,1,0.268,0,3,0
90130,1,5.9,1,0.271,0,3,0
90131,9,9.5,2,0.317,0,2,0
90132,14,6.9,2,0.326,0,2,0
90133,2,30.6,1,0.101,1,1,1
90134,48,16.4,3,0.307,1,2,1
90135,2,8.1,5,0.07,2,2,0
90136,3,5.2,3,0.304,2,3,0
90137,7,5.9,2,0.001,0,3,0
90138,29,10.7,3,0.118,3,3,0
90139,1,10.5,1,0.068,0,2,0
90140,3,8.7,2,0.228,0,1,0
90141,9,10.6,4,0.543,0,3,0
90142,2,4.8,1,0.103,0,3,0
90143,20,11.4,1,0.011,0,3,0
90144,37,10.7,2,0.094,2,3,0
90145,3,3.7,2,0.319,1,4,1
90146,8,3.7,1,0.089,1,1,0
90147,43,3.7,1,0.061,0,2,0
90148,10,7.5,2,0.172,4,4,0
90149,5,15.9,1,0.046,0,1,1
90150,29,6.2,2,0.168,1,1,0
90151,18,6.5,4,0.134,1,1,0
90152,9,2.3,3,0.152,0,2,1
90153,28,2.3,3,0.287,0,1,0
90154,14,7.0,4,0.518,0,1,1
90155,4,9.5,2,0.095,0,1,0
90156,2,12.3,2,0.118,0,3,1
90157,1,2.5,1,0.023,0,3,0
90158,2,4.5,1,0.183,0,2,0
90159,3,11.8,1,0.083,0,2,0
90160,16,2.7,1,0.141,1,1,1
90161,1,4.1,2,0.067,1,4,0
90162,10,9.5,2,0.142,0,1,0
90163,29,6.8,2,0.246,1,1,1
90164,2,6.2,1,0.347,0,4,0
90165,12,3.3,2,0.066,0,3,1
90166,3,11.2,2,0.318,0,3,0
90167,20,5.5,3,0.537,0,2,0
90168,4,5.9,4,0.015,0,3,0
90169,11,22.5,3,0.051,0,2,0
90170,2,4.9,1,0.149,0,4,0
90171,3,17.4,2,0.167,1,2,1
90172,1,7.0,3,0.109,1,2,0
90173,1,2.1,4,0.298,0,1,0
90174,27,4.4,3,0.143,0,2,0
90175,19,7.0,5,0.386,0,1,0
90176,51,9.3,1,0.217,0,2,0
90177,8,11.9,4,0.055,0,1,1
90178,21,17.1,2,0.153,1,3,1
90179,1,2.8,2,0.205,1,3,0
90180,11,8.3,4,0.205,0,4,0
90181,12,4.5,1,0.156,0,2,0
90182,1,4.3,2,0.208,0,2,0
90183,21,14.1,2,0.189,3,2,1
90184,48,7.1,3,0.141,2,2,0
90185,7,9.1,1,0.25,1,4,0
90186,1,2.9,4,0.292,3,1,1
90187,4,16.6,2,0.121,1,2,0
90188,6,11.4,2,0.269,2,4,1
90189,55,3.7,2,0.003,0,2,0
90190,5,4.4,3,0.075,2,3,1
90191,4,17.2,3,0.137,1,2,0
90192,18,10.3,1,0.234,1,1,0
90193,1,9.5,2,0.241,2,2,0
90194,1,8.9,2,0.054,0,2,1
90195,5,11.9,2,0.075,1,3,0
90196,3,3.6,2,0.092,3,2,0
90197,3,8.0,2,0.094,1,2,0
90198,15,20.2,2,0.002,1,4,1
90199,5,6.5,5,0.115,1,2,0
90200,19,9.8,2,0.069,3,2,1
90201,2,10.1,1,0.289,1,3,0
90202,4,7.0,2,0.096,1,2,0
90203,22,11.8,2,0.16,0,2,0
90204,17,6.3,3,0.036,0,3,0
90205,3,8.8,1,0.354,2,3,0
90206,1,7.5,3,0.251,1,2,0
90207,1,7.4,1,0.043,1,2,0
90208,27,9.2,2,0.211,0,3,0
90209,7,9.1,5,0.027,0,1,0
90210,5,9.2,5,0.067,0,3,0
90211,42,15.9,3,0.121,1,4,0
90212,37,14.9,1,0.365,1,2,1
90213,11,5.0,1,0.063,3,4,0
90214,5,14.6,2,0.084,0,2,0
90215,21,26.2,3,0.331,1,4,0
90216,18,4.9,2,0.001,0,1,0
90217,9,2.9,3,0.573,1,3,0
90218,8,2.6,4,0.266,2,3,0
90219,4,7.9,2,0.074,1,2,0
90220,35,3.4,3,0.382,0,1,0
90221,3,2.5,2,0.108,0,3,0
90222,10,4.7,5,0.127,1,2,1
90223,13,9.8,1,0.248,1,4,0
90224,1,5.6,1,0.213,0,3,0
90225,47,3.3,4,0.244,2,4,0
90226,41,10.0,1,0.068,0,3,0
90227,6,6.5,1,0.03,0,1,0
90228,7,6.4,2,0.059,1,3,0
90229,1,1.5,1,0.039,1,4,0
90230,26,17.4,3,0.043,1,2,1
90231,7,9.9,2,0.124,1,2,0
90232,1,11.2,2,0.057,0,3,0
90233,12,6.5,2,0.055,1,1,0
90234,4,13.3,4,0.041,1,1,0
90235,6,6.0,4,0.361,0,4,0
90236,1,5.0,3,0.05,0,3,0
90237,16,22.0,2,0.117,1,2,0
90238,1,8.0,1,0.335,3,3,0
90239,4,10.7,3,0.119,1,3,0
90240,11,2.7,2,0.154,1,2,0
90241,24,6.3,1,0.038,0,1,0
90242,10,8.2,2,0.418,2,1,1
90243,16,11.0,2,0.091,0,2,0
90244,3,15.5,2,0.646,0,1,1
90245,7,10.5,1,0.32,1,1,0
90246,4,8.9,3,0.119,2,3,1
90247,3,2.9,2,0.329,1,1,0
90248,10,6.6,4,0.403,1,4,0
90249,1,7.9,3,0.05,1,2,0
90250,14,4.4,2,0.133,0,3,0
90251,9,27.5,1,0.448,1,1,1
90252,2,7.6,2,0.369,0,2,1
90253,12,3.1,2,0.235,0,2,0
90254,5,10.8,2,0.058,1,3,0
90255,2,7.5,2,0.137,1,1,0
90256,4,6.2,3,0.154,0,2,1
90257,1,6.1,3,0.119,0,1,0
90258,7,30.8,3,0.304,2,1,1
90259,67,6.2,2,0.102,0,2,1
90260,39,3.3,2,0.845,0,1,0
90261,8,4.4,3,0.022,0,2,1
90262,10,6.5,4,0.351,0,3,0
90263,18,6.6,2,0.531,0,3,0
90264,7,5.6,2,0.465,0,4,0
90265,40,10.4,1,0.067,0,4,0
90266,6,6.8,1,0.02,0,2,0
90267,31,8.9,2,0.289,1,3,1
90268,13,1.8,3,0.241,0,3,1
90269,6,4.2,4,0.027,1,2,0
90270,1,11.7,4,0.334,1,3,0
90271,5,2.9,2,0.056,0,3,0
90272,6,15.2,3,0.177,3,2,1
90273,7,13.9,2,0.099,4,1,1
90274,5,6.4,1,0.097,0,3,0
90275,9,4.8,1,0.103,1,4,1
90276,4,2.5,2,0.179,0,1,0
90277,30,3.3,2,0.354,1,1,0
90278,4,9.9,1,0.274,1,4,1
90279,5,13.8,1,0.108,2,3,1
90280,27,7.2,1,0.145,0,2,0
90281,35,16.6,4,0.075,3,3,1
90282,8,11.0,3,0.002,1,4,0
90283,11,8.2,1,0.062,0,1,1
90284,4,3.7,1,0.04,1,3,0
90285,2,2.2,2,0.197,1,3,0
90286,5,6.6,2,0.17,0,4,0
90287,13,6.9,3,0.189,0,3,0
90288,3,4.7,2,0.034,2,3,0
90289,23,11.5,2,0.103,2,3,1
90290,9,12.5,2,0.039,0,4,0
90291,29,4.4,2,0.082,0,4,0
90292,6,10.1,2,0.314,2,1,1
90293,1,4.1,2,0.22,1,2,0
90294,9,5.8,3,0.026,0,1,0
90295,43,6.7,1,0.526,2,1,1
90296,27,6.9,1,0.044,2,1,0
90297,3,4.5,2,0.101,0,3,0
90298,3,9.2,1,0.151,0,3,0
90299,21,5.7,1,0.134,1,4,0
90300,9,3.6,3,0.361,0,3,1
90301,11,13.8,2,0.073,0,1,0
90302,2,6.5,3,0.475,1,1,0
90303,4,6.6,2,0.373,0,4,0
90304,11,8.8,3,0.02,0,4,0
90305,38,14.4,2,0.061,1,1,0
90306,5,5.2,1,0.426,0,4,0
90307,13,12.4,1,0.148,0,1,0
90308,10,7.4,2,0.216,0,1,0
90309,9,0.7,3,0.058,0,3,0
90310,49,14.3,2,0.158,0,3,1
90311,61,3.3,2,0.208,1,2,1
90312,1,10.8,2,0.402,0,4,1
90313,24,19.1,2,0.081,0,2,0
90314,6,16.9,1,0.083,1,2,1
90315,33,14.8,1,0.052,0,3,0
90316,9,5.2,2,0.269,0,2,1
90317,6,11.9,3,0.075,2,4,0
90318,8,1.7,1,0.03,2,1,0
90319,11,6.1,4,0.056,0,1,0
90320,37,6.2,1,0.243,2,4,0
90321,19,14.2,2,0.039,2,2,0
90322,14,11.2,4,0.145,0,3,0
90323,2,17.4,1,0.116,2,2,1
90324,26,3.3,1,0.247,1,1,1
90325,1,4.9,2,0.248,1,3,0
90326,4,18.9,3,0.194,1,1,1
90327,5,3.6,1,0.069,1,3,0
90328,12,10.3,3,0.166,0,2,1
90329,5,2.3,1,0.048,1,1,0
90330,46,11.2,2,0.295,1,3,0
90331,4,30.1,2,0.169,2,3,1
90332,5,8.2,2,0.214,0,3,1
90333,2,8.4,1,0.27,1,3,0
90334,8,10.6,2,0.002,1,2,1
90335,4,10.5,1,0.218,1,4,0
90336,9,11.3,1,0.013,1,1,1
90337,4,8.9,5,0.051,1,2,0
90338,1,2.3,4,0.142,0,1,0
90339,9,6.8,2,0.347,0,1,1
90340,9,7.6,3,0.204,0,1,1
90341,12,6.7,3,0.117,0,2,0
90342,2,10.0,1,0.069,4,2,1
90343,17,2.9,2,0.186,1,3,0
90344,36,8.9,1,0.029,2,3,1
90345,27,12.3,2,0.248,1,3,1
90346,11,6.2,1,0.161,0,3,0
90347,18,6.8,2,0.28,0,1,0
90348,4,14.1,3,0.122,0,2,1
90349,6,7.2,1,0.004,1,3,0
90350,1,5.8,2,0.178,0,3,0
90351,11,17.8,1,0.216,1,2,0
90352,7,14.4,1,0.47,0,1,1
90353,36,8.8,3,0.205,0,1,1
90354,2,6.4,1,0.152,1,1,0
90355,1,21.6,4,0.165,1,2,1
90356,2,2.3,3,0.377,1,2,1
90357,1,6.4,5,0.168,0,3,0
90358,17,6.4,1,0.305,1,1,0
90359,5,4.3,1,0.275,3,1,1
90360,10,8.9,3,0.469,0,2,0
90361,2,9.3,2,0.005,2,1,0
90362,13,3.3,1,0.434,0,1,0
90363,5,19.6,1,0.155,2,1,1
90364,69,11.3,1,0.295,0,3,0
90365,34,7.6,4,0.341,2,1,1
90366,70,7.3,2,0.106,1,4,1
90367,72,31.8,4,0.293,0,1,1
90368,1,7.9,4,0.307,1,2,0
90369,4,6.2,2,0.345,1,2,1
90370,6,3.0,2,0.111,0,1,0
90371,43,1.3,3,0.163,1,2,1
90372,1,9.6,2,0.082,1,4,0
90373,6,15.9,2,0.366,0,3,0
90374,10,15.1,2,0.182,1,4,1
90375,10,3.3,5,0.084,1,1,0
90376,3,7.6,1,0.671,0,3,0
90377,14,9.3,2,0.652,1,3,1
90378,18,4.2,1,0.03,1,3,0
90379,21,2.2,2,0.284,0,2,0
90380,5,3.2,3,0.103,2,3,0
90381,24,7.5,2,0.233,0,2,1
90382,26,6.4,1,0.051,0,2,0
90383,29,7.8,1,0.226,0,3,1
90384,72,11.7,4,0.256,0,3,0
90385,8,14.7,1,0.167,0,4,0
90386,36,9.2,3,0.435,4,4,1
90387,7,10.3,1,0.128,1,2,0
90388,20,11.7,3,0.039,1,3,0
90389,4,5.5,3,0.248,2,2,1
90390,15,12.4,2,0.29,0,2,0
90391,8,5.3,4,0.019,0,2,1
90392,10,10.1,1,0.123,2,3,0
90393,1,13.0,1,0.04,0,2,1
90394,28,7.0,3,0.223,1,2,0
90395,28,9.7,3,0.435,2,2,1
90396,1,0.9,1,0.123,2,4,0
90397,1,1.7,1,0.169,2,2,0
90398,24,10.2,1,0.096,1,4,0
90399,9,12.9,2,0.177,1,3,0
90400,8,9.2,1,0.072,4,3,1
90401,17,7.9,3,0.16,0,2,0
90402,33,9.0,2,0.397,1,3,0
90403,1,12.5,1,0.217,1,3,0
90404,15,12.2,1,0.049,0,4,0
90405,14,13.9,1,0.141,1,3,0
90406,64,3.8,1,0.405,0,2,1
90407,11,8.7,2,0.013,2,3,0
90408,38,9.5,2,0.394,0,2,0
90409,2,26.0,1,0.184,1,2,0
90410,15,0.7,1,0.101,0,2,0
90411,10,8.1,1,0.038,0,3,0
90412,49,9.8,1,0.078,1,2,1
90413,22,9.0,1,0.099,0,2,0
90414,5,4.8,3,0.502,3,1,0
90415,2,6.8,3,0.09,1,3,0
90416,2,11.6,1,0.36,1,1,1
90417,21,8.8,1,0.157,1,4,1
90418,72,2.3,1,0.14,1,1,1
90419,7,6.9,1,0.068,0,1,0
90420,20,7.4,2,0.024,0,2,1
90421,13,4.2,3,0.251,0,1,0
90422,72,9.6,3,0.113,1,2,0
90423,8,6.8,3,0.014,1,4,0
90424,10,11.9,2,0.387,2,3,0
90425,4,12.7,2,0.301,3,1,1
90426,13,7.4,4,0.216,3,1,1
90427,14,18.9,1,0.194,1,3,0
90428,14,6.7,1,0.833,1,4,1
90429,1,1.8,2,0.114,0,2,0
90430,1,5.4,1,0.12,0,4,0
90431,31,15.6,4,0.329,0,4,1
90432,33,10.4,1,0.054,2,1,0
90433,33,6.0,4,0.187,0,1,0
90434,1,12.6,2,0.261,1,1,0
90435,4,10.4,1,0.214,2,2,0
90436,4,5.5,2,0.371,0,3,0
90437,1,8.9,2,0.097,1,3,0
90438,5,6.0,1,0.228,0,2,1
90439,9,15.4,2,0.064,1,2,0
90440,1,6.3,2,0.751,2,1,1
90441,6,12.9,3,0.35,1,3,1
90442,32,4.0,4,0.204,2,4,0
90443,19,3.3,1,0.064,1,3,0
90444,62,17.1,1,0.248,0,4,0
90445,41,9.2,1,0.289,0,1,0
90446,6,14.3,2,0.06,0,2,1
90447,2,5.1,3,0.368,1,1,1
90448,14,13.4,1,0.199,0,2,0
90449,34,9.3,4,0.291,1,4,0
90450,6,2.1,1,0.004,0,3,0
90451,3,4.7,2,0.148,2,2,0
90452,9,3.1,1,0.067,3,3,0
90453,1,6.7,2,0.127,1,4,1
90454,18,13.5,2,0.077,4,3,1
90455,8,8.9,2,0.032,2,2,1
90456,4,9.9,3,0.511,1,2,1
90457,11,10.2,1,0.145,0,1,0
90458,2,4.2,2,0.409,1,2,0
90459,31,14.2,1,0.161,0,3,0
90460,32,13.9,1,0.026,1,1,1
90461,1,4.0,2,0.13,0,1,0
90462,12,8.0,5,0.631,0,4,1
90463,16,6.9,5,0.059,0,1,0
90464,28,10.8,2,0.215,0,4,0
90465,6,2.5,1,0.146,0,2,0
90466,35,17.9,2,0.297,1,1,1
90467,9,8.2,5,0.166,1,1,0
90468,44,7.7,4,0.41,0,2,1
90469,10,7.6,5,0.306,1,1,1
90470,1,8.1,2,0.231,0,3,0
90471,9,11.9,3,0.154,2,4,0
90472,6,21.9,3,0.06,0,1,0
90473,4,3.5,3,0.019,1,3,1
90474,7,3.0,3,0.055,1,2,0
90475,15,17.5,3,0.28,0,3,0
90476,19,3.5,2,0.139,0,2,0
90477,3,8.0,1,0.198,2,3,1
90478,22,1.0,3,0.435,2,3,1
90479,21,1.0,3,0.261,0,2,0
90480,12,9.1,3,0.132,1,2,0
90481,16,6.8,2,0.097,0,4,0
90482,31,3.1,1,0.518,1,3,1
90483,21,2.1,1,0.476,0,1,0
90484,13,7.0,1,0.044,2,1,0
90485,21,5.8,3,0.163,0,3,0
90486,15,1.6,3,0.392,0,1,1
90487,15,13.6,2,0.014,0,3,1
90488,11,3.4,1,0.238,3,2,1
90489,1,5.4,4,0.184,1,1,0
90490,40,7.1,1,0.181,1,1,1
90491,6,4.6,3,0.082,1,3,1
90492,27,12.9,2,0.138,0,4,0
90493,16,6.9,1,0.057,1,2,0
90494,7,10.1,4,0.434,0,3,1
90495,11,6.2,4,0.075,1,4,0
90496,39,17.7,2,0.057,0,4,0
90497,1,5.9,1,0.083,0,3,0
90498,1,12.1,2,0.31,1,4,1
90499,5,10.4,2,0.289,2,1,1
90500,33,11.9,1,0.353,0,2,1
90501,6,6.1,1,0.227,0,4,0
90502,5,5.9,3,0.378,2,1,1
90503,19,7.1,4,0.027,0,4,0
90504,33,7.8,2,0.345,0,1,0
90505,39,2.0,5,0.269,2,3,1
90506,4,14.4,2,0.003,1,3,0
90507,7,2.5,3,0.209,0,3,0
90508,34,6.6,5,0.053,1,2,0
90509,8,6.3,2,0.038,1,3,0
90510,20,7.2,1,0.232,0,4,0
90511,7,11.9,2,0.118,0,4,1
90512,8,5.0,2,0.109,0,1,0
90513,23,9.8,3,0.038,1,2,0
90514,17,10.8,2,0.192,0,2,1
90515,15,3.7,2,0.197,1,1,0
90516,12,4.2,2,0.238,1,4,1
90517,26,9.4,2,0.272,0,3,0
90518,15,0.6,2,0.117,0,4,0
90519,13,16.1,5,0.137,1,1,0
90520,1,14.5,1,0.168,0,3,1
90521,2,7.0,3,0.41,0,1,0
90522,12,10.8,4,0.137,0,3,0
90523,7,7.8,1,0.03,1,2,0
90524,4,3.2,1,0.078,0,4,0
90525,1,3.8,1,0.079,0,3,0
90526,8,14.9,5,0.52,0,3,1
90527,12,8.8,1,0.119,0,4,0
90528,1,0.9,1,0.237,2,3,1
90529,29,6.1,1,0.259,0,1,0
90530,12,14.4,1,0.089,0,1,1
90531,19,8.6,4,0.18,0,2,1
90532,58,12.3,4,0.382,0,3,1
90533,18,7.5,3,0.014,1,3,0
90534,1,14.4,2,0.122,1,2,0
90535,4,3.4,1,0.146,1,4,1
90536,7,13.0,1,0.302,1,4,0
90537,2,6.6,2,0.025,0,1,0
90538,28,13.0,3,0.039,1,4,0
90539,4,6.1,2,0.354,3,4,1
90540,1,11.7,2,0.23,0,1,0
90541,19,9.9,1,0.224,2,1,0
90542,10,5.5,1,0.315,2,3,1
90543,30,7.6,5,0.106,1,2,1
90544,13,12.4,4,0.205,1,1,1
90545,5,20.6,4,0.043,0,2,0
90546,1,10.3,3,0.112,2,3,0
90547,3,12.5,2,0.325,0,3,0
90548,10,5.8,2,0.149,0,1,0
90549,17,6.1,2,0.307,0,2,0
90550,1,18.5,3,0.006,1,2,0
90551,17,8.9,3,0.078,2,3,1
90552,18,10.0,2,0.335,0,4,0
90553,1,15.2,2,0.145,0,2,0
90554,15,25.7,3,0.501,1,2,0
90555,17,2.1,1,0.606,1,1,1
90556,1,6.8,3,0.016,1,3,0
90557,6,3.2,1,0.013,0,1,0
90558,1,6.3,4,0.088,1,2,1
90559,4,15.5,3,0.392,1,1,0
90560,13,8.5,2,0.383,1,3,0
90561,53,4.9,1,0.362,2,1,1
90562,3,3.2,1,0.02,2,4,0
90563,16,5.1,3,0.138,2,2,0
90564,31,9.4,1,0.004,1,2,0
90565,26,9.7,1,0.35,3,4,0
90566,54,8.4,2,0.179,1,3,1
90567,8,3.6,2,0.262,1,3,0
90568,10,10.3,3,0.166,5,3,1
90569,14,3.2,3,0.011,1,3,0
90570,5,13.2,5,0.344,1,1,0
90571,3,18.7,5,0.304,3,3,1
90572,12,1.0,2,0.26,0,3,0
90573,2,12.9,3,0.45,0,2,0
90574,14,11.0,1,0.08,1,4,0
90575,20,14.3,3,0.429,0,2,1
90576,12,6.4,2,0.307,3,1,1
90577,1,4.3,2,0.226,1,2,0
90578,54,8.5,1,0.21,1,2,0
90579,14,7.7,1,0.213,0,3,0
90580,1,16.9,1,0.141,0,2,0
90581,12,4.1,1,0.135,2,3,0
90582,6,8.2,2,0.166,2,2,1
90583,14,11.3,3,0.316,0,2,0
90584,12,5.1,2,0.107,0,2,1
90585,13,9.0,2,0.087,1,2,1
90586,33,14.2,2,0.177,1,4,0
90587,4,11.9,2,0.305,0,4,0
90588,4,3.3,1,0.268,1,3,0
90589,42,17.1,4,0.378,0,1,1
90590,6,11.9,2,0.016,0,1,0
90591,25,14.2,2,0.151,1,2,1
90592,39,12.0,2,0.031,1,1,0
90593,17,10.7,4,0.006,1,3,1
90594,1,12.5,1,0.036,0,1,0
90595,19,7.6,2,0.032,2,2,1
90596,29,9.8,5,0.312,1,2,0
90597,10,9.5,5,0.058,1,4,0
90598,2,3.2,1,0.132,1,2,0
90599,17,3.3,3,0.11,0,3,0
90600,5,4.1,1,0.3,0,2,0
90601,16,4.3,3,0.09,1,3,0
90602,18,13.9,1,0.161,0,4,0
90603,5,10.0,4,0.168,0,1,0
90604,14,3.6,1,0.135,1,2,0
90605,5,11.2,2,0.109,2,2,0
90606,4,10.4,2,0.318,0,3,0
90607,10,12.6,3,0.251,1,3,1
90608,6,6.6,5,0.067,0,2,0
90609,7,4.2,2,0.388,0,3,1
90610,30,11.7,1,0.22,2,3,1
90611,19,8.2,3,0.369,1,3,0
90612,6,4.3,2,0.099,0,3,1
90613,12,20.9,3,0.476,0,3,0
90614,18,5.9,1,0.005,0,3,0
90615,16,9.8,4,0.181,2,3,1
90616,7,11.1,1,0.037,0,4,0
90617,2,6.4,2,0.081,1,3,0
90618,8,19.7,2,0.441,2,2,0
90619,2,7.1,3,0.246,0,2,1
90620,1,9.1,2,0.212,1,2,1
90621,10,6.2,1,0.227,0,1,1
90622,6,9.8,1,0.47,0,2,1
90623,18,9.3,4,0.007,1,2,0
90624,6,10.0,2,0.336,1,1,0
90625,11,6.5,4,0.494,0,2,1
90626,41,7.2,1,0.224,1,1,0
90627,23,3.4,3,0.163,1,4,0
90628,9,4.0,5,0.235,0,1,1
90629,8,2.4,5,0.568,0,3,1
90630,2,12.9,1,0.486,3,3,1
90631,9,15.3,4,0.229,1,3,1
90632,11,5.2,3,0.239,0,2,0
90633,1,3.8,2,0.204,2,3,0
90634,5,5.8,1,0.151,0,4,0
90635,17,27.6,4,0.164,3,2,1
90636,11,20.7,1,0.336,1,4,0
90637,23,5.3,1,0.038,1,3,0
90638,7,13.9,2,0.459,1,4,0
90639,7,5.6,1,0.355,1,2,1
90640,5,6.0,2,0.041,3,4,0
90641,19,20.4,4,0.373,0,3,0
90642,45,6.5,2,0.047,3,4,1
90643,6,3.6,1,0.279,1,3,1
90644,20,8.2,5,0.058,1,3,1
90645,1,3.7,1,0.108,1,1,0
90646,28,4.5,3,0.043,0,1,0
90647,15,8.6,2,0.343,0,4,0
90648,9,3.3,2,0.422,0,3,0
90649,15,6.1,5,0.106,2,1,1
90650,7,20.7,4,0.138,0,2,1
90651,53,13.2,5,0.228,0,2,1
90652,5,11.8,1,0.219,1,3,0
90653,9,12.5,1,0.107,2,3,0
90654,2,6.8,5,0.165,1,1,0
90655,3,6.2,2,0.308,0,2,0
90656,1,10.0,1,0.4,3,2,0
90657,9,6.9,3,0.203,0,3,0
90658,13,5.1,2,0.044,0,4,0
90659,9,5.4,3,0.114,0,3,0
90660,2,5.1,1,0.429,0,4,1
90661,8,10.0,2,0.364,0,1,0
90662,7,16.2,4,0.256,2,2,1
90663,16,5.9,2,0.023,0,2,0
90664,23,12.1,2,0.428,0,2,0
90665,18,4.0,2,0.139,0,4,0
90666,14,12.0,1,0.42,1,2,0
90667,18,2.0,3,0.106,0,3,0
90668,30,4.1,3,0.39,1,2,0
90669,5,5.0,4,0.338,0,1,0
90670,22,7.7,4,0.03,1,2,0
90671,12,7.7,1,0.304,1,3,0
90672,3,10.9,3,0.089,1,4,0
90673,3,23.3,3,0.57,0,1,0
90674,14,14.8,3,0.148,2,2,1
90675,26,15.2,2,0.02,0,2,0
90676,2,7.4,1,0.085,0,3,1
90677,13,11.9,1,0.067,1,1,0
90678,31,7.0,3,0.49,1,4,0
90679,26,3.2,1,0.085,2,1,0
90680,6,6.3,1,0.433,2,2,1
90681,49,0.8,2,0.202,2,3,0
90682,13,6.1,3,0.062,3,3,0
90683,5,5.5,3,0.06,0,3,0
90684,27,3.7,2,0.266,1,1,0
90685,25,5.7,1,0.648,1,4,0
90686,6,5.7,1,0.13,2,4,1
90687,1,4.9,2,0.341,0,2,0
90688,6,4.0,3,0.321,1,3,1
90689,19,24.5,3,0.081,1,2,1
90690,1,14.6,2,0.266,1,3,0
90691,1,7.0,1,0.274,0,1,0
90692,3,10.4,3,0.175,2,4,0
90693,20,11.1,1,0.105,1,2,0
90694,20,4.0,2,0.088,0,3,0
90695,6,5.8,2,0.141,1,1,0
90696,4,6.9,4,0.099,1,4,0
90697,6,4.4,2,0.231,0,4,0
90698,5,13.3,3,0.306,1,3,1
90699,1,22.9,2,0.165,0,3,1
90700,7,7.8,5,0.112,3,1,1
90701,24,4.4,1,0.021,1,2,0
90702,9,10.5,4,0.078,0,2,0
90703,8,16.2,2,0.108,1,1,0
90704,32,5.5,3,0.402,0,1,0
90705,37,5.6,3,0.172,0,3,1
90706,56,10.7,3,0.276,1,1,0
90707,1,3.7,2,0.082,0,3,0
90708,10,9.0,2,0.577,1,4,1
90709,56,5.3,1,0.046,1,2,0
90710,8,21.7,1,0.319,0,2,1
90711,2,4.5,1,0.18,1,1,0
90712,20,9.8,2,0.14,2,3,1
90713,2,8.3,2,0.353,2,4,1
90714,13,17.1,1,0.278,2,3,0
90715,12,10.5,2,0.204,3,1,1
90716,11,5.2,3,0.104,0,3,1
90717,24,5.9,2,0.138,1,2,0
90718,33,11.0,1,0.155,2,3,0
90719,1,11.6,3,0.068,1,4,0
90720,11,3.5,2,0.381,1,3,0
90721,7,4.9,1,0.329,0,3,1
90722,6,13.8,2,0.108,1,4,0
90723,12,14.1,2,0.165,2,3,0
90724,3,17.2,2,0.254,1,4,1
90725,1,11.0,1,0.183,1,2,1
90726,11,10.7,4,0.17,0,2,1
90727,51,14.5,2,0.175,1,4,0
90728,16,13.3,1,0.095,0,3,0
90729,25,6.2,3,0.012,0,1,0
90730,3,12.6,3,0.296,0,2,1
90731,2,14.1,3,0.213,1,2,1
90732,6,5.5,3,0.115,1,3,0
90733,21,4.8,5,0.435,1,1,1
90734,21,14.3,2,0.046,1,3,0
90735,29,5.1,4,0.097,1,4,1
90736,12,12.5,3,0.629,1,2,1
90737,13,6.6,5,0.158,0,2,0
90738,3,7.9,1,0.08,0,3,1
90739,18,13.6,3,0.041,0,2,0
90740,8,8.9,1,0.288,0,3,1
90741,1,5.3,3,0.149,1,2,1
90742,2,4.8,4,0.213,1,3,0
90743,4,11.4,3,0.182,0,2,1
90744,8,5.6,2,0.254,1,1,0
90745,4,4.3,2,0.136,1,4,0
90746,19,8.0,1,0.048,0,2,0
90747,6,7.5,4,0.201,0,2,0
90748,7,4.8,1,0.178,0,3,0
90749,33,8.4,1,0.267,1,3,1
90750,3,17.3,1,0.249,0,3,0
90751,12,3.2,4,0.427,0,2,0
90752,13,3.1,1,0.182,1,1,1
90753,1,16.1,4,0.545,1,3,1
90754,4,4.9,1,0.586,2,3,1
90755,4,8.9,2,0.376,1,3,0
90756,2,8.3,1,0.118,0,1,1
90757,5,2.6,3,0.059,0,1,0
90758,4,19.7,2,0.107,2,2,1
90759,1,6.2,2,0.264,2,2,0
90760,15,21.7,1,0.358,1,2,1
90761,5,2.8,1,0.209,0,3,0
90762,1,5.5,2,0.393,2,4,0
90763,13,8.4,1,0.049,0,2,0
90764,27,8.9,1,0.122,0,4,0
90765,72,4.9,3,0.173,2,4,1
90766,16,4.4,3,0.359,0,3,0
90767,17,4.2,2,0.015,0,2,0
90768,37,11.6,4,0.201,2,3,1
90769,37,9.1,2,0.111,0,1,0
90770,14,9.4,2,0.132,0,2,0
90771,2,15.7,1,0.053,2,4,0
90772,25,6.6,2,0.191,1,2,1
90773,3,3.4,2,0.11,1,4,1
90774,22,8.8,2,0.337,0,4,0
90775,2,13.7,1,0.471,2,3,0
90776,10,13.9,2,0.242,1,4,1
90777,16,16.1,1,0.02,2,1,1
90778,1,4.2,3,0.263,1,2,0
90779,14,7.2,1,0.451,0,4,0
90780,46,10.1,1,0.069,1,2,0
90781,27,6.0,4,0.125,0,3,0
90782,22,5.8,3,0.064,1,1,0
90783,8,6.6,2,0.055,0,4,0
90784,9,5.9,1,0.049,1,2,0
90785,28,11.1,1,0.091,0,3,0
90786,1,3.8,1,0.19,0,3,0
90787,59,5.2,1,0.218,1,1,0
90788,15,11.0,1,0.063,1,2,0
90789,26,13.7,2,0.083,3,1,1
90790,5,6.4,3,0.21,1,2,1
90791,14,4.2,1,0.387,0,4,0
90792,6,9.6,2,0.121,1,1,0
90793,16,23.0,4,0.069,1,1,0
90794,1,3.2,1,0.185,1,4,0
90795,6,13.3,3,0.589,0,2,1
90796,60,6.1,5,0.11,1,1,1
90797,4,10.8,1,0.014,0,3,0
90798,8,4.4,3,0.02,0,3,0
90799,16,14.6,2,0.133,0,3,0
90800,2,11.8,2,0.16,0,1,0
90801,11,19.6,2,0.2,0,2,0
90802,6,11.1,2,0.195,0,3,0
90803,9,10.8,2,0.567,0,1,0
90804,3,11.8,1,0.145,1,2,1
90805,7,10.9,1,0.189,1,1,0
90806,3,6.4,3,0.052,0,3,1
90807,7,6.5,3,0.079,1,1,0
90808,24,12.3,1,0.417,0,1,0
90809,3,8.7,2,0.322,1,3,0
90810,2,4.2,1,0.282,1,4,0
90811,6,9.4,4,0.084,1,3,0
90812,19,6.3,1,0.192,2,4,0
90813,7,6.5,1,0.13,1,2,0
90814,10,2.9,2,0.443,0,4,0
90815,6,7.3,3,0.408,0,1,0
90816,44,7.6,2,0.292,1,1,0
90817,25,10.2,1,0.188,0,2,0
90818,31,6.7,1,0.07,1,2,1
90819,1,2.7,3,0.235,0,3,0
90820,7,3.6,2,0.055,1,2,1
90821,16,6.4,1,0.047,1,1,0
90822,47,4.2,2,0.053,1,3,0
90823,5,17.0,1,0.077,1,3,0
90824,7,13.8,4,0.363,1,3,1
90825,49,21.1,4,0.055,1,2,1
90826,7,9.3,1,0.137,1,1,0
90827,1,5.0,1,0.086,2,2,0
90828,14,4.7,3,0.149,1,2,1
90829,39,15.9,1,0.321,3,2,0
90830,25,4.9,3,0.051,1,1,0
90831,20,10.5,2,0.239,2,4,0
90832,7,12.8,2,0.194,1,3,0
90833,6,8.3,5,0.173,0,3,0
90834,10,5.7,4,0.103,3,2,0
90835,34,17.5,4,0.296,3,1,0
90836,24,5.7,3,0.141,4,3,1
90837,27,2.4,2,0.067,0,2,0
90838,19,13.0,3,0.171,0,1,0
90839,10,5.8,5,0.582,1,3,1
90840,23,7.2,3,0.09,0,3,0
90841,26,7.1,1,0.19,0,1,0
90842,15,12.2,2,0.191,0,2,0
90843,30,11.1,1,0.187,1,4,0
90844,27,8.2,3,0.25,1,1,0
90845,5,7.3,2,0.255,1,1,0
90846,5,7.9,1,0.174,0,4,0
90847,20,7.1,2,0.096,2,1,0
90848,31,8.0,2,0.312,0,3,0
90849,1,14.9,2,0.002,0,1,0
90850,3,3.2,2,0.203,0,2,1
90851,3,12.0,2,0.287,0,3,0
90852,18,5.0,1,0.68,1,4,1
90853,7,2.8,2,0.209,1,1,1
90854,4,4.6,2,0.408,0,3,0
90855,3,4.5,4,0.145,0,4,0
90856,30,2.6,2,0.105,0,2,0
90857,36,11.8,2,0.151,0,3,1
90858,3,4.6,4,0.006,0,3,0
90859,10,12.5,2,0.088,0,1,0
90860,8,7.8,1,0.144,1,1,0
90861,11,11.3,2,0.108,2,4,1
90862,19,13.5,1,0.075,0,2,0
90863,25,3.8,1,0.255,1,4,1
90864,40,6.9,2,0.067,0,3,1
90865,38,11.5,3,0.512,4,2,1
90866,2,12.5,4,0.236,2,2,1
90867,18,6.0,1,0.043,1,2,0
90868,3,1.7,2,0.172,0,2,0
90869,1,5.9,1,0.087,1,1,0
90870,8,5.0,2,0.34,2,3,0
90871,1,8.2,3,0.153,0,4,0
90872,18,10.4,4,0.17,1,4,0
90873,2,6.5,5,0.027,0,3,1
90874,6,3.7,2,0.284,1,3,0
90875,36,16.7,2,0.332,0,1,0
90876,12,9.9,4,0.024,0,4,0
90877,16,9.4,2,0.266,0,3,0
90878,6,5.0,1,0.347,2,2,0
90879,8,13.2,1,0.131,1,2,1
90880,6,6.6,2,0.059,1,2,0
90881,12,8.7,2,0.009,1,4,0
90882,9,13.5,1,0.543,0,2,1
90883,12,14.5,4,0.067,0,1,0
90884,9,12.4,4,0.286,2,2,0
90885,1,7.2,3,0.363,1,2,0
90886,71,21.1,3,0.188,2,2,1
90887,7,15.8,2,0.179,1,3,0
90888,3,5.8,2,0.474,2,4,0
90889,7,4.9,2,0.175,0,1,0
90890,24,5.3,1,0.233,1,2,0
90891,72,6.4,2,0.206,0,2,0
90892,72,6.5,3,0.028,0,4,0
90893,3,1.7,3,0.266,1,4,0
90894,5,20.8,2,0.077,0,2,0
90895,20,17.0,3,0.438,1,1,1
90896,3,6.1,3,0.12,1,2,1
90897,9,3.3,2,0.054,1,3,0
90898,16,3.1,4,0.035,0,2,0
90899,3,6.9,1,0.063,0,1,0
90900,2,7.1,1,0.198,0,2,0
90901,31,5.5,3,0.06,3,1,1
90902,1,16.3,3,0.012,2,3,1
90903,36,8.3,2,0.206,1,1,0
90904,1,25.1,2,0.198,1,4,1
90905,16,5.5,2,0.387,1,2,0
90906,3,8.8,2,0.192,0,3,0
90907,10,14.9,3,0.279,1,4,0
90908,16,5.0,3,0.297,1,1,0
90909,11,4.8,2,0.279,1,2,0
90910,14,15.6,1,0.252,0,3,0
90911,25,15.4,2,0.195,1,2,1
90912,5,2.3,2,0.204,1,3,1
90913,9,21.3,2,0.23,2,3,1
90914,69,5.8,1,0.553,0,1,0
90915,14,7.2,3,0.3,1,3,1
90916,7,10.2,2,0.121,0,3,0
90917,4,5.9,2,0.017,0,2,0
90918,19,10.4,4,0.338,0,3,0
90919,4,5.7,2,0.308,0,3,1
90920,32,12.1,1,0.198,0,2,0
90921,4,9.2,3,0.067,2,2,0
90922,1,5.7,3,0.279,2,2,1
90923,1,1.7,3,0.126,0,2,0
90924,25,8.4,1,0.192,1,3,1
90925,37,11.4,2,0.353,1,1,0
90926,1,9.2,3,0.305,0,3,1
90927,12,4.4,2,0.241,0,1,0
90928,69,7.6,2,0.349,0,3,0
90929,22,8.5,4,0.16,0,1,0
90930,3,2.6,2,0.343,1,3,1
90931,26,6.0,3,0.184,1,3,0
90932,23,5.9,1,0.091,0,2,0
90933,9,11.8,4,0.102,0,2,1
90934,1,19.4,1,0.015,1,2,0
90935,48,12.3,1,0.053,0,1,0
90936,5,6.2,2,0.339,0,4,0
90937,5,22.5,2,0.108,1,4,0
90938,58,7.5,1,0.292,0,3,0
90939,5,6.5,2,0.286,1,1,1
90940,4,5.8,3,0.151,1,3,0
90941,16,16.2,2,0.239,1,3,1
90942,1,20.4,2,0.098,2,4,0
90943,11,6.4,1,0.098,0,4,0
90944,20,13.5,1,0.027,0,2,0
90945,11,4.9,1,0.488,2,4,1
90946,23,9.1,4,0.148,1,2,1
90947,10,18.2,1,0.163,0,2,0
90948,22,7.9,4,0.38,0,3,0
90949,7,12.2,1,0.067,1,3,0
90950,11,7.1,3,0.55,0,3,1
90951,24,10.4,1,0.017,0,1,0
90952,24,16.8,3,0.687,0,1,1
90953,8,9.2,2,0.303,1,3,1
90954,8,5.2,1,0.031,1,1,0
90955,19,16.9,1,0.135,0,2,0
90956,21,2.9,1,0.75,1,1,1
90957,5,22.6,3,0.29,3,4,0
90958,8,7.1,2,0.021,0,1,0
90959,10,8.5,3,0.229,0,2,0
90960,10,12.6,2,0.086,1,1,1
90961,7,9.3,2,0.154,1,3,0
90962,16,8.5,2,0.254,1,4,1
90963,25,8.6,4,0.091,1,4,0
90964,6,15.7,2,0.211,1,2,1
90965,1,26.2,2,0.188,0,1,0
90966,10,11.4,1,0.089,1,3,0
90967,12,8.5,2,0.198,1,1,0
90968,56,6.0,2,0.31,1,3,0
90969,27,5.3,2,0.524,2,2,1
90970,12,6.2,1,0.038,0,3,0
90971,22,16.9,3,0.039,0,1,0
90972,2,10.7,1,0.313,1,3,0
90973,1,8.6,2,0.391,0,2,1
90974,29,3.8,4,0.336,0,3,1
90975,31,11.5,5,0.317,2,1,1
90976,13,5.7,2,0.603,1,3,0
90977,3,9.6,2,0.55,1,4,1
90978,8,20.2,3,0.262,1,2,1
90979,4,10.3,2,0.408,1,2,1
90980,42,14.2,1,0.102,0,1,0
90981,3,10.7,1,0.274,3,4,0
90982,12,15.6,2,0.304,1,2,0
90983,15,7.0,2,0.057,1,2,1
90984,61,5.8,4,0.054,1,3,0
90985,36,16.8,1,0.37,0,4,1
90986,1,8.2,1,0.221,0,2,0
90987,1,7.6,3,0.039,1,3,0
90988,8,16.3,2,0.234,1,3,0
90989,1,4.9,2,0.099,1,2,0
90990,11,11.9,2,0.171,3,2,1
90991,8,9.6,2,0.328,0,2,0
90992,4,5.1,1,0.284,1,3,0
90993,3,8.7,1,0.131,0,4,0
90994,11,6.0,3,0.371,0,1,1
90995,11,3.1,2,0.216,2,2,1
90996,52,3.1,3,0.086,0,2,0
90997,61,8.1,2,0.074,1,4,0
90998,5,5.3,5,0.04,0,1,0
90999,14,1.8,4,0.162,1,3,0
91000,36,11.7,1,0.324,0,4,0
91001,2,6.6,2,0.071,1,4,0
91002,50,15.5,2,0.054,0,3,0
91003,32,26.9,2,0.201,1,2,1
91004,1,6.2,1,0.315,0,4,0
91005,1,4.8,2,0.309,0,4,0
91006,22,3.7,1,0.417,1,1,1
91007,12,6.3,2,0.322,1,2,0
91008,3,6.2,1,0.155,2,1,0
91009,2,4.7,1,0.251,3,1,0
91010,17,5.9,4,0.235,1,3,0
91011,2,9.4,1,0.186,0,3,0
91012,9,19.8,1,0.091,0,1,0
91013,6,16.0,2,0.318,0,1,0
91014,8,5.4,3,0.181,1,4,1
91015,5,8.3,1,0.484,2,1,0
91016,5,3.7,3,0.094,1,2,0
91017,5,14.5,2,0.136,2,3,0
91018,29,5.1,2,0.093,1,3,0
91019,14,8.1,2,0.055,0,1,0
91020,27,2.4,1,0.207,0,2,0
91021,7,9.3,2,0.092,2,2,1
91022,10,6.2,2,0.074,1,4,0
91023,14,4.6,2,0.119,0,2,1
91024,4,15.4,1,0.125,1,3,1
91025,22,1.1,2,0.077,3,1,1
91026,1,8.7,3,0.348,0,2,0
91027,1,20.2,2,0.311,1,1,0
91028,25,3.8,5,0.155,0,3,1
91029,31,19.8,1,0.113,2,2,0
91030,26,8.6,1,0.255,0,3,0
91031,5,7.9,1,0.006,1,3,1
91032,1,7.8,3,0.134,0,2,1
91033,10,15.6,2,0.274,4,3,1
91034,51,16.4,2,0.024,1,3,0
91035,17,4.7,4,0.303,1,3,0
91036,2,13.9,1,0.019,0,2,0
91037,33,6.7,3,0.111,1,2,1
91038,34,12.9,3,0.309,1,1,0
91039,19,9.4,3,0.068,1,4,0
91040,1,5.6,3,0.666,0,2,1
91041,16,5.1,2,0.006,0,4,0
91042,3,6.6,2,0.369,2,2,0
91043,57,7.9,3,0.052,0,4,0
91044,3,3.7,3,0.419,1,1,0
91045,13,16.8,1,0.19,0,2,1
91046,7,9.9,5,0.186,0,4,0
91047,18,3.3,2,0.121,0,3,1
91048,20,13.1,4,0.184,1,2,0
91049,18,19.3,4,0.051,0,4,0
91050,15,15.1,2,0.302,0,3,0
91051,2,2.5,3,0.065,0,4,0
91052,19,22.3,1,0.055,1,4,1
91053,3,2.2,3,0.143,0,2,0
91054,4,7.1,1,0.206,2,4,0
91055,3,12.1,5,0.245,0,2,1
91056,6,15.7,1,0.218,0,3,1
91057,3,14.8,3,0.432,0,1,0
91058,1,3.4,1,0.295,1,2,0
91059,7,14.0,1,0.394,0,4,1
91060,9,12.3,3,0.042,0,2,0
91061,10,2.3,2,0.065,0,3,0
91062,25,13.4,4,0.235,0,2,1
91063,3,7.6,3,0.147,0,3,1
91064,4,5.1,3,0.21,1,3,1
91065,4,7.6,2,0.386,1,4,0
91066,13,8.4,2,0.017,0,3,0
91067,22,6.6,1,0.067,0,2,0
91068,24,6.5,1,0.266,1,4,0
91069,11,12.4,3,0.053,0,2,1
91070,3,1.7,3,0.063,0,3,0
91071,3,16.4,1,0.288,1,3,0
91072,3,8.7,2,0.217,0,2,1
91073,7,12.2,3,0.067,0,3,0
91074,4,4.7,3,0.365,3,4,1
91075,5,5.9,2,0.034,3,1,1
91076,1,6.8,3,0.172,1,2,1
91077,28,16.2,2,0.002,2,3,1
91078,5,8.3,4,0.288,1,3,1
91079,36,15.4,2,0.234,0,3,1
91080,3,4.2,1,0.173,1,4,0
91081,14,2.8,1,0.155,2,2,1
91082,3,7.7,1,0.003,1,2,0
91083,6,7.6,3,0.33,1,2,0
91084,16,6.7,1,0.337,0,4,0
91085,4,4.2,1,0.015,1,3,0
91086,14,2.9,2,0.564,0,3,0
91087,5,1.8,1,0.132,1,2,0
91088,8,12.5,2,0.518,1,2,0
91089,13,12.6,5,0.11,0,2,0
91090,17,9.9,3,0.06,0,3,0
91091,9,13.3,2,0.233,1,4,0
91092,3,7.7,2,0.347,1,4,0
91093,32,9.3,4,0.064,1,2,0
91094,5,10.9,2,0.013,0,3,0
91095,3,9.8,2,0.623,1,3,1
91096,25,12.0,2,0.039,1,2,0
91097,9,9.9,2,0.225,2,4,0
91098,5,6.6,2,0.049,1,2,0
91099,19,4.3,1,0.032,0,1,0
91100,23,13.1,4,0.068,0,1,1
91101,22,6.3,2,0.123,2,4,0
91102,20,14.7,4,0.52,0,3,1
91103,12,5.2,3,0.243,1,3,1
91104,2,5.7,2,0.409,1,3,0
91105,4,6.3,2,0.022,1,2,0
91106,8,10.9,5,0.176,0,3,0
91107,19,9.0,2,0.209,0,2,0
91108,6,9.6,2,0.298,1,2,0
91109,11,5.7,4,0.054,0,3,0
91110,2,4.4,4,0.494,0,3,0
91111,13,13.2,3,0.05,1,4,0
91112,19,12.1,2,0.193,0,3,0
91113,20,1.9,1,0.1,0,1,1
91114,15,4.6,3,0.158,0,1,0
91115,1,14.9,1,0.311,0,4,0
91116,1,8.5,3,0.254,0,3,1
91117,19,9.1,1,0.294,1,3,1
91118,23,5.8,1,0.489,0,3,1
91119,17,6.4,3,0.128,0,3,0
91120,9,2.0,3,0.097,2,3,1
91121,54,6.2,3,0.069,1,1,1
91122,6,4.6,1,0.212,2,1,0
91123,1,9.5,3,0.042,0,1,0
91124,7,5.2,3,0.297,0,2,0
91125,2,12.0,3,0.344,1,2,1
91126,30,1.8,2,0.393,1,1,0
91127,33,10.1,3,0.034,0,4,0
91128,14,4.2,1,0.028,1,2,0
91129,2,5.0,4,0.103,0,2,0
91130,4,6.3,2,0.009,0,2,1
91131,1,18.3,2,0.349,0,1,1
91132,17,8.6,1,0.157,1,1,0
91133,7,7.3,1,0.212,1,1,0
91134,7,4.9,3,0.071,0,3,0
91135,18,11.0,1,0.055,1,3,0
91136,6,4.8,4,0.147,0,3,0
91137,17,4.0,2,0.089,2,2,0
91138,3,3.8,2,0.233,0,2,0
91139,17,9.4,4,0.026,0,1,0
91140,3,10.4,2,0.007,0,1,0
91141,16,5.5,1,0.255,0,1,1
91142,4,7.2,2,0.09,1,3,1
91143,3,4.7,3,0.045,1,2,0
91144,1,9.6,2,0.174,4,1,1
91145,19,4.2,2,0.154,2,1,0
91146,3,19.4,1,0.206,0,2,1
91147,1,11.1,1,0.114,0,2,0
91148,7,4.7,1,0.278,0,4,0
91149,13,8.5,1,0.25,3,4,0
91150,1,9.4,1,0.377,1,2,1
91151,3,21.0,1,0.212,0,4,0
91152,4,13.8,4,0.147,1,1,0
91153,12,5.3,2,0.162,1,2,0
91154,13,31.4,3,0.368,1,1,0
91155,7,3.6,2,0.151,1,1,0
91156,42,2.9,1,0.258,2,2,0
91157,1,8.5,1,0.018,0,3,0
91158,29,7.3,4,0.369,0,2,1
91159,31,9.7,2,0.696,1,2,1
91160,14,5.9,4,0.139,0,3,1
91161,7,4.0,1,0.155,3,3,1
91162,36,8.2,2,0.515,2,4,1
91163,1,28.3,4,0.092,1,2,0
91164,5,10.8,1,0.094,0,4,1
91165,11,6.3,2,0.177,2,3,1
91166,4,8.6,3,0.186,1,1,0
91167,7,17.2,3,0.145,0,3,0
91168,30,9.0,2,0.315,0,3,0
91169,3,3.0,1,0.256,0,3,0
91170,1,0.6,1,0.103,0,2,0
91171,42,16.5,2,0.203,0,4,0
91172,15,12.6,1,0.037,1,3,0
91173,2,7.3,5,0.156,0,2,1
91174,2,8.5,1,0.2,0,4,0
91175,10,1.8,1,0.31,0,2,0
91176,3,13.5,1,0.388,0,2,1
91177,7,4.0,2,0.036,0,2,0
91178,2,8.8,5,0.381,0,1,0
91179,26,4.4,3,0.159,1,4,0
91180,2,8.0,3,0.098,0,4,0
91181,15,25.0,2,0.265,1,3,0
91182,11,19.8,2,0.622,0,3,0
91183,1,3.0,1,0.355,1,2,0
91184,9,5.6,2,0.209,1,2,0
91185,8,12.2,3,0.091,0,4,1
91186,16,9.8,1,0.37,2,2,1
91187,5,12.7,2,0.026,1,2,1
91188,22,17.8,2,0.133,0,4,1
91189,10,12.5,1,0.059,1,3,1
91190,3,5.9,2,0.211,2,4,0
91191,3,3.0,3,0.069,2,2,1
91192,56,6.7,2,0.152,0,3,0
91193,29,8.9,3,0.156,1,2,1
91194,2,16.1,2,0.468,1,3,0
91195,8,3.2,2,0.068,1,1,0
91196,19,12.2,2,0.333,0,3,1
91197,72,14.7,3,0.026,3,2,0
91198,12,18.2,3,0.059,1,2,0
91199,27,17.3,3,0.166,1,3,0
91200,12,5.9,1,0.127,0,4,1
91201,11,8.9,1,0.383,1,2,0
91202,1,10.5,2,0.126,0,3,0
91203,2,6.7,1,0.313,1,3,0
91204,10,2.8,2,0.21,0,1,0
91205,2,5.4,1,0.362,0,1,0
91206,6,7.4,2,0.19,1,4,0
91207,6,7.0,1,0.227,2,3,0
91208,6,3.0,2,0.245,0,2,0
91209,15,15.3,1,0.113,1,2,0
91210,16,9.9,2,0.044,1,1,0
91211,6,4.3,5,0.104,2,4,0
91212,25,5.4,4,0.014,3,3,0
91213,4,25.6,1,0.149,0,1,0
91214,10,14.5,2,0.226,0,2,1
91215,44,5.1,2,0.207,2,3,1
91216,6,1.1,1,0.244,0,3,0
91217,5,8.8,3,0.333,1,2,0
91218,3,3.1,2,0.029,0,2,1
91219,16,8.2,2,0.626,0,1,1
91220,24,4.2,2,0.253,1,1,0
91221,16,18.5,3,0.052,4,2,1
91222,10,5.3,2,0.153,1,3,0
91223,29,13.2,2,0.454,0,2,0
91224,23,6.4,4,0.115,0,3,0
91225,14,3.9,2,0.576,1,3,0
91226,3,4.2,2,0.481,0,4,0
91227,8,9.2,2,0.525,1,3,1
91228,27,10.7,3,0.262,0,2,0
91229,15,17.4,2,0.373,0,4,0
91230,22,17.3,3,0.298,0,2,0
91231,4,14.4,1,0.248,3,3,1
91232,18,4.3,2,0.032,1,1,0
91233,15,8.6,4,0.048,3,3,0
91234,2,8.5,2,0.079,0,1,0
91235,1,4.6,2,0.015,2,4,0
91236,1,3.3,1,0.092,0,1,0
91237,8,9.0,2,0.456,0,2,0
91238,19,3.3,1,0.452,0,4,0
91239,2,9.0,2,0.217,1,1,0
91240,2,6.2,1,0.085,0,1,0
91241,5,13.2,5,0.119,3,2,1
91242,64,13.4,3,0.17,1,3,0
91243,19,8.8,1,0.121,2,3,0
91244,4,8.0,3,0.269,0,4,0
91245,1,13.4,2,0.088,1,3,0
91246,35,18.8,1,0.31,1,1,1
91247,21,13.1,2,0.163,1,2,0
91248,5,11.5,4,0.472,0,4,1
91249,11,17.3,2,0.138,3,2,0
91250,5,3.2,4,0.133,0,4,0
91251,24,1.9,1,0.2,0,3,1
91252,21,6.5,1,0.087,0,2,0
91253,9,16.9,3,0.448,0,2,0
91254,17,17.5,1,0.171,1,1,1
91255,10,7.8,2,0.154,1,3,0
91256,21,15.6,1,0.276,3,3,1
91257,7,24.7,3,0.045,0,1,0
91258,6,6.4,1,0.233,0,1,0
91259,15,9.5,2,0.195,0,3,0
91260,18,14.1,1,0.19,0,2,0
91261,3,11.8,2,0.118,0,4,0
91262,13,11.8,1,0.074,2,1,0
91263,6,17.4,3,0.289,0,3,0
91264,38,15.3,2,0.13,1,4,0
91265,23,4.1,5,0.011,0,2,1
91266,4,9.5,1,0.222,2,3,1
91267,29,12.3,1,0.032,0,2,0
91268,11,3.5,3,0.102,1,4,0
91269,10,9.9,1,0.39,1,3,0
91270,1,9.3,3,0.298,2,4,0
91271,19,14.5,2,0.481,2,4,0
91272,9,4.3,2,0.025,0,1,0
91273,1,8.7,2,0.015,1,3,0
91274,15,16.6,1,0.109,0,3,0
91275,3,10.5,2,0.273,1,4,0
91276,11,11.0,2,0.017,1,4,0
91277,12,6.0,1,0.045,1,2,0
91278,12,3.0,2,0.486,2,2,0
91279,5,5.9,1,0.01,1,2,0
91280,18,14.0,2,0.034,0,3,0
91281,9,3.2,4,0.127,0,3,0
91282,6,5.8,1,0.309,0,2,0
91283,14,7.3,2,0.253,0,2,1
91284,19,13.0,3,0.102,1,1,0
91285,2,3.8,2,0.035,0,2,0
91286,13,7.1,5,0.118,0,4,0
91287,8,7.7,2,0.314,0,2,0
91288,19,8.9,2,0.128,0,2,0
91289,8,3.1,1,0.198,2,2,1
91290,11,16.2,2,0.134,0,4,0
91291,20,5.4,2,0.051,0,1,0
91292,7,6.1,1,0.589,0,2,1
91293,4,5.6,3,0.297,0,2,0
91294,10,6.6,2,0.018,1,2,0
91295,15,13.2,1,0.125,0,1,0
91296,14,1.5,2,0.169,1,2,0
91297,1,1.6,1,0.036,0,2,0
91298,15,10.3,2,0.225,0,3,0
91299,9,13.1,3,0.1,1,3,0
91300,4,8.3,1,0.097,0,3,0
91301,10,13.2,4,0.237,1,4,0
91302,5,12.9,3,0.539,2,2,1
91303,72,4.2,2,0.045,1,3,0
91304,6,6.2,2,0.417,1,3,0
91305,2,10.3,1,0.083,0,3,0
91306,44,2.7,4,0.125,0,2,1
91307,5,4.2,2,0.495,1,4,0
91308,43,7.0,3,0.16,1,2,0
91309,1,10.2,2,0.273,1,4,1
91310,1,3.5,2,0.352,1,4,0
91311,18,9.5,4,0.017,1,4,0
91312,25,3.8,1,0.073,1,1,0
91313,2,9.0,2,0.163,1,4,0
91314,1,6.1,3,0.365,2,4,1
91315,3,6.2,1,0.128,0,2,0
91316,3,2.9,4,0.228,0,3,0
91317,5,13.1,2,0.122,0,4,0
91318,2,15.4,2,0.149,1,3,0
91319,72,17.0,1,0.127,0,2,0
91320,8,2.8,2,0.03,1,2,0
91321,51,19.7,1,0.242,2,4,0
91322,17,7.0,3,0.126,0,2,0
91323,16,11.0,1,0.016,0,1,0
91324,11,4.9,1,0.463,1,2,1
91325,9,15.5,3,0.286,0,4,0
91326,28,2.8,1,0.234,0,2,0
91327,40,10.1,2,0.109,3,2,1
91328,20,9.9,1,0.07,0,2,0
91329,1,8.6,3,0.4,0,4,1
91330,11,8.2,2,0.265,2,1,1
91331,34,4.4,1,0.47,0,2,0
91332,11,9.7,2,0.182,1,2,1
91333,43,7.7,3,0.074,4,1,0
91334,20,17.8,1,0.045,1,1,0
91335,12,14.9,2,0.131,0,2,0
91336,6,8.3,2,0.08,1,2,0
91337,7,5.6,3,0.443,0,1,0
91338,11,2.3,2,0.138,0,1,1
91339,26,9.9,2,0.254,1,4,0
91340,25,22.2,2,0.043,1,1,1
91341,8,8.2,3,0.314,0,4,0
91342,7,7.6,1,0.242,2,2,0
91343,1,8.8,2,0.459,0,3,0
91344,7,7.5,2,0.131,0,3,0
91345,4,6.4,1,0.28,1,4,0
91346,24,13.4,1,0.251,1,3,0
91347,20,12.1,2,0.276,2,4,0
91348,26,15.1,1,0.289,0,4,0
91349,15,9.0,1,0.01,3,4,0
91350,2,14.8,1,0.18,0,2,0
91351,6,7.8,1,0.239,1,2,1
91352,6,10.6,2,0.371,1,4,0
91353,2,3.2,3,0.03,1,4,0
91354,17,13.9,1,0.128,0,4,0
91355,1,7.4,3,0.329,1,3,0
91356,32,1.5,2,0.24,1,4,0
91357,8,13.2,5,0.276,1,3,1
91358,45,17.8,3,0.39,0,2,0
91359,12,4.3,2,0.434,0,2,1
91360,20,9.8,1,0.115,1,1,0
91361,4,20.5,3,0.062,0,3,0
91362,1,17.3,2,0.066,0,2,0
91363,4,7.1,4,0.241,0,2,0
91364,13,15.1,1,0.589,1,4,1
91365,26,18.0,2,0.143,1,3,1
91366,9,10.4,2,0.167,0,3,0
91367,21,9.8,2,0.298,0,3,0
91368,5,9.1,1,0.053,0,2,0
91369,7,13.1,4,0.208,0,3,0
91370,15,3.5,2,0.595,0,1,1
91371,8,8.5,3,0.034,0,1,0
91372,11,5.0,4,0.313,0,3,0
91373,3,9.3,2,0.003,1,2,0
91374,2,15.6,2,0.149,2,1,1
91375,9,6.3,4,0.261,1,3,0
91376,1,13.2,4,0.081,0,3,1
91377,21,11.7,2,0.142,0,2,1
91378,19,6.0,1,0.101,0,3,1
91379,8,6.4,1,0.201,1,1,0
91380,5,9.5,2,0.176,1,2,1
91381,16,3.7,2,0.241,1,1,0
91382,11,11.9,1,0.073,0,4,0
91383,39,10.7,1,0.301,2,3,1
91384,10,10.2,2,0.329,1,3,1
91385,13,6.7,4,0.368,0,4,0
91386,1,2.5,2,0.106,1,4,0
91387,5,14.0,5,0.337,0,3,0
91388,13,9.9,2,0.138,0,3,1
91389,17,1.0,1,0.211,1,1,1
91390,5,12.0,2,0.141,1,3,0
91391,2,10.5,1,0.038,0,3,1
91392,8,5.8,2,0.306,1,3,0
91393,15,3.8,1,0.313,1,1,0
91394,52,17.8,5,0.138,0,3,0
91395,7,11.7,2,0.169,3,3,1
91396,13,7.4,5,0.269,1,2,1
91397,4,0.8,3,0.103,1,4,0
91398,16,8.6,3,0.052,0,3,0
91399,7,3.7,4,0.03,0,3,1
91400,4,7.2,2,0.576,0,3,1
91401,12,22.3,2,0.075,0,1,0
91402,5,8.3,1,0.229,0,3,0
91403,9,5.4,2,0.072,1,2,1
91404,18,2.2,5,0.551,0,2,0
91405,2,3.5,3,0.137,0,3,0
91406,29,14.5,3,0.209,1,3,0
91407,11,3.7,1,0.385,0,4,1
91408,35,11.6,2,0.041,0,2,1
91409,6,19.9,3,0.225,0,3,0
91410,27,7.0,1,0.132,2,1,0
91411,1,12.0,3,0.174,0,2,0
91412,8,7.8,1,0.238,0,4,1
91413,2,4.7,3,0.053,1,1,0
91414,11,11.1,4,0.304,0,2,1
91415,16,5.5,1,0.28,1,3,0
91416,29,3.8,4,0.08,0,1,0
91417,13,10.8,4,0.154,0,1,0
91418,18,8.2,1,0.066,1,3,0
91419,7,4.2,1,0.084,1,2,0
91420,11,6.8,1,0.222,1,4,0
91421,17,5.7,1,0.19,1,3,0
91422,11,4.6,2,0.422,1,2,0
91423,17,10.8,3,0.411,0,1,0
91424,37,8.8,2,0.295,0,3,0
91425,20,4.8,1,0.475,1,4,0
91426,2,7.4,3,0.188,1,2,0
91427,20,17.5,2,0.094,1,3,0
91428,10,4.1,2,0.201,1,4,0
91429,15,7.2,2,0.205,1,3,0
91430,3,6.5,1,0.484,0,2,1
91431,18,4.0,2,0.247,0,2,0
91432,9,18.7,1,0.076,1,3,0
91433,9,5.8,3,0.108,0,1,0
91434,51,9.4,2,0.235,0,3,0
91435,3,3.9,1,0.141,2,2,0
91436,12,15.1,2,0.249,0,3,0
91437,12,5.2,1,0.386,1,4,1
91438,20,9.7,3,0.16,2,3,0
91439,14,8.3,1,0.058,1,2,1
91440,3,27.0,2,0.179,0,1,1
91441,23,11.8,1,0.22,1,2,1
91442,13,3.6,1,0.513,1,3,0
91443,72,5.1,2,0.025,0,1,0
91444,17,15.8,2,0.554,1,4,0
91445,37,2.2,2,0.056,0,4,0
91446,23,2.5,2,0.095,0,1,0
91447,3,19.1,4,0.065,2,1,1
91448,1,8.6,4,0.188,0,3,0
91449,4,8.5,3,0.155,0,1,0
91450,7,7.5,1,0.411,0,1,1
91451,25,4.9,1,0.413,0,3,1
91452,36,20.7,1,0.191,1,1,0
91453,9,10.0,3,0.127,0,3,0
91454,1,2.3,3,0.197,1,2,0
91455,3,4.6,3,0.26,0,2,0
91456,4,6.7,3,0.363,1,1,0
91457,11,6.2,1,0.259,1,1,1
91458,1,7.2,1,0.021,0,4,0
91459,3,4.3,2,0.076,0,3,0
91460,5,4.4,1,0.104,0,2,0
91461,55,1.5,4,0.215,2,3,0
91462,1,11.2,3,0.015,2,3,0
91463,72,10.1,3,0.211,0,2,0
91464,22,8.5,1,0.155,2,3,0
91465,16,21.4,4,0.042,2,3,0
91466,1,5.8,3,0.289,2,1,0
91467,20,3.5,2,0.331,2,1,0
91468,5,7.9,4,0.256,0,3,0
91469,20,7.8,3,0.316,0,4,0
91470,12,16.6,2,0.051,1,3,0
91471,12,7.5,1,0.26,1,4,0
91472,1,6.6,1,0.201,0,3,0
91473,9,6.2,2,0.104,0,3,0
91474,15,14.6,1,0.283,0,1,0
91475,5,7.9,1,0.324,2,1,0
91476,4,5.9,2,0.165,0,1,0
91477,16,4.2,1,0.091,0,2,0
91478,6,7.7,4,0.08,0,3,0
91479,7,16.4,2,0.31,2,2,1
91480,4,11.5,3,0.187,1,4,0
91481,33,3.1,2,0.121,1,3,0
91482,30,8.6,2,0.19,0,3,0
91483,11,4.8,3,0.222,1,1,0
91484,17,15.6,3,0.054,0,2,0
91485,1,6.0,1,0.123,0,4,0
91486,29,4.0,3,0.122,1,4,0
91487,2,9.3,2,0.119,0,1,0
91488,42,1.4,3,0.122,0,3,0
91489,1,7.6,3,0.103,2,2,0
91490,6,9.2,3,0.091,0,4,0
91491,7,7.1,2,0.245,0,4,0
91492,3,7.3,2,0.137,1,1,0
91493,21,11.1,4,0.534,0,1,0
91494,12,13.3,3,0.348,0,1,0
91495,9,3.8,5,0.061,2,2,0
91496,26,10.5,5,0.167,0,2,1
91497,25,6.2,1,0.139,0,3,0
91498,6,4.5,2,0.192,3,2,1
91499,11,18.5,1,0.095,0,1,0
91500,2,6.1,1,0.414,0,1,0
91501,21,1.2,2,0.028,1,2,0
91502,2,8.0,4,0.102,1,1,1
91503,5,8.8,1,0.077,0,2,1
91504,1,3.7,2,0.33,1,2,0
91505,3,3.3,2,0.208,2,3,1
91506,31,8.5,1,0.039,1,2,0
91507,50,4.5,1,0.012,0,2,0
91508,20,7.5,3,0.121,1,1,0
91509,18,18.8,3,0.154,2,4,1
91510,27,9.9,1,0.201,0,3,1
91511,27,5.7,1,0.034,1,1,1
91512,12,13.6,2,0.04,1,3,0
91513,9,3.1,3,0.321,0,4,1
91514,15,5.7,2,0.138,0,2,0
91515,4,9.2,2,0.079,4,3,1
91516,9,10.9,3,0.377,2,3,1
91517,18,8.8,4,0.026,0,4,0
91518,2,5.8,1,0.058,0,3,1
91519,12,3.5,1,0.157,0,2,0
91520,2,7.3,1,0.152,1,1,1
91521,6,12.4,4,0.342,1,3,0
91522,32,14.5,1,0.107,0,4,0
91523,3,17.7,2,0.033,1,2,0
91524,14,6.3,3,0.038,2,2,0
91525,23,3.3,4,0.44,2,2,0
91526,36,9.2,2,0.092,2,3,0
91527,10,4.8,3,0.242,0,4,0
91528,13,7.3,2,0.208,1,3,0
91529,6,10.1,4,0.114,1,2,0
91530,8,11.2,3,0.124,1,2,0
91531,4,16.4,1,0.085,0,2,0
91532,28,7.3,1,0.09,1,4,1
91533,4,14.4,1,0.155,0,3,0
91534,15,4.2,1,0.435,1,4,0
91535,1,4.0,4,0.153,0,2,0
91536,20,21.5,1,0.013,1,2,0
91537,18,6.6,3,0.04,2,2,1
91538,1,4.6,3,0.187,0,2,0
91539,1,5.4,1,0.014,0,3,0
91540,1,10.0,1,0.144,0,4,0
91541,29,5.4,2,0.196,0,4,0
91542,5,9.6,2,0.034,2,3,0
91543,35,2.8,1,0.157,0,2,0
91544,15,9.6,2,0.272,0,4,0
91545,4,4.5,1,0.164,1,1,1
91546,15,5.9,4,0.285,3,1,1
91547,2,8.9,1,0.057,0,2,0
91548,5,11.4,3,0.019,0,1,0
91549,4,4.8,3,0.032,1,2,0
91550,14,18.7,4,0.231,0,2,0
91551,6,12.0,4,0.238,1,2,1
91552,10,16.4,2,0.294,0,2,0
91553,37,5.4,2,0.556,0,4,0
91554,9,6.1,4,0.035,1,1,0
91555,12,2.7,3,0.104,0,3,0
91556,4,7.0,2,0.187,0,2,0
91557,2,8.2,2,0.348,1,2,0
91558,17,8.8,5,0.03,0,3,0
91559,11,4.8,1,0.069,0,1,0
91560,1,1.8,4,0.081,1,2,1
91561,23,8.0,2,0.191,0,2,0
91562,27,4.0,2,0.16,0,2,0
91563,8,19.1,1,0.373,0,3,1
91564,13,1.2,2,0.362,1,4,0
91565,21,5.6,2,0.256,2,3,0
91566,13,1.0,4,0.136,2,3,0
91567,31,15.1,2,0.172,4,1,1
91568,2,2.7,2,0.044,1,1,0
91569,35,6.3,2,0.084,1,4,1
91570,53,11.1,1,0.161,0,3,0
91571,22,12.6,4,0.052,1,4,0
91572,10,6.4,4,0.173,1,2,1
91573,2,4.3,3,0.105,1,2,0
91574,1,4.8,3,0.077,0,2,0
91575,3,8.8,2,0.185,4,2,1
91576,1,5.8,2,0.141,1,2,0
91577,7,6.4,2,0.208,1,1,0
91578,9,3.4,1,0.168,1,3,0
91579,11,2.2,2,0.089,1,3,1
91580,31,15.7,3,0.296,2,1,0
91581,35,14.4,2,0.147,2,2,1
91582,8,2.1,2,0.147,0,2,0
91583,72,7.1,1,0.186,0,3,0
91584,20,8.0,1,0.103,2,4,0
91585,23,7.8,3,0.071,2,2,1
91586,16,5.6,2,0.215,1,1,0
91587,15,2.9,1,0.104,0,3,0
91588,42,2.5,3,0.098,0,1,0
91589,1,8.3,1,0.401,2,2,1
91590,14,8.7,2,0.084,1,3,0
91591,1,9.8,3,0.21,0,3,0
91592,27,9.6,1,0.24,0,1,1
91593,37,6.9,1,0.088,1,1,0
91594,72,20.6,1,0.114,0,4,0
91595,47,12.5,2,0.337,2,1,1
91596,4,10.5,3,0.305,2,3,0
91597,9,16.1,2,0.32,1,1,0
91598,6,7.0,3,0.109,2,2,0
91599,18,8.9,5,0.177,1,1,0
91600,6,8.9,1,0.466,0,3,1
91601,17,7.2,3,0.239,1,1,0
91602,25,3.0,2,0.053,1,2,0
91603,21,11.2,3,0.31,0,3,1
91604,12,4.6,2,0.044,2,4,0
91605,39,8.9,3,0.215,0,2,0
91606,12,14.4,2,0.228,0,4,0
91607,12,2.3,2,0.145,0,4,1
91608,6,4.9,1,0.14,2,2,0
91609,1,12.3,1,0.341,0,4,0
91610,45,9.7,1,0.219,1,4,0
91611,6,2.8,1,0.295,0,4,0
91612,6,2.0,1,0.057,0,3,0
91613,1,7.9,3,0.097,1,1,0
91614,9,5.8,2,0.035,1,4,0
91615,9,9.5,1,0.205,1,2,0
91616,27,9.0,3,0.263,1,1,1
91617,6,14.2,2,0.234,0,4,0
91618,25,11.3,4,0.119,0,1,0
91619,14,13.9,3,0.34,3,3,0
91620,20,8.3,2,0.123,0,3,0
91621,5,8.7,3,0.051,1,3,1
91622,3,8.3,2,0.064,0,1,0
91623,1,3.6,3,0.313,0,1,1
91624,11,4.0,1,0.457,1,3,0
91625,2,10.2,3,0.094,0,4,0
91626,1,16.0,2,0.378,0,3,0
91627,21,7.9,2,0.2,2,1,0
91628,34,9.2,2,0.478,2,2,1
91629,58,6.1,5,0.04,2,3,1
91630,18,4.9,2,0.079,3,3,1
91631,28,0.7,1,0.049,1,4,0
91632,16,8.9,3,0.192,2,1,0
91633,29,10.3,2,0.057,3,3,1
91634,6,2.7,1,0.084,0,3,0
91635,3,2.3,1,0.199,0,1,1
91636,8,9.2,2,0.0,2,2,0
91637,3,13.6,5,0.244,1,3,0
91638,2,16.7,2,0.174,2,2,0
91639,3,7.0,2,0.264,0,1,0
91640,17,9.2,3,0.36,1,3,1
91641,7,4.6,3,0.141,3,2,0
91642,10,13.6,3,0.383,3,3,0
91643,16,11.7,2,0.137,0,4,0
91644,42,10.7,3,0.205,1,4,1
91645,58,10.8,3,0.175,1,3,0
91646,3,7.0,2,0.258,1,4,0
91647,28,15.0,3,0.158,3,3,0
91648,1,4.2,5,0.027,4,1,1
91649,3,4.8,3,0.035,3,4,0
91650,6,4.4,2,0.778,1,1,1
91651,4,7.6,1,0.54,0,2,0
91652,2,7.8,3,0.117,0,1,0
91653,4,7.0,3,0.214,1,2,1
91654,10,2.4,2,0.22,3,2,1
91655,12,3.4,2,0.12,1,2,0
91656,35,9.7,1,0.074,2,2,0
91657,22,15.2,2,0.063,0,3,0
91658,8,6.9,2,0.093,1,1,0
91659,5,10.0,1,0.33,2,4,0
91660,4,11.1,2,0.41,1,1,0
91661,35,8.2,3,0.226,0,2,0
91662,3,4.1,2,0.086,1,2,1
91663,11,10.1,4,0.614,2,1,1
91664,6,5.4,3,0.103,1,4,1
91665,8,7.5,4,0.026,1,3,1
91666,14,2.6,1,0.471,0,4,0
91667,14,12.1,1,0.004,0,2,1
91668,6,12.0,2,0.237,1,3,0
91669,7,8.1,5,0.021,0,2,0
91670,14,6.7,2,0.003,0,2,0
91671,5,11.1,2,0.023,2,1,0
91672,36,17.1,3,0.045,0,1,0
91673,6,5.4,2,0.091,1,3,0
91674,14,3.3,1,0.107,0,1,1
91675,28,18.5,2,0.206,0,1,0
91676,17,6.1,3,0.14,0,3,0
91677,10,3.0,2,0.079,0,1,0
91678,1,10.5,1,0.038,1,2,1
91679,4,21.5,1,0.354,0,4,0
91680,10,7.7,2,0.279,0,4,0
91681,2,4.9,4,0.012,0,4,0
91682,16,5.8,1,0.239,2,1,0
91683,2,3.9,4,0.198,1,4,1
91684,6,12.2,2,0.192,1,1,1
91685,2,5.7,4,0.249,2,2,0
91686,24,7.2,3,0.384,0,3,1
91687,14,4.0,2,0.071,1,1,0
91688,47,10.0,1,0.184,1,1,1
91689,17,24.8,4,0.193,0,1,0
91690,16,5.7,2,0.117,1,2,1
91691,10,3.7,3,0.058,0,2,0
91692,20,12.0,2,0.344,0,4,1
91693,12,11.5,1,0.234,1,3,0
91694,10,4.9,1,0.197,1,4,0
91695,9,7.7,2,0.192,1,2,1
91696,18,18.6,1,0.401,1,4,0
91697,20,7.9,2,0.124,0,3,1
91698,5,6.9,2,0.151,0,2,0
91699,2,6.6,1,0.334,0,4,0
91700,19,0.9,2,0.016,0,4,0
91701,46,2.7,3,0.118,0,4,0
91702,38,5.0,5,0.146,0,2,1
91703,17,3.4,3,0.323,1,2,0
91704,1,5.6,1,0.185,1,3,0
91705,5,13.7,2,0.119,2,4,0
91706,26,14.5,5,0.069,0,4,0
91707,36,19.3,3,0.265,3,3,1
91708,23,3.3,1,0.198,0,2,0
91709,16,17.6,2,0.111,0,2,0
91710,1,6.3,1,0.124,0,1,0
91711,2,9.1,1,0.078,1,3,0
91712,2,5.4,3,0.037,1,4,0
91713,16,7.1,1,0.011,0,2,1
91714,6,8.0,1,0.073,1,2,0
91715,19,5.4,2,0.012,1,3,0
91716,42,4.8,3,0.075,0,1,0
91717,20,2.7,1,0.183,2,2,0
91718,33,8.3,3,0.28,3,3,1
91719,29,19.3,4,0.336,1,3,1
91720,8,11.4,3,0.109,1,1,0
91721,14,5.9,3,0.076,2,4,0
91722,7,5.8,2,0.083,0,1,0
91723,1,7.2,1,0.009,0,1,0
91724,25,15.5,2,0.258,1,3,0
91725,11,34.4,3,0.082,1,2,1
91726,5,14.5,2,0.24,1,1,1
91727,5,10.2,3,0.399,0,4,1
91728,2,3.0,5,0.008,0,4,0
91729,4,1.7,2,0.316,0,2,0
91730,10,5.3,3,0.094,1,1,0
91731,1,15.5,4,0.065,0,4,0
91732,1,5.6,2,0.44,3,3,1
91733,1,11.5,2,0.091,2,3,1
91734,1,5.4,3,0.02,1,3,0
91735,10,3.7,2,0.015,1,3,0
91736,1,14.2,3,0.067,3,2,1
91737,17,12.8,2,0.089,0,3,1
91738,2,9.1,3,0.138,1,4,0
91739,5,7.5,2,0.051,0,1,1
91740,38,1.9,2,0.007,1,3,0
91741,1,9.0,4,0.19,2,2,1
91742,13,2.9,4,0.459,2,2,1
91743,12,25.7,4,0.063,0,2,1
91744,29,10.3,1,0.404,3,4,1
91745,54,21.4,2,0.035,0,2,0
91746,5,12.5,1,0.029,0,1,0
91747,7,7.0,2,0.293,1,4,0
91748,2,12.0,2,0.001,0,3,1
91749,4,10.1,1,0.199,1,3,0
91750,1,2.4,1,0.122,1,1,0
91751,24,7.1,1,0.089,0,3,0
91752,3,6.4,2,0.247,0,2,0
91753,5,6.5,1,0.075,0,2,0
91754,17,4.1,2,0.391,1,1,1
91755,22,15.9,2,0.096,2,2,0
91756,1,12.7,1,0.123,1,2,0
91757,43,11.1,2,0.619,1,2,1
91758,4,6.9,2,0.142,1,2,0
91759,12,2.0,1,0.127,0,4,0
91760,2,4.7,2,0.13,0,1,0
91761,11,10.1,2,0.143,0,1,0
91762,1,20.8,3,0.168,1,4,0
91763,2,2.9,1,0.275,2,2,1
91764,2,12.9,4,0.078,3,3,1
91765,16,13.3,5,0.346,0,2,1
91766,3,2.7,1,0.079,1,4,0
91767,3,7.3,4,0.042,1,2,0
91768,9,4.1,1,0.192,0,2,0
91769,7,9.2,3,0.063,1,3,0
91770,14,11.0,1,0.253,0,2,1
91771,9,9.5,4,0.271,0,4,1
91772,24,3.1,2,0.011,0,1,0
91773,19,7.5,1,0.129,3,4,0
91774,3,10.4,2,0.672,3,3,1
91775,20,7.1,1,0.412,1,4,0
91776,4,3.2,1,0.092,0,1,1
91777,2,18.1,3,0.055,0,3,0
91778,7,8.1,1,0.096,0,1,0
91779,1,2.9,4,0.097,3,3,1
91780,10,20.6,1,0.01,1,3,0
91781,5,4.2,4,0.292,0,1,0
91782,25,10.7,4,0.441,3,3,1
91783,8,11.4,3,0.481,1,2,1
91784,42,21.3,2,0.13,2,4,0
91785,11,8.4,2,0.037,1,1,0
91786,25,3.4,1,0.271,2,1,1
91787,2,8.8,1,0.076,0,4,1
91788,16,4.3,2,0.126,0,4,0
91789,7,12.7,2,0.194,1,3,0
91790,1,10.5,5,0.36,0,3,1
91791,41,6.7,5,0.074,0,2,0
91792,12,15.0,2,0.108,1,2,0
91793,18,5.1,2,0.106,0,3,0
91794,42,10.0,2,0.132,1,3,0
91795,18,6.2,1,0.027,1,2,0
91796,1,5.8,2,0.072,1,3,0
91797,15,6.0,3,0.07,2,3,0
91798,11,4.8,1,0.039,1,2,0
91799,20,5.2,2,0.268,1,2,1
91800,53,2.5,1,0.053,2,3,0
91801,3,8.3,1,0.107,1,4,0
91802,10,4.7,4,0.209,0,2,1
91803,5,7.3,4,0.156,1,3,0
91804,5,8.6,2,0.277,2,4,0
91805,8,4.5,4,0.013,0,3,1
91806,14,9.9,1,0.298,0,2,1
91807,5,5.4,2,0.493,0,3,0
91808,19,14.7,2,0.186,0,2,0
91809,8,2.0,2,0.006,1,1,0
91810,14,2.6,2,0.098,0,4,1
91811,17,9.8,2,0.131,1,1,0
91812,5,10.4,1,0.248,1,3,0
91813,6,7.7,1,0.187,1,1,0
91814,5,23.6,2,0.009,0,4,0
91815,43,9.3,3,0.301,0,1,0
91816,31,7.3,3,0.177,0,3,0
91817,10,4.6,1,0.061,1,2,0
91818,5,17.3,4,0.131,2,4,1
91819,4,5.5,2,0.173,0,3,0
91820,20,2.8,4,0.051,0,1,1
91821,10,8.6,1,0.081,1,2,1
91822,18,12.2,1,0.109,1,2,1
91823,25,11.6,2,0.094,1,2,0
91824,11,7.4,1,0.021,0,3,1
91825,18,9.4,2,0.513,1,1,1
91826,9,5.4,5,0.363,0,4,1
91827,1,5.1,2,0.153,0,2,0
91828,2,3.1,2,0.266,1,3,1
91829,60,4.5,2,0.166,0,1,1
91830,36,3.1,4,0.04,1,1,0
91831,14,14.3,1,0.429,0,1,1
91832,8,14.4,2,0.266,3,3,1
91833,1,18.0,4,0.246,2,1,1
91834,3,5.1,2,0.05,0,2,0
91835,7,2.4,3,0.475,1,3,1
91836,9,8.2,3,0.058,0,4,0
91837,23,10.8,3,0.164,0,1,1
91838,4,16.7,2,0.416,0,2,0
91839,8,12.3,3,0.3,0,4,0
91840,26,9.8,3,0.254,1,3,0
91841,14,37.5,1,0.414,1,4,1
91842,17,14.1,1,0.313,0,1,0
91843,14,5.6,3,0.008,1,3,0
91844,1,2.6,3,0.185,2,1,0
91845,1,7.6,2,0.062,0,3,0
91846,10,1.3,2,0.033,0,2,0
91847,1,5.8,3,0.251,2,2,1
91848,7,8.1,2,0.048,0,2,0
91849,10,4.1,3,0.365,0,3,0
91850,19,17.6,4,0.046,0,2,0
91851,20,12.1,2,0.396,0,2,1
91852,8,9.0,3,0.211,1,1,1
91853,9,10.2,4,0.18,1,4,0
91854,15,7.9,1,0.039,0,2,0
91855,9,8.7,1,0.063,3,4,0
91856,6,9.8,3,0.081,2,2,1
91857,23,11.5,2,0.389,0,4,0
91858,24,7.5,2,0.155,0,3,0
91859,9,10.8,1,0.155,0,1,0
91860,1,2.5,1,0.084,1,4,0
91861,27,5.9,1,0.166,0,1,0
91862,17,3.2,3,0.672,1,2,1
91863,3,7.9,2,0.088,0,4,0
91864,41,16.4,3,0.275,0,3,1
91865,2,9.7,5,0.298,1,3,1
91866,7,2.7,1,0.083,0,1,0
91867,28,12.1,5,0.146,1,3,1
91868,8,5.9,1,0.069,1,3,0
91869,1,2.9,4,0.075,0,2,0
91870,40,8.0,1,0.567,0,3,1
91871,7,8.2,3,0.436,2,2,0
91872,3,16.8,4,0.322,0,2,1
91873,2,12.6,2,0.346,0,4,0
91874,37,7.9,1,0.128,0,1,0
91875,66,17.8,2,0.303,2,1,1
91876,11,12.8,2,0.123,1,1,0
91877,2,6.1,1,0.715,0,2,1
91878,2,10.4,1,0.511,1,4,0
91879,16,2.8,2,0.02,0,2,0
91880,10,12.3,1,0.088,0,2,0
91881,8,20.4,2,0.091,0,3,0
91882,27,4.5,4,0.046,3,2,1
91883,17,4.4,2,0.045,1,3,1
91884,5,14.2,2,0.352,0,2,1
91885,32,5.6,2,0.068,0,2,0
91886,5,9.1,2,0.091,1,3,0
91887,22,10.3,5,0.379,1,1,0
91888,14,10.8,3,0.158,1,2,1
91889,21,4.1,2,0.452,2,2,1
91890,4,7.0,3,0.202,2,1,1
91891,10,14.5,2,0.347,2,1,1
91892,5,18.6,2,0.035,0,4,0
91893,21,4.5,3,0.054,0,1,1
91894,14,16.9,1,0.572,0,3,1
91895,13,7.5,2,0.098,0,2,0
91896,4,2.0,2,0.214,2,2,0
91897,2,14.7,1,0.003,0,2,0
91898,51,5.6,2,0.197,2,1,0
91899,30,3.9,1,0.003,1,2,0
91900,13,13.0,3,0.122,1,2,0
91901,7,3.3,5,0.413,0,1,0
91902,2,19.5,3,0.121,0,4,0
91903,13,14.2,1,0.324,4,1,0
91904,13,9.1,2,0.034,0,3,1
91905,1,8.9,3,0.024,0,3,0
91906,46,21.1,4,0.17,0,3,0
91907,15,18.5,2,0.055,1,1,0
91908,1,21.3,2,0.279,1,3,1
91909,7,4.5,3,0.166,1,4,0
91910,25,2.3,3,0.41,1,3,1
91911,19,11.4,2,0.174,0,2,1
91912,1,6.3,4,0.017,2,2,0
91913,20,16.8,5,0.18,0,3,0
91914,17,4.1,3,0.149,1,2,0
91915,11,4.9,1,0.202,0,2,0
91916,9,8.2,2,0.075,1,3,0
91917,11,15.5,2,0.485,0,4,1
91918,12,15.1,2,0.219,2,3,1
91919,52,2.8,1,0.08,0,2,1
91920,4,5.2,2,0.175,1,4,0
91921,11,10.1,2,0.394,1,4,0
91922,21,10.3,1,0.159,0,3,0
91923,44,4.2,3,0.008,1,3,1
91924,8,6.8,3,0.209,0,3,0
91925,9,4.3,1,0.037,1,3,0
91926,12,2.0,1,0.086,6,1,0
91927,1,3.9,4,0.155,2,3,0
91928,12,10.7,5,0.219,1,3,1
91929,21,12.1,3,0.064,1,3,1
91930,2,1.2,3,0.379,1,2,0
91931,4,10.5,3,0.233,0,3,0
91932,3,3.5,2,0.023,0,2,0
91933,8,10.4,4,0.052,2,3,0
91934,6,7.5,2,0.206,0,3,0
91935,10,12.9,4,0.673,0,1,1
91936,19,11.9,1,0.344,0,4,0
91937,8,1.3,2,0.005,1,3,0
91938,54,8.0,3,0.134,0,3,0
91939,22,8.6,3,0.075,1,3,0
91940,16,4.6,1,0.087,1,2,0
91941,15,6.5,3,0.595,2,3,1
91942,3,12.9,3,0.161,1,4,0
91943,20,10.1,2,0.19,1,3,0
91944,6,1.8,1,0.43,1,3,0
91945,40,5.2,3,0.143,3,2,1
91946,24,9.8,3,0.095,2,1,1
91947,6,10.3,1,0.563,2,3,1
91948,25,9.4,3,0.128,0,4,1
91949,7,12.9,2,0.231,1,3,1
91950,2,10.6,1,0.076,2,2,0
91951,45,6.2,3,0.066,0,3,0
91952,9,11.0,1,0.101,1,2,0
91953,14,6.2,3,0.113,1,3,0
91954,21,2.7,3,0.28,3,1,1
91955,30,3.1,1,0.176,0,2,0
91956,27,6.3,2,0.11,1,2,1
91957,23,8.2,2,0.18,1,3,0
91958,27,8.8,2,0.229,1,2,1
91959,1,3.2,2,0.219,2,2,1
91960,35,7.9,1,0.095,0,3,0
91961,19,11.5,4,0.166,0,3,1
91962,5,10.1,1,0.511,1,2,0
91963,1,14.5,2,0.177,2,1,1
91964,25,8.8,3,0.098,1,2,0
91965,3,14.8,1,0.022,1,3,0
91966,9,4.6,3,0.446,0,3,0
91967,1,6.3,3,0.006,1,1,0
91968,22,13.2,1,0.198,0,4,0
91969,5,9.4,2,0.112,2,4,0
91970,4,7.5,3,0.155,1,4,1
91971,6,7.2,1,0.013,1,4,0
91972,25,14.4,4,0.003,0,3,0
91973,2,9.0,1,0.39,1,2,1
91974,18,5.1,1,0.244,1,1,0
91975,2,6.6,2,0.131,1,4,1
91976,6,4.4,4,0.101,3,4,1
91977,19,8.0,1,0.127,0,2,0
91978,3,4.9,1,0.108,0,3,0
91979,8,9.7,2,0.158,1,2,0
91980,22,6.1,2,0.023,0,4,0
91981,9,18.8,3,0.366,1,2,1
91982,6,7.7,3,0.158,2,3,1
91983,8,11.9,2,0.155,1,3,0
91984,20,7.4,1,0.016,1,1,0
91985,24,13.1,3,0.296,0,2,0
91986,4,7.8,3,0.258,0,1,1
91987,26,4.9,2,0.032,1,4,0
91988,2,13.7,4,0.123,1,2,1
91989,3,6.2,2,0.397,1,3,1
91990,8,12.9,1,0.3,0,3,0
91991,10,12.5,2,0.049,1,2,1
91992,9,4.2,2,0.045,0,1,0
91993,4,8.2,3,0.14,1,3,1
91994,7,6.1,4,0.298,0,3,0
91995,28,4.1,2,0.216,0,2,0
91996,56,8.9,2,0.252,0,3,0
91997,5,8.6,3,0.028,1,3,0
91998,14,8.5,2,0.123,1,2,0
91999,4,4.4,2,0.287,1,2,1
92000,47,10.2,2,0.401,1,1,1
92001,32,7.0,4,0.135,0,2,0
92002,29,5.7,2,0.182,1,1,0
92003,1,5.4,2,0.405,1,2,0
92004,12,11.6,1,0.16,0,4,0
92005,7,5.6,1,0.036,1,1,1
92006,8,4.2,2,0.049,0,3,0
92007,4,10.7,2,0.067,0,2,1
92008,3,7.0,1,0.097,0,1,0
92009,5,3.8,3,0.282,0,2,1
92010,7,15.7,2,0.246,0,4,0
92011,8,10.5,3,0.253,0,2,0
92012,16,1.4,1,0.016,0,2,0
92013,8,9.4,2,0.064,0,3,0
92014,8,2.6,3,0.051,0,3,0
92015,11,13.8,1,0.015,0,3,0
92016,5,9.7,2,0.224,0,2,0
92017,1,10.3,3,0.011,2,1,0
92018,26,15.7,3,0.539,1,3,1
92019,14,12.6,4,0.208,1,3,0
92020,27,7.0,2,0.254,0,3,1
92021,63,7.7,1,0.26,3,3,1
92022,17,8.8,1,0.015,0,3,0
92023,4,3.7,2,0.06,1,4,0
92024,15,3.4,4,0.328,1,2,0
92025,42,15.5,3,0.136,1,3,0
92026,4,5.3,2,0.294,3,2,0
92027,6,4.1,2,0.38,1,1,1
92028,12,26.3,3,0.323,0,2,1
92029,42,5.3,2,0.17,1,1,1
92030,6,13.7,2,0.135,0,1,0
92031,7,2.9,3,0.035,1,1,1
92032,3,20.0,3,0.077,2,2,1
92033,1,13.5,2,0.195,0,2,0
92034,28,13.2,1,0.288,1,1,0
92035,2,3.3,3,0.243,1,1,0
92036,12,3.3,1,0.124,0,4,0
92037,14,5.8,2,0.144,2,2,1
92038,5,6.2,4,0.198,1,2,0
92039,6,9.3,2,0.058,1,2,0
92040,1,12.0,1,0.19,1,2,1
92041,13,14.0,2,0.035,0,3,0
92042,13,12.8,4,0.08,1,2,0
92043,1,11.7,1,0.091,1,3,0
92044,20,1.8,2,0.018,1,1,0
92045,22,9.7,3,0.445,2,3,1
92046,3,11.9,2,0.099,1,2,0
92047,12,12.2,3,0.236,1,2,1
92048,2,16.1,1,0.061,1,1,0
92049,10,6.8,1,0.251,0,2,1
92050,13,17.8,3,0.314,1,1,1
92051,12,19.8,5,0.054,2,1,0
92052,24,15.5,2,0.222,0,4,1
92053,21,8.3,4,0.522,0,2,1
92054,3,8.2,2,0.265,0,4,0
92055,8,7.4,1,0.009,0,2,1
92056,8,4.0,1,0.044,1,1,0
92057,2,16.8,2,0.147,0,1,0
92058,2,7.9,2,0.384,1,3,1
92059,2,4.4,1,0.11,1,1,0
92060,25,15.3,2,0.026,0,1,0
92061,20,8.5,1,0.483,1,3,0
92062,9,4.3,1,0.186,1,2,1
92063,51,3.9,2,0.083,2,1,0
92064,9,8.0,2,0.165,0,3,0
92065,21,21.8,1,0.177,2,3,1
92066,18,16.0,2,0.028,1,3,1
92067,10,7.0,3,0.058,0,4,0
92068,41,18.4,1,0.382,1,2,0
92069,36,3.8,2,0.292,2,1,0
92070,1,11.1,1,0.275,1,1,0
92071,38,5.5,4,0.391,1,2,1
92072,7,5.7,4,0.313,1,4,0
92073,9,6.4,1,0.054,1,4,0
92074,12,1.4,1,0.193,2,2,0
92075,10,3.2,1,0.097,0,2,0
92076,14,4.7,5,0.309,1,3,0
92077,23,4.2,3,0.271,2,3,0
92078,7,8.9,3,0.038,1,3,0
92079,18,5.3,1,0.014,1,3,0
92080,9,9.8,2,0.264,1,2,1
92081,1,12.7,1,0.087,1,1,0
92082,7,18.5,1,0.18,1,2,0
92083,17,5.9,3,0.108,1,3,1
92084,1,2.2,1,0.523,0,3,0
92085,13,12.0,1,0.278,3,3,1
92086,30,9.6,3,0.408,2,3,1
92087,7,6.5,3,0.198,0,3,0
92088,5,6.8,1,0.018,1,3,0
92089,19,7.2,5,0.083,0,1,0
92090,21,5.6,3,0.422,2,4,1
92091,44,10.5,1,0.13,1,1,0
92092,4,7.6,2,0.244,2,2,0
92093,31,3.3,1,0.466,2,1,1
92094,23,17.1,1,0.089,3,3,1
92095,6,9.2,1,0.071,0,1,0
92096,5,20.6,2,0.337,0,1,0
92097,29,7.0,2,0.334,1,4,0
92098,47,8.4,2,0.33,0,2,1
92099,2,7.0,3,0.151,1,4,0
92100,53,7.9,3,0.251,0,2,0
92101,32,6.4,2,0.644,0,2,0
92102,18,15.6,4,0.032,1,2,1
92103,4,7.1,3,0.132,0,4,0
92104,7,4.7,4,0.208,2,2,1
92105,5,8.1,1,0.307,0,2,1
92106,15,8.7,4,0.594,1,4,1
92107,6,12.6,5,0.257,1,1,1
92108,7,5.6,3,0.226,1,2,1
92109,10,11.9,4,0.103,1,4,0
92110,13,18.3,2,0.1,0,2,0
92111,19,2.7,1,0.617,0,3,0
92112,8,6.5,4,0.05,0,2,0
92113,9,17.9,1,0.131,2,2,0
92114,34,11.8,4,0.067,2,3,1
92115,16,3.0,1,0.129,2,2,1
92116,2,6.5,3,0.007,0,1,0
92117,25,12.0,1,0.172,2,3,0
92118,9,10.0,2,0.381,2,3,0
92119,15,16.5,1,0.164,1,1,1
92120,9,8.6,2,0.057,1,3,0
92121,2,6.5,3,0.03,1,2,0
92122,7,20.0,1,0.362,1,2,1
92123,19,9.0,1,0.5,1,4,1
92124,36,7.1,2,0.424,3,2,1
92125,5,2.8,1,0.21,2,1,0
92126,30,11.8,2,0.195,0,2,1
92127,1,10.9,5,0.084,3,3,1
92128,1,10.5,1,0.515,1,3,1
92129,5,13.0,1,0.004,0,3,0
92130,14,6.7,4,0.382,2,3,0
92131,1,11.7,2,0.097,0,3,0
92132,15,12.4,2,0.42,0,2,0
92133,4,7.5,1,0.092,1,3,0
92134,5,13.4,1,0.187,1,1,1
92135,1,7.2,4,0.503,0,2,0
92136,44,6.3,2,0.098,2,3,0
92137,26,10.1,2,0.061,2,1,1
92138,13,7.4,2,0.074,1,1,0
92139,30,6.7,4,0.125,0,4,0
92140,13,13.2,1,0.197,0,3,0
92141,9,6.6,4,0.027,0,4,0
92142,7,4.9,2,0.071,0,2,0
92143,11,1.4,1,0.083,1,2,1
92144,3,5.7,2,0.061,1,2,0
92145,43,9.4,2,0.114,1,2,0
92146,33,7.2,4,0.184,0,3,0
92147,4,11.6,1,0.246,0,3,0
92148,10,6.4,1,0.089,1,4,0
92149,2,2.2,2,0.611,1,3,1
92150,55,9.7,1,0.22,2,3,1
92151,1,10.0,2,0.338,4,3,1
92152,3,12.0,2,0.045,0,4,0
92153,28,9.0,2,0.232,0,1,0
92154,4,13.4,3,0.144,2,3,0
92155,14,9.4,1,0.057,1,3,0
92156,16,5.6,2,0.157,0,4,0
92157,10,6.9,2,0.225,0,3,0
92158,7,13.3,5,0.395,2,3,1
92159,1,6.4,3,0.162,2,2,1
92160,25,3.3,1,0.13,4,2,1
92161,6,10.8,1,0.157,2,1,0
92162,9,9.3,4,0.229,1,2,1
92163,63,2.6,3,0.062,0,1,0
92164,5,9.9,5,0.325,0,1,0
92165,22,4.9,2,0.288,2,2,0
92166,5,7.3,1,0.244,0,4,0
92167,4,5.4,1,0.403,0,3,0
92168,9,10.3,1,0.087,0,2,0
92169,11,5.5,2,0.239,0,1,0
92170,1,6.1,1,0.256,1,1,0
92171,12,7.2,4,0.301,2,4,1
92172,4,3.7,2,0.382,0,1,0
92173,28,1.2,2,0.3,0,3,1
92174,29,5.2,4,0.107,0,2,1
92175,12,9.0,2,0.239,1,1,0
92176,5,7.8,2,0.219,0,2,0
92177,16,8.9,1,0.133,1,3,1
92178,12,9.1,1,0.182,1,1,0
92179,24,16.4,5,0.5,0,1,1
92180,1,2.2,3,0.179,1,1,1
92181,6,6.8,2,0.194,0,2,0
92182,24,20.5,3,0.151,0,3,0
92183,28,7.5,1,0.146,2,4,0
92184,9,18.4,4,0.302,0,1,0
92185,10,5.2,1,0.198,1,4,0
92186,19,7.6,1,0.075,1,1,0
92187,4,3.2,1,0.488,0,1,1
92188,1,4.1,3,0.374,1,3,1
92189,13,8.8,2,0.037,2,4,0
92190,11,14.0,1,0.385,3,4,1
92191,54,7.8,2,0.063,1,1,0
92192,6,7.5,2,0.179,0,1,0
92193,1,6.6,1,0.019,0,2,0
92194,14,10.4,1,0.039,3,1,0
92195,19,11.4,2,0.085,1,1,1
92196,11,10.7,1,0.09,1,4,0
92197,7,23.5,2,0.108,1,1,1
92198,1,2.6,4,0.031,5,2,1
92199,2,9.1,2,0.117,1,3,1
92200,4,13.0,1,0.078,1,2,0
92201,2,7.0,2,0.098,0,2,0
92202,4,27.2,5,0.204,1,2,0
92203,16,2.8,1,0.231,1,3,1
92204,20,20.6,3,0.425,2,3,1
92205,41,10.7,3,0.126,0,4,0
92206,22,6.6,4,0.388,1,4,1
92207,6,4.7,2,0.013,1,1,0
92208,3,11.3,4,0.046,0,3,0
92209,43,4.4,2,0.052,0,2,0
92210,8,19.4,4,0.476,0,4,0
92211,1,16.1,3,0.574,1,2,1
92212,9,2.1,3,0.024,0,2,0
92213,25,8.1,1,0.054,1,4,1
92214,23,7.3,1,0.294,0,3,0
92215,1,5.2,1,0.598,0,2,0
92216,44,13.1,5,0.22,0,4,0
92217,22,9.9,3,0.095,0,2,0
92218,15,1.6,2,0.288,0,1,0
92219,18,5.7,1,0.05,1,3,0
92220,4,9.4,2,0.221,0,2,0
92221,32,5.3,2,0.553,2,1,1
92222,2,3.2,3,0.219,1,2,0
92223,2,5.0,3,0.058,1,2,1
92224,28,8.2,4,0.484,1,4,1
92225,3,5.2,4,0.148,0,2,0
92226,5,19.1,2,0.092,0,2,0
92227,7,3.4,2,0.003,0,1,0
92228,2,5.2,1,0.407,1,4,0
92229,5,11.8,5,0.381,0,2,1
92230,1,19.4,4,0.203,0,3,0
92231,12,8.1,1,0.233,0,2,0
92232,1,11.1,1,0.254,1,4,0
92233,16,20.0,3,0.1,0,1,1
92234,7,8.2,3,0.209,0,2,1
92235,8,4.0,4,0.07,2,3,0
92236,21,5.1,1,0.312,1,1,0
92237,17,3.6,1,0.219,1,1,0
92238,5,10.7,2,0.063,1,2,0
92239,20,10.5,1,0.633,1,1,0
92240,2,15.4,2,0.47,0,1,1
92241,10,8.9,1,0.071,1,1,1
92242,30,5.2,1,0.157,1,2,0
92243,1,25.3,2,0.005,0,4,0
92244,4,5.4,1,0.386,0,4,0
92245,1,4.4,3,0.199,1,4,0
92246,40,9.3,1,0.176,0,4,0
92247,14,8.8,1,0.354,0,4,1
92248,16,6.1,1,0.194,0,3,0
92249,22,7.9,2,0.013,0,2,1
92250,2,8.4,3,0.092,1,4,0
92251,7,8.9,2,0.304,1,3,1
92252,7,6.9,3,0.128,2,1,0
92253,25,15.5,4,0.031,0,4,0
92254,1,4.0,1,0.078,1,3,0
92255,3,14.7,4,0.199,0,3,0
92256,10,3.7,1,0.344,0,2,0
92257,13,4.0,1,0.487,0,3,0
92258,57,12.2,2,0.009,3,1,1
92259,33,6.0,2,0.603,0,2,1
92260,8,9.4,3,0.065,0,4,0
92261,19,3.8,2,0.206,1,4,0
92262,1,13.2,2,0.232,0,4,0
92263,46,6.8,1,0.038,0,2,0
92264,8,9.5,2,0.411,0,2,0
92265,1,4.2,2,0.194,0,3,0
92266,16,6.1,3,0.035,0,3,0
92267,6,2.2,2,0.258,3,4,0
92268,55,11.7,2,0.526,1,4,1
92269,17,17.9,1,0.246,0,2,0
92270,5,13.1,5,0.033,0,2,0
92271,8,3.9,2,0.044,0,3,0
92272,1,4.1,1,0.108,2,2,0
92273,7,10.4,5,0.052,0,1,1
92274,9,15.6,1,0.094,1,3,0
92275,11,9.4,1,0.276,0,2,0
92276,22,18.0,1,0.073,0,2,0
92277,7,4.1,4,0.102,1,3,0
92278,26,8.5,1,0.031,0,3,0
92279,7,3.8,2,0.277,0,2,0
92280,19,3.4,1,0.235,0,4,1
92281,11,3.5,1,0.449,1,3,0
92282,3,14.2,3,0.013,0,2,1
92283,1,5.7,2,0.034,0,2,0
92284,11,7.1,1,0.47,1,2,0
92285,72,3.8,2,0.079,0,3,0
92286,64,12.6,1,0.077,0,4,0
92287,17,14.1,2,0.121,1,4,0
92288,16,16.9,3,0.495,3,1,1
92289,3,1.8,1,0.214,2,4,0
92290,3,12.8,1,0.159,0,1,0
92291,6,12.3,2,0.195,0,4,0
92292,22,15.6,2,0.24,1,2,0
92293,32,8.4,2,0.396,1,2,1
92294,63,9.0,3,0.088,0,1,0
92295,32,7.0,2,0.172,0,3,0
92296,11,3.8,3,0.008,0,4,0
92297,1,10.5,2,0.359,1,2,1
92298,15,13.0,2,0.253,0,3,0
92299,20,4.0,2,0.199,0,3,0
92300,6,10.3,3,0.534,1,1,1
92301,1,12.5,3,0.1,1,3,1
92302,19,17.2,1,0.375,2,3,0
92303,21,3.8,2,0.329,0,2,1
92304,2,1.2,2,0.136,0,4,0
92305,7,7.3,4,0.073,0,4,0
92306,1,7.4,4,0.269,0,4,0
92307,2,20.3,1,0.284,1,3,1
92308,1,11.3,2,0.048,0,3,0
92309,11,5.2,3,0.253,1,1,0
92310,2,8.5,3,0.073,0,4,0
92311,11,8.9,1,0.226,0,2,1
92312,7,9.3,2,0.274,3,2,1
92313,1,3.3,2,0.124,0,2,0
92314,6,4.5,3,0.234,0,1,1
92315,7,26.9,3,0.558,3,2,1
92316,9,22.0,1,0.011,1,2,0
92317,4,5.6,1,0.215,0,2,0
92318,41,6.6,3,0.132,1,3,1
92319,9,5.2,5,0.217,1,2,1
92320,7,7.7,3,0.021,0,2,0
92321,3,23.0,4,0.269,3,3,0
92322,9,3.9,1,0.105,1,2,1
92323,7,5.6,2,0.353,0,2,0
92324,1,10.5,3,0.5,1,3,0
92325,6,4.6,1,0.111,0,4,0
92326,23,3.8,1,0.189,0,1,0
92327,10,17.6,1,0.218,0,4,0
92328,28,16.3,2,0.217,2,2,0
92329,5,10.1,3,0.055,0,3,0
92330,1,4.2,4,0.05,2,2,0
92331,4,5.1,1,0.092,0,2,0
92332,2,2.5,1,0.382,0,1,0
92333,17,5.5,4,0.115,1,2,0
92334,10,10.9,2,0.147,1,1,0
92335,72,10.0,3,0.082,0,2,1
92336,13,7.5,3,0.095,4,2,0
92337,16,10.3,3,0.064,1,2,0
92338,15,11.1,2,0.021,1,2,0
92339,2,7.0,2,0.172,1,1,1
92340,13,12.3,1,0.404,0,2,1
92341,25,7.7,1,0.332,0,1,0
92342,14,6.5,4,0.339,2,2,0
92343,72,3.6,4,0.133,2,2,1
92344,5,12.2,4,0.062,0,2,1
92345,30,27.2,1,0.165,0,1,0
92346,15,10.3,5,0.002,3,3,1
92347,21,5.5,1,0.136,1,2,0
92348,20,25.4,1,0.226,1,1,0
92349,8,6.7,2,0.527,0,4,0
92350,56,9.3,2,0.096,2,2,1
92351,1,4.3,4,0.015,1,1,0
92352,44,14.8,3,0.095,0,2,0
92353,16,9.1,3,0.389,0,1,1
92354,1,2.4,2,0.117,1,1,0
92355,21,5.7,4,0.224,0,1,0
92356,32,3.3,4,0.15,1,2,1
92357,4,11.6,1,0.105,0,4,0
92358,11,16.1,2,0.63,1,4,1
92359,1,12.1,4,0.119,3,2,0
92360,51,5.1,2,0.282,1,1,1
92361,1,18.7,4,0.242,2,1,1
92362,15,13.6,5,0.013,2,3,0
92363,10,3.8,1,0.517,0,1,1
92364,3,24.0,3,0.067,1,4,1
92365,6,3.3,3,0.023,2,3,0
92366,4,12.3,2,0.01,1,3,1
92367,3,6.4,3,0.215,0,2,0
92368,1,9.3,2,0.073,1,2,0
92369,6,9.6,1,0.479,0,2,0
92370,11,7.6,5,0.253,1,2,0
92371,21,4.0,2,0.186,0,2,1
92372,12,4.0,5,0.238,4,2,1
92373,9,9.3,3,0.163,1,3,0
92374,4,2.4,1,0.104,1,1,0
92375,5,4.1,1,0.109,2,4,0
92376,28,8.8,5,0.444,0,3,1
92377,12,10.7,3,0.007,2,2,0
92378,11,5.2,3,0.039,1,1,0
92379,23,6.9,2,0.204,1,3,0
92380,13,12.1,2,0.013,1,1,0
92381,12,14.3,2,0.322,0,2,0
92382,2,5.9,3,0.372,0,3,0
92383,8,9.0,1,0.124,0,4,0
92384,12,8.6,2,0.463,1,2,0
92385,2,3.7,4,0.469,0,1,1
92386,1,7.0,2,0.176,1,2,1
92387,36,9.2,1,0.482,0,1,0
92388,1,4.5,2,0.254,0,3,0
92389,15,5.4,2,0.164,1,2,0
92390,3,21.5,1,0.201,0,1,1
92391,3,12.6,5,0.163,0,2,0
92392,32,4.4,2,0.37,0,4,0
92393,38,13.3,1,0.016,0,1,1
92394,2,14.0,2,0.086,0,1,1
92395,23,7.7,2,0.038,0,3,1
92396,1,9.4,4,0.047,1,2,0
92397,30,9.0,3,0.023,2,1,1
92398,4,14.2,1,0.266,0,3,0
92399,9,6.2,1,0.03,1,2,1
92400,2,4.8,2,0.397,1,1,0
92401,9,5.1,5,0.405,4,2,1
92402,17,11.1,4,0.129,1,1,1
92403,43,7.1,1,0.001,0,3,0
92404,6,6.8,1,0.335,0,2,0
92405,14,4.7,4,0.074,0,4,0
92406,7,8.5,1,0.217,1,4,0
92407,32,6.2,2,0.083,0,3,0
92408,38,12.4,3,0.313,2,2,1
92409,12,9.0,2,0.127,2,2,0
92410,21,6.3,2,0.365,0,3,0
92411,1,3.4,1,0.23,1,3,0
92412,3,5.7,1,0.082,0,3,0
92413,20,8.7,4,0.362,0,3,1
92414,1,19.3,1,0.34,2,1,0
92415,5,3.0,1,0.11,0,2,0
92416,1,6.8,1,0.186,0,2,0
92417,4,14.9,2,0.288,2,2,1
92418,14,2.4,3,0.053,0,3,0
92419,2,3.9,1,0.055,1,1,0
92420,33,7.8,2,0.333,1,1,0
92421,43,6.1,1,0.158,1,1,0
92422,23,5.1,2,0.017,1,2,1
92423,6,2.7,2,0.11,1,2,0
92424,4,12.7,1,0.047,1,4,0
92425,3,15.6,1,0.395,2,4,0
92426,64,4.0,4,0.184,0,2,0
92427,1,13.3,4,0.165,1,2,0
92428,5,8.0,2,0.679,1,1,1
92429,47,2.6,2,0.291,4,3,0
92430,17,6.1,2,0.061,0,2,0
92431,40,2.8,2,0.341,1,1,0
92432,11,15.3,3,0.118,3,3,0
92433,2,4.5,4,0.137,1,2,0
92434,2,11.1,1,0.111,1,3,1
92435,34,11.1,4,0.017,0,1,1
92436,1,9.4,1,0.194,1,2,0
92437,13,3.1,2,0.149,1,1,0
92438,26,6.5,2,0.216,1,2,1
92439,10,13.7,1,0.142,2,4,0
92440,3,11.5,3,0.02,0,4,0
92441,12,9.6,4,0.193,1,3,0
92442,1,4.5,1,0.262,0,1,0
92443,33,2.4,2,0.171,0,2,0
92444,1,9.4,3,0.118,3,2,0
92445,31,3.9,1,0.112,1,4,0
92446,32,21.1,1,0.14,2,4,1
92447,2,4.8,1,0.171,0,4,0
92448,25,20.0,1,0.33,1,2,0
92449,4,2.0,5,0.168,0,3,0
92450,4,3.2,2,0.136,1,4,0
92451,4,7.3,2,0.025,3,4,1
92452,42,8.6,1,0.331,0,3,0
92453,16,6.3,4,0.217,1,2,1
92454,15,4.1,2,0.032,0,2,0
92455,20,9.5,2,0.472,3,4,1
92456,6,3.7,2,0.031,1,4,1
92457,1,4.3,1,0.303,0,2,0
92458,1,8.8,4,0.024,0,4,0
92459,2,4.3,3,0.157,1,1,0
92460,6,6.3,3,0.171,0,1,1
92461,41,13.6,3,0.02,1,4,0
92462,6,20.1,3,0.089,0,1,0
92463,38,5.7,2,0.039,1,2,0
92464,9,19.5,3,0.018,0,1,0
92465,10,5.6,4,0.175,0,1,0
92466,8,1.7,4,0.405,0,2,1
92467,13,13.3,2,0.027,0,2,0
92468,25,4.8,3,0.154,2,3,0
92469,1,12.7,3,0.274,1,3,0
92470,6,8.5,2,0.124,1,2,0
92471,39,6.2,1,0.441,0,2,1
92472,4,10.5,3,0.111,0,4,1
92473,5,3.0,1,0.064,0,1,0
92474,27,12.7,4,0.343,1,3,1
92475,5,3.3,2,0.359,1,1,0
92476,7,2.4,2,0.043,1,2,0
92477,7,7.8,5,0.067,2,2,1
92478,1,21.7,2,0.032,1,4,0
92479,12,7.4,2,0.243,1,3,0
92480,14,14.0,2,0.238,0,1,0
92481,47,12.3,1,0.16,0,3,0
92482,4,10.1,3,0.505,0,1,1
92483,44,15.5,2,0.158,1,1,1
92484,1,4.7,1,0.303,1,1,0
92485,9,11.7,3,0.01,0,3,1
92486,18,11.0,2,0.306,1,2,0
92487,13,12.1,2,0.01,2,3,0
92488,14,11.7,1,0.198,1,4,1
92489,6,8.1,2,0.291,1,1,0
92490,12,4.8,1,0.077,2,3,0
92491,30,2.1,3,0.086,0,2,0
92492,1,12.4,5,0.065,0,1,0
92493,17,4.9,1,0.475,0,1,0
92494,31,24.0,2,0.226,1,1,0
92495,22,20.8,3,0.103,1,3,0
92496,1,15.1,2,0.219,0,1,0
92497,72,18.3,3,0.163,0,3,0
92498,24,14.8,3,0.492,0,3,0
92499,17,13.3,4,0.091,0,2,0
92500,22,19.1,3,0.005,0,2,1
