student_id,current_gpa,credit_hours_taken,assignments_on_time_pct,test_average_first_4wks,attendance_rate,lms_logins_per_week,first_generation,at_risk
100001,3.46,12,0.82,73.5,0.98,1.7,0,0
100002,2.0,15,0.52,99.1,0.72,12.0,0,1
100003,2.14,18,0.84,64.3,0.53,2.2,0,0
100004,2.9,12,0.76,66.9,0.7,3.5,0,0
100005,3.4,15,0.38,91.8,0.5,3.7,1,0
100006,2.28,9,0.93,79.2,0.82,6.3,0,0
100007,1.91,18,0.58,89.2,0.98,1.3,0,0
100008,3.62,15,0.82,52.7,0.75,2.6,1,0
100009,3.7,15,0.8,63.8,0.83,1.4,0,0
100010,2.87,15,0.32,81.6,0.51,6.5,1,0
100011,3.58,15,0.58,68.6,0.83,1.3,0,1
100012,3.46,18,0.87,67.6,0.63,1.9,0,0
100013,3.06,18,0.93,94.6,0.65,6.3,0,0
100014,0.95,15,0.63,82.2,0.68,2.4,0,0
100015,3.57,15,0.69,70.0,0.84,6.2,1,0
100016,2.46,12,0.95,64.9,0.95,5.4,1,0
100017,2.9,18,0.37,63.7,0.67,2.5,1,1
100018,3.24,18,0.89,80.6,0.53,1.6,1,0
100019,2.41,18,0.73,81.2,0.64,9.1,1,1
100020,3.32,15,0.64,72.5,0.87,1.4,0,0
100021,3.37,15,0.88,82.4,0.85,5.0,0,0
100022,3.65,15,0.59,96.2,0.5,1.3,0,0
100023,3.22,15,0.89,86.8,0.95,5.1,0,0
100024,3.52,15,0.65,61.7,0.63,1.6,0,0
100025,3.32,15,0.47,92.1,0.74,0.6,0,0
100026,2.42,12,0.67,49.6,0.95,12.1,0,1
100027,1.73,18,0.56,50.2,0.77,5.8,1,1
100028,2.48,15,0.57,80.8,0.61,0.5,0,0
100029,3.49,15,0.47,64.3,0.8,2.1,1,0
100030,2.89,15,0.64,82.0,0.89,1.5,0,0
100031,2.49,9,0.38,73.2,0.81,8.8,0,0
100032,2.36,9,0.57,82.4,0.58,3.1,1,0
100033,2.18,18,0.77,84.1,0.61,7.1,1,0
100034,2.67,12,0.46,34.9,0.99,5.3,0,1
100035,3.14,15,0.89,67.4,0.78,3.2,0,0
100036,2.93,15,0.96,86.1,0.61,4.2,0,0
100037,2.3,15,0.72,71.9,0.45,2.2,0,0
100038,3.44,12,0.68,86.8,0.8,6.1,1,0
100039,1.7,9,0.87,71.1,0.96,6.2,0,1
100040,2.21,15,1.0,49.2,0.82,0.8,1,0
100041,3.81,15,0.89,80.7,0.79,5.0,1,0
100042,2.69,18,0.87,69.7,0.75,1.1,0,0
100043,3.65,15,0.76,51.7,0.75,8.8,1,0
100044,2.55,15,0.96,86.6,0.35,11.4,1,0
100045,2.68,9,0.93,82.1,0.48,8.8,0,0
100046,1.73,12,0.59,60.4,0.71,10.5,0,0
100047,2.44,12,0.62,51.3,1.0,5.1,0,0
100048,3.6,12,0.82,91.8,0.78,12.6,0,0
100049,3.1,15,0.83,87.5,0.89,5.9,0,0
100050,3.96,15,0.74,71.7,0.78,2.6,1,0
100051,3.86,12,0.78,66.2,0.85,3.3,1,0
100052,1.93,15,0.98,70.7,0.79,4.3,0,0
100053,3.79,15,0.87,72.3,0.66,5.0,1,0
100054,2.44,12,0.68,95.6,0.81,2.6,0,0
100055,3.76,15,0.92,89.8,0.62,1.7,1,0
100056,3.82,12,0.83,68.3,0.56,3.9,0,0
100057,1.66,12,0.75,44.6,0.92,3.0,0,1
100058,3.78,18,0.96,98.9,0.86,6.1,0,0
100059,3.37,15,0.45,54.5,0.94,1.1,0,0
100060,2.24,12,0.68,48.3,0.83,0.8,0,1
100061,3.35,15,0.93,78.5,0.55,3.7,1,0
100062,3.4,15,0.34,84.1,0.36,5.0,0,0
100063,1.4,18,0.53,81.9,0.78,1.3,0,0
100064,3.94,18,0.18,58.9,0.67,8.4,0,0
100065,2.33,15,0.69,85.6,0.89,4.7,0,0
100066,3.44,15,0.36,87.7,0.89,0.5,0,1
100067,0.6,18,0.47,66.2,0.82,4.9,1,1
100068,2.68,15,0.48,52.1,0.59,3.0,1,1
100069,1.83,15,0.78,67.2,0.88,2.4,1,1
100070,3.04,15,0.56,76.5,0.82,1.9,0,1
100071,2.86,15,0.78,74.3,0.74,1.8,0,0
100072,3.49,15,0.61,45.3,0.92,2.6,0,0
100073,3.31,18,0.22,41.4,0.79,5.0,0,1
100074,1.55,18,0.88,63.6,0.7,4.5,0,1
100075,3.53,12,0.64,74.0,0.93,4.4,0,0
100076,3.67,15,0.94,93.3,0.79,1.7,0,0
100077,3.2,18,0.55,48.4,0.98,0.9,0,0
100078,2.48,21,0.84,51.2,0.9,11.6,0,0
100079,1.55,9,0.72,76.5,0.65,9.4,0,0
100080,3.33,21,0.61,87.2,0.9,11.2,0,0
100081,3.8,15,0.82,78.5,0.94,3.9,0,0
100082,2.58,12,0.48,57.7,0.92,0.8,0,0
100083,3.06,15,0.63,79.6,0.32,5.1,1,0
100084,3.65,9,0.59,69.4,0.74,2.8,0,0
100085,2.19,15,0.83,97.6,0.83,0.7,0,0
100086,2.71,18,0.61,94.2,0.74,9.1,0,0
100087,3.71,15,0.51,60.4,0.74,4.0,1,0
100088,3.15,12,0.72,100.0,0.76,2.6,1,0
100089,3.88,15,0.85,66.8,0.84,2.2,1,0
100090,2.47,12,0.73,54.5,0.93,1.7,0,0
100091,1.76,15,0.59,69.5,0.92,4.2,0,0
100092,3.94,18,0.91,51.8,0.73,1.6,0,0
100093,2.8,15,0.65,85.0,0.72,1.9,1,0
100094,0.76,12,0.61,68.1,0.92,12.0,0,1
100095,1.65,15,0.59,90.8,0.94,2.4,1,1
100096,2.09,12,0.57,66.6,0.72,2.5,0,0
100097,3.16,18,0.86,61.5,0.47,3.6,0,0
100098,3.31,12,0.65,53.3,0.57,3.7,0,0
100099,2.72,12,0.88,89.1,0.62,3.9,1,0
100100,1.94,18,0.45,69.7,0.9,1.0,0,1
100101,2.56,9,0.97,81.2,0.8,4.7,1,0
100102,3.02,12,0.47,72.4,0.44,0.9,0,1
100103,2.61,15,0.93,75.9,0.46,1.2,1,0
100104,2.25,15,0.68,68.6,0.89,1.2,1,1
100105,2.28,18,0.65,76.1,0.92,0.6,1,0
100106,3.72,18,0.61,81.5,0.46,1.3,0,0
100107,3.53,15,0.67,79.4,0.78,4.4,1,0
100108,3.11,18,0.85,91.5,0.54,11.0,0,0
100109,2.14,12,0.98,53.8,0.95,3.3,0,0
100110,3.27,15,0.59,91.8,0.73,2.9,0,0
100111,2.68,12,0.97,58.1,0.33,2.6,0,1
100112,3.31,21,0.25,77.2,0.81,3.9,0,0
100113,2.45,15,0.74,74.0,0.79,3.3,0,0
100114,3.42,12,0.83,96.5,0.66,0.6,0,0
100115,2.31,15,0.83,77.3,0.67,2.8,0,0
100116,3.52,9,0.47,62.7,0.8,4.7,1,0
100117,1.76,18,0.62,100.0,0.63,4.8,0,0
100118,2.78,15,0.79,58.1,0.71,3.2,0,0
100119,3.12,15,0.93,92.7,0.75,1.1,1,0
100120,3.7,15,0.33,83.6,0.91,2.6,0,0
100121,2.16,18,0.75,72.5,0.85,1.7,0,0
100122,1.83,18,0.87,79.3,0.83,1.3,1,0
100123,1.81,15,0.39,76.0,0.94,6.5,1,1
100124,3.53,15,0.83,80.3,0.65,4.5,0,0
100125,3.36,15,0.4,65.9,0.92,0.8,0,0
100126,3.58,18,0.8,98.6,0.76,3.4,1,0
100127,3.69,18,0.43,98.8,0.68,3.9,0,0
100128,2.18,18,0.51,65.0,0.97,2.4,0,1
100129,2.67,15,0.63,88.3,0.73,5.2,0,0
100130,1.55,21,0.35,53.8,0.91,6.5,0,1
100131,0.99,15,0.6,80.7,0.83,3.1,1,1
100132,3.77,15,0.87,70.8,0.46,4.2,0,0
100133,3.11,15,0.46,83.4,0.5,5.9,0,0
100134,3.88,9,0.49,79.4,0.66,9.8,0,0
100135,2.29,15,0.66,82.6,0.87,4.0,1,0
100136,3.94,18,0.42,58.8,0.87,4.1,1,0
100137,3.09,12,0.88,84.4,0.74,3.6,0,0
100138,2.1,15,0.46,78.1,0.93,5.6,0,0
100139,3.85,18,0.89,100.0,0.7,10.0,1,0
100140,3.81,15,0.85,67.0,0.56,1.8,0,0
100141,1.7,15,0.49,63.9,0.86,3.9,0,0
100142,2.64,15,0.72,84.3,0.92,1.3,1,0
100143,2.83,12,0.58,82.0,0.88,4.4,0,0
100144,2.78,15,0.77,58.4,0.81,2.3,1,0
100145,2.37,18,0.8,84.5,0.45,9.4,0,0
100146,3.14,15,0.91,63.0,0.98,4.0,0,0
100147,2.65,12,0.76,88.5,0.54,1.5,1,0
100148,3.78,12,0.92,59.8,0.8,1.3,0,0
100149,2.58,9,0.59,96.8,0.94,2.4,0,1
100150,3.14,15,0.85,78.8,0.93,3.2,0,0
100151,1.95,15,0.49,53.8,0.61,7.0,0,0
100152,3.41,9,0.78,65.0,0.78,2.0,0,0
100153,3.4,12,0.95,72.3,0.93,3.0,0,0
100154,1.68,18,0.94,66.2,0.69,3.4,0,0
100155,3.98,15,0.35,75.8,0.67,1.0,0,0
100156,2.01,18,0.54,84.3,0.92,2.9,0,0
100157,3.59,15,0.7,65.6,0.98,4.4,0,0
100158,3.63,18,0.78,84.5,0.54,9.0,0,0
100159,3.28,15,0.37,87.5,0.78,1.8,0,0
100160,2.74,15,0.79,90.8,0.83,6.4,0,0
100161,3.18,18,0.71,59.2,0.83,2.9,0,0
100162,2.99,12,0.26,80.1,0.59,10.1,0,0
100163,3.63,15,0.95,67.2,0.55,8.7,0,0
100164,2.37,18,0.59,69.1,0.83,7.5,0,1
100165,3.53,18,0.85,78.7,0.77,2.5,0,0
100166,2.14,15,0.52,78.7,0.97,1.9,0,0
100167,3.34,15,0.85,53.4,0.87,1.4,0,0
100168,1.52,18,0.22,70.3,0.47,0.8,0,1
100169,2.41,12,0.87,68.3,0.93,2.2,0,0
100170,2.24,9,0.92,77.2,0.9,4.5,0,0
100171,3.05,12,0.7,84.6,0.32,0.4,1,1
100172,2.22,21,0.54,81.3,0.82,5.6,1,0
100173,3.92,15,0.86,71.8,0.71,5.8,0,0
100174,3.88,15,0.69,61.0,0.8,5.3,1,0
100175,1.41,12,0.58,79.3,0.49,5.2,0,1
100176,2.71,18,0.93,79.5,0.83,3.7,1,0
100177,2.67,15,0.82,69.0,0.85,3.4,0,1
100178,1.46,15,0.47,45.3,0.66,2.0,0,1
100179,3.77,18,0.74,70.3,0.78,1.2,0,0
100180,3.4,12,0.39,49.5,0.81,1.8,0,0
100181,2.35,18,0.8,57.9,0.89,5.8,1,1
100182,3.38,15,0.52,88.0,0.9,1.4,0,0
100183,2.52,15,0.72,65.3,0.93,0.5,1,0
100184,3.55,15,0.96,66.7,0.94,4.1,0,0
100185,2.28,9,0.85,67.0,0.88,8.0,0,0
100186,1.06,15,0.44,96.9,0.59,2.3,0,0
100187,3.06,18,0.88,78.4,0.84,6.2,0,0
100188,2.74,18,0.94,62.5,0.59,2.4,1,0
100189,3.78,12,0.59,82.2,0.32,4.5,1,0
100190,3.96,15,0.41,65.1,0.78,4.8,0,0
100191,3.42,15,0.65,100.0,0.78,3.0,0,0
100192,2.68,12,0.33,62.0,0.76,2.8,0,0
100193,2.8,15,0.91,87.7,0.75,3.6,0,0
100194,1.6,18,0.83,88.8,0.86,0.9,0,1
100195,3.56,21,0.97,73.4,0.78,0.8,1,0
100196,1.82,18,0.78,87.3,0.95,2.6,1,1
100197,3.92,12,0.72,78.1,0.93,6.5,1,0
100198,3.83,12,0.77,73.8,0.72,3.4,0,0
100199,3.3,12,0.73,70.1,0.62,2.7,0,0
100200,3.55,18,0.4,61.0,0.82,6.4,0,0
100201,3.42,21,0.83,75.1,0.84,4.8,1,0
100202,2.59,21,0.83,100.0,0.66,2.8,0,0
100203,3.93,15,0.81,89.6,0.67,2.8,1,0
100204,2.41,18,0.93,93.5,0.6,4.9,0,0
100205,2.57,12,0.81,77.5,0.96,3.7,1,0
100206,3.66,12,0.63,71.7,0.95,3.4,0,0
100207,2.88,15,0.69,48.7,0.46,3.2,0,1
100208,3.0,18,0.86,78.8,0.63,8.5,0,0
100209,3.2,18,0.46,81.6,0.78,1.7,0,0
100210,2.72,15,0.44,69.2,0.84,5.6,1,1
100211,2.5,18,0.66,63.0,0.73,1.0,1,0
100212,3.01,12,0.92,61.4,0.89,3.2,0,0
100213,2.07,9,0.7,75.1,0.64,5.6,0,0
100214,3.04,18,0.86,78.9,0.74,5.9,0,0
100215,2.69,18,0.66,67.6,0.82,1.6,0,0
100216,3.4,18,0.79,82.2,0.55,2.5,1,0
100217,3.41,15,0.63,78.9,0.58,2.3,0,1
100218,2.68,15,0.53,80.0,0.84,4.0,0,0
100219,2.98,9,0.62,100.0,0.73,1.0,1,0
100220,2.29,18,0.79,77.9,0.86,5.0,0,0
100221,3.48,15,0.79,85.5,0.67,6.2,0,0
100222,3.17,18,0.72,76.0,0.96,1.5,1,0
100223,1.19,18,0.74,76.6,0.87,1.9,1,1
100224,2.57,15,0.86,60.5,0.76,5.7,0,0
100225,2.98,21,0.65,77.7,0.48,2.9,0,0
100226,3.81,15,0.8,81.2,0.66,1.3,0,0
100227,2.78,12,0.85,63.1,0.87,0.6,0,0
100228,3.16,15,0.56,68.8,0.62,2.2,0,0
100229,3.07,12,0.78,78.2,0.85,7.4,0,0
100230,3.41,15,0.88,76.9,0.99,3.3,1,0
100231,1.66,12,0.85,74.6,0.36,0.7,0,1
100232,3.39,12,0.84,80.0,0.93,12.5,0,0
100233,3.49,18,0.71,100.0,0.54,7.4,0,0
100234,3.25,15,0.56,91.1,0.83,4.0,0,0
100235,3.12,21,0.37,41.9,0.81,0.2,0,0
100236,3.45,15,0.46,84.1,0.74,5.0,0,0
100237,2.22,9,0.84,78.8,0.53,3.2,0,1
100238,3.85,18,0.58,92.5,0.75,12.4,0,0
100239,2.27,15,0.98,40.3,0.8,2.5,0,1
100240,3.83,15,0.48,69.9,0.66,3.5,0,0
100241,2.84,9,0.42,54.0,0.89,5.4,1,0
100242,3.44,18,0.95,81.3,0.83,6.0,0,0
100243,3.27,15,0.61,81.4,0.75,4.9,0,0
100244,3.26,18,0.73,84.6,0.65,2.7,0,0
100245,2.06,15,0.85,58.7,0.69,2.4,1,1
100246,2.5,15,0.63,66.8,0.85,5.7,0,0
100247,2.38,21,0.81,69.8,0.76,3.7,0,0
100248,3.15,9,0.89,63.6,0.76,3.1,0,1
100249,3.03,15,0.58,71.8,0.56,3.3,0,0
100250,3.91,12,0.47,74.8,0.89,2.9,0,0
100251,1.79,15,0.83,73.9,0.65,2.2,0,0
100252,3.36,12,0.51,61.0,0.81,1.8,0,0
100253,3.11,12,0.81,74.7,0.63,3.9,0,0
100254,2.34,21,0.79,100.0,0.93,3.7,0,0
100255,3.14,9,0.45,69.0,0.66,1.8,1,0
100256,2.2,21,0.7,97.3,0.44,2.9,0,1
100257,2.37,12,0.81,77.2,0.71,2.2,0,0
100258,3.74,15,0.48,63.9,0.44,9.8,1,0
100259,3.5,18,0.36,61.2,0.89,4.4,1,0
100260,2.68,15,0.61,78.2,0.99,2.5,1,0
100261,3.11,15,0.7,69.2,0.99,3.0,1,0
100262,2.29,15,0.66,71.6,0.96,2.3,0,0
100263,3.25,15,0.8,61.5,0.64,0.7,1,1
100264,2.62,15,0.61,61.4,0.67,3.2,0,0
100265,3.93,15,0.55,74.9,0.81,2.7,0,0
100266,3.75,18,0.89,51.6,0.91,3.5,0,0
100267,2.73,15,0.73,70.1,0.95,1.6,1,0
100268,3.62,18,0.86,100.0,0.91,5.8,0,0
100269,3.84,15,0.56,87.2,0.64,1.2,0,0
100270,2.7,15,0.83,80.4,0.79,0.8,0,0
100271,3.11,18,0.71,94.0,0.9,1.2,0,0
100272,3.48,18,0.38,60.1,0.96,0.5,0,0
100273,3.66,18,0.8,50.2,0.74,2.6,0,0
100274,2.93,15,0.73,80.9,0.7,3.1,0,0
100275,3.74,18,0.8,63.3,0.87,4.7,1,0
100276,3.83,12,0.63,72.8,0.82,6.3,0,0
100277,3.13,15,0.73,69.1,0.41,5.8,0,0
100278,2.12,15,0.92,73.6,0.66,15.3,0,0
100279,2.8,12,1.0,42.1,0.91,5.5,0,0
100280,3.12,15,0.61,65.2,0.45,3.4,1,1
100281,1.7,9,0.89,58.3,0.88,4.7,0,0
100282,2.33,15,0.92,80.7,0.71,4.1,0,0
100283,3.98,15,0.79,81.1,0.92,11.6,1,0
100284,3.59,15,0.64,74.7,0.82,6.1,0,0
100285,3.61,18,0.77,88.7,0.59,0.8,0,0
100286,1.51,12,0.91,80.5,0.72,0.9,0,0
100287,2.67,15,0.87,100.0,0.71,2.0,1,0
100288,2.94,15,0.91,72.9,0.83,6.2,0,0
100289,2.65,12,0.83,84.8,0.5,1.4,1,0
100290,2.9,12,0.46,79.6,0.75,8.2,1,0
100291,2.86,21,0.69,77.5,0.93,5.1,0,0
100292,2.92,18,0.81,84.3,0.95,6.1,0,0
100293,3.17,15,0.77,72.4,0.59,7.5,1,1
100294,3.69,18,0.39,100.0,0.73,0.3,0,0
100295,3.71,15,0.94,70.4,0.95,10.4,1,0
100296,3.14,15,0.96,94.1,0.75,7.2,0,0
100297,2.21,15,0.6,96.3,0.96,2.4,0,0
100298,2.92,15,0.81,57.1,0.91,4.8,1,0
100299,3.56,15,0.85,72.0,0.91,4.9,0,0
100300,2.9,15,0.57,65.9,0.74,4.2,0,0
100301,3.15,12,0.57,74.2,0.95,1.7,0,0
100302,3.72,12,0.91,92.4,0.85,1.9,1,0
100303,2.9,15,0.97,66.7,0.91,2.5,1,1
100304,3.89,15,0.84,63.4,0.69,5.8,0,0
100305,2.14,15,0.88,68.5,0.61,1.5,0,1
100306,1.91,18,0.67,90.8,0.57,1.7,0,1
100307,2.95,12,0.48,93.0,0.36,0.8,0,0
100308,3.56,18,0.9,62.6,0.81,2.2,0,0
100309,2.65,9,0.96,74.8,0.71,0.8,0,0
100310,2.57,12,0.58,97.8,0.85,4.3,1,0
100311,2.64,18,0.87,67.6,0.91,5.3,0,0
100312,2.88,18,0.87,61.4,0.69,1.7,0,0
100313,3.31,18,0.42,80.1,0.8,2.7,1,0
100314,2.86,15,0.54,47.3,0.83,11.8,0,1
100315,2.14,12,0.38,60.0,0.83,1.0,1,1
100316,3.64,15,0.8,95.9,0.59,1.6,0,0
100317,1.94,21,0.81,37.5,0.57,1.6,0,0
100318,1.64,9,0.79,95.9,0.76,2.9,0,0
100319,3.55,12,0.75,75.2,0.96,1.1,0,0
100320,2.54,15,0.84,75.4,0.7,3.6,0,0
100321,3.54,9,0.49,61.0,0.94,1.5,0,0
100322,2.16,21,0.57,60.2,0.64,0.9,0,1
100323,2.7,15,0.87,50.3,0.86,2.7,0,1
100324,3.49,9,0.92,76.4,0.77,3.4,0,0
100325,3.82,15,0.52,92.3,0.77,5.5,1,0
100326,2.91,15,0.69,78.6,0.96,1.9,0,0
100327,2.61,15,0.59,64.5,0.57,5.3,1,0
100328,3.76,15,0.44,66.5,0.73,9.3,0,0
100329,2.0,18,0.87,86.8,0.49,2.4,1,1
100330,1.46,9,0.57,87.8,0.65,0.5,1,1
100331,3.79,18,0.8,56.1,0.93,1.5,1,0
100332,3.37,18,0.62,64.2,0.85,2.9,1,0
100333,3.79,15,0.49,86.5,0.7,12.9,0,0
100334,3.31,12,0.48,66.8,0.87,1.8,0,0
100335,3.63,15,0.47,39.4,0.86,2.2,1,0
100336,2.33,18,0.75,69.9,0.73,0.5,1,1
100337,2.08,15,0.84,74.3,0.69,0.3,0,1
100338,3.01,18,0.69,61.1,0.67,5.2,0,0
100339,3.48,15,0.32,79.0,0.52,1.3,0,0
100340,2.3,12,0.83,100.0,0.52,1.0,0,0
100341,2.88,9,0.95,65.9,0.86,0.3,0,0
100342,3.34,15,0.83,71.6,0.39,8.6,0,0
100343,3.97,15,0.57,71.7,0.67,3.2,0,0
100344,3.13,15,0.81,61.6,0.7,11.4,0,0
100345,3.16,12,0.38,61.8,0.91,3.4,0,1
100346,2.23,18,0.61,95.0,0.97,3.7,1,1
100347,3.29,12,0.85,67.7,0.55,2.8,0,0
100348,2.95,15,0.85,62.0,0.87,8.0,1,0
100349,2.64,9,0.85,82.6,0.61,3.0,0,0
100350,3.34,15,0.64,90.0,0.75,4.3,0,0
100351,3.57,15,0.6,64.5,0.62,0.7,0,0
100352,3.57,9,0.87,91.7,0.84,2.6,0,0
100353,3.32,15,0.81,73.8,0.68,7.2,1,0
100354,3.34,18,0.9,90.1,0.64,5.3,0,0
100355,3.44,12,0.87,88.2,0.64,2.2,0,0
100356,3.79,18,0.56,68.6,0.88,5.0,0,0
100357,1.34,12,0.66,58.4,0.83,3.8,0,0
100358,3.41,15,0.77,67.7,0.86,1.5,1,0
100359,3.04,9,0.81,56.3,0.71,2.5,0,0
100360,2.74,15,0.74,91.2,0.58,2.1,0,0
100361,3.72,12,0.8,80.4,0.75,1.3,0,0
100362,2.32,9,0.63,57.5,0.97,3.0,1,1
100363,3.1,18,0.79,80.7,0.83,1.4,0,0
100364,2.91,15,0.38,51.6,0.6,4.5,1,1
100365,3.68,15,0.89,62.2,0.91,2.8,0,0
100366,2.19,15,0.98,81.4,0.93,3.1,0,0
100367,2.56,18,0.81,70.4,0.96,6.8,0,0
100368,1.77,12,0.59,81.8,0.46,8.0,1,1
100369,2.46,12,0.57,44.0,0.74,7.5,0,0
100370,2.51,15,0.86,100.0,0.49,12.3,0,0
100371,1.45,12,0.72,69.5,0.66,2.4,0,1
100372,3.51,15,0.61,64.9,0.95,5.9,0,0
100373,2.45,15,0.43,84.5,0.78,6.7,0,0
100374,3.46,12,0.81,50.7,0.9,6.1,0,0
100375,2.35,18,0.89,53.3,0.82,11.4,0,0
100376,3.11,18,0.92,90.1,0.77,3.7,0,0
100377,3.6,18,0.64,94.6,0.54,2.7,0,0
100378,2.37,18,0.68,78.0,0.58,6.9,1,1
100379,2.8,18,0.65,82.0,0.62,1.1,0,0
100380,2.82,9,0.86,56.8,0.53,9.0,0,0
100381,3.54,9,0.9,48.3,0.91,2.7,0,0
100382,3.71,15,0.51,76.4,0.72,4.6,0,0
100383,2.66,15,0.5,92.6,0.79,1.1,0,0
100384,1.29,18,0.84,67.6,0.77,10.8,1,0
100385,3.27,9,0.87,72.1,0.77,1.5,0,0
100386,2.77,15,0.79,96.3,0.51,4.5,0,0
100387,2.89,15,0.89,84.1,0.39,1.8,1,0
100388,3.05,15,0.34,67.9,0.97,6.7,0,0
100389,2.05,12,0.58,90.8,0.79,2.4,0,1
100390,3.34,12,0.94,60.7,0.88,8.1,0,0
100391,3.33,9,0.88,82.9,0.63,2.9,0,1
100392,2.59,12,0.62,65.0,0.92,9.4,1,0
100393,3.3,21,0.9,72.5,0.68,2.2,0,0
100394,3.16,12,0.65,65.7,0.82,5.2,1,0
100395,2.96,12,0.81,87.6,0.43,2.6,0,0
100396,2.32,15,0.6,74.8,0.94,3.0,0,1
100397,2.11,21,0.97,58.9,0.89,7.1,0,0
100398,3.24,18,0.58,50.5,0.79,5.4,0,1
100399,2.72,18,0.58,45.8,0.6,13.7,0,0
100400,2.92,15,0.88,71.5,0.89,2.1,0,0
100401,2.06,21,0.53,74.7,0.95,1.2,0,1
100402,2.58,15,0.59,67.4,0.74,6.4,0,0
100403,3.34,15,0.41,85.6,0.52,1.3,1,0
100404,3.25,18,0.87,55.3,0.68,6.9,0,0
100405,3.05,15,0.77,71.6,0.87,6.4,0,0
100406,2.78,18,0.65,100.0,0.83,1.0,1,0
100407,2.79,9,0.87,40.5,0.79,3.6,0,0
100408,3.22,21,0.98,60.4,0.77,2.5,0,0
100409,3.98,9,0.83,50.5,0.74,1.7,0,0
100410,2.42,15,0.85,91.0,0.75,6.5,1,0
100411,3.23,18,0.11,60.6,0.8,8.5,0,0
100412,3.58,18,0.94,92.8,0.75,7.3,1,0
100413,3.29,9,0.21,64.3,0.86,5.7,0,1
100414,3.67,15,0.64,79.9,0.75,2.8,0,0
100415,3.78,21,0.97,88.3,0.86,1.3,0,0
100416,2.83,9,0.73,72.8,0.76,0.6,1,0
100417,2.2,15,0.32,70.7,0.86,2.2,0,1
100418,2.96,12,0.48,88.3,0.66,2.3,0,0
100419,3.35,15,0.92,62.5,0.37,2.6,0,0
100420,3.88,12,0.84,76.3,0.61,2.0,0,0
100421,1.79,9,0.78,100.0,0.73,5.4,1,0
100422,3.24,15,0.79,70.6,0.82,2.5,0,0
100423,3.93,15,0.95,69.4,0.94,1.5,0,0
100424,2.42,15,0.92,67.6,0.83,3.3,0,0
100425,2.76,15,0.5,69.1,0.94,4.3,1,0
100426,3.67,12,0.59,63.4,0.4,13.7,0,0
100427,3.68,12,0.34,100.0,0.83,3.0,0,0
100428,3.23,15,0.83,77.2,0.83,7.1,0,0
100429,2.9,15,0.74,68.0,0.9,3.6,0,0
100430,2.4,12,0.59,68.7,0.63,3.8,1,0
100431,3.4,15,0.9,57.9,0.86,2.9,1,0
100432,2.88,9,0.57,65.9,0.78,1.3,0,0
100433,2.22,9,0.92,58.6,0.57,1.0,1,1
100434,3.28,12,0.84,69.6,0.44,1.3,1,1
100435,3.95,15,0.57,60.8,0.86,3.9,0,0
100436,3.03,18,0.94,56.0,0.99,3.4,1,0
100437,3.7,15,0.91,57.3,0.79,4.3,1,0
100438,2.41,15,0.97,78.1,0.59,4.3,0,0
100439,1.79,9,0.58,67.2,0.98,3.2,0,1
100440,3.86,15,0.94,66.0,0.69,9.0,0,0
100441,2.97,15,0.84,74.4,0.7,5.0,1,0
100442,1.72,18,0.93,54.1,0.98,0.5,1,0
100443,3.69,15,0.7,72.5,0.65,6.8,1,0
100444,1.62,15,0.71,46.3,0.78,0.8,0,1
100445,2.99,12,0.84,94.2,0.47,3.5,1,0
100446,3.12,12,0.6,100.0,0.95,8.3,0,0
100447,3.39,15,0.7,87.8,0.74,4.5,0,0
100448,1.46,15,0.74,87.9,0.66,1.1,1,1
100449,3.12,9,0.9,71.7,0.61,0.6,1,0
100450,1.78,15,0.44,71.4,0.87,3.8,1,0
100451,1.96,18,0.69,72.2,0.59,4.3,0,0
100452,3.82,18,0.64,100.0,0.67,5.4,0,0
100453,3.67,15,0.66,45.1,0.33,1.0,1,0
100454,1.94,12,0.65,77.7,0.81,1.3,0,0
100455,3.11,12,0.9,93.6,0.84,1.7,1,1
100456,2.54,15,0.72,77.5,0.89,3.6,1,0
100457,3.57,15,0.7,69.0,0.72,2.8,0,0
100458,1.9,15,0.7,86.5,0.65,2.6,0,0
100459,2.09,15,0.82,52.6,0.69,7.1,1,0
100460,3.15,18,0.76,100.0,0.53,4.0,0,0
100461,1.93,9,0.9,71.9,0.86,8.8,0,0
100462,3.93,15,0.85,79.2,0.83,4.0,1,0
100463,1.68,21,0.6,87.1,0.45,7.2,0,0
100464,3.55,18,0.35,51.3,0.77,3.3,1,0
100465,1.84,9,0.6,83.1,0.82,0.6,0,0
100466,2.58,21,0.55,46.2,0.92,2.5,1,1
100467,3.63,18,0.38,58.7,0.62,2.3,0,0
100468,2.86,12,0.64,85.7,0.82,2.0,0,0
100469,3.58,15,0.91,58.9,0.68,3.7,1,0
100470,2.56,15,0.84,87.7,0.82,7.3,0,0
100471,2.47,18,0.89,59.7,0.79,1.5,0,0
100472,2.23,9,0.87,70.6,0.93,0.4,0,0
100473,3.24,15,0.53,68.0,0.86,9.9,1,0
100474,2.39,18,0.94,100.0,0.78,2.4,0,0
100475,3.53,15,0.55,79.8,0.87,3.7,0,0
100476,3.92,15,0.81,84.2,0.61,1.8,1,0
100477,2.17,18,0.88,74.9,0.65,5.6,1,1
100478,3.2,15,0.78,71.9,0.85,2.9,0,0
100479,3.11,18,0.82,90.2,0.92,1.9,0,0
100480,2.51,15,0.67,61.3,0.65,1.9,1,1
100481,0.97,21,0.71,89.4,0.77,2.5,0,0
100482,2.84,12,0.9,94.8,0.87,1.6,0,0
100483,2.93,15,0.86,87.9,0.86,6.9,1,0
100484,1.8,15,0.75,58.9,0.92,3.2,0,0
100485,2.87,15,0.73,59.5,0.78,3.6,1,0
100486,3.03,18,0.67,87.1,0.71,2.0,1,0
100487,1.93,15,0.73,55.8,0.82,7.4,0,0
100488,1.95,12,0.7,53.5,0.68,2.1,1,1
100489,2.39,18,0.99,81.7,0.9,5.8,1,0
100490,2.97,18,0.8,71.4,0.7,6.9,1,0
100491,3.12,21,0.31,91.7,0.75,2.6,0,0
100492,2.93,12,0.59,69.8,0.95,4.2,0,0
100493,2.86,21,0.91,81.4,0.81,5.5,0,0
100494,3.57,12,0.65,87.9,0.93,4.8,1,0
100495,2.68,15,0.68,90.5,0.93,3.9,1,0
100496,2.53,18,0.84,61.6,0.79,1.7,0,0
100497,2.58,15,0.45,78.2,0.93,1.6,0,0
100498,2.79,18,0.64,92.0,0.98,1.2,0,0
100499,2.25,15,0.8,100.0,0.78,4.4,0,0
100500,3.53,18,0.88,96.6,0.58,4.0,1,0
100501,3.88,15,0.39,63.7,0.91,18.7,0,0
100502,1.36,9,0.65,42.1,0.64,2.0,0,1
100503,2.29,15,0.57,67.2,0.72,2.7,1,0
100504,1.84,12,0.66,68.1,0.96,3.4,0,0
100505,3.99,21,0.74,57.7,0.77,2.0,0,0
100506,2.74,15,0.74,55.0,0.72,0.8,0,1
100507,3.8,15,0.68,89.1,0.8,3.7,0,0
100508,3.98,15,0.24,99.1,0.8,2.6,0,0
100509,2.98,18,0.55,79.2,0.92,5.3,0,0
100510,1.57,18,0.56,77.9,0.76,2.8,1,1
100511,3.27,15,0.94,45.9,0.55,8.4,1,0
100512,1.37,12,0.41,66.9,0.85,4.4,0,0
100513,2.8,15,0.39,74.7,0.89,2.6,0,0
100514,3.28,18,0.91,98.9,0.81,8.6,0,0
100515,2.96,12,0.78,80.3,0.85,6.4,0,0
100516,3.44,18,0.67,65.8,0.59,4.7,1,0
100517,3.07,15,0.55,91.7,0.86,1.4,1,0
100518,2.24,18,0.81,100.0,0.84,6.1,0,0
100519,2.5,21,0.84,73.1,0.66,4.0,0,0
100520,2.93,12,0.5,71.2,0.77,4.2,0,0
100521,3.18,15,0.59,82.5,0.53,7.1,0,0
100522,3.09,9,0.92,71.3,0.89,9.9,0,0
100523,1.04,18,0.81,83.9,0.71,1.4,1,1
100524,3.9,15,0.92,65.3,0.86,1.7,0,0
100525,3.3,12,0.7,64.0,0.55,1.2,1,0
100526,3.01,9,0.78,68.8,0.86,4.4,0,0
100527,3.54,12,0.53,83.5,0.86,4.2,0,0
100528,1.98,18,0.64,66.4,0.9,6.4,1,1
100529,2.25,15,0.64,79.5,0.54,4.1,0,0
100530,3.11,15,0.48,64.1,0.69,7.5,0,1
100531,3.82,15,0.75,52.1,0.93,3.6,0,0
100532,2.87,18,0.41,82.3,0.93,2.1,0,0
100533,1.83,12,0.79,72.7,0.68,5.1,0,0
100534,3.28,12,0.65,96.9,0.55,0.2,1,0
100535,3.16,15,0.8,66.2,0.71,1.1,0,0
100536,3.1,15,0.86,88.3,0.82,5.4,0,0
100537,2.71,18,0.83,57.7,0.95,0.6,0,1
100538,3.76,15,0.65,55.3,0.56,3.3,1,0
100539,3.49,15,0.67,72.2,0.8,3.9,0,0
100540,3.29,12,0.64,65.9,0.4,6.7,0,0
100541,3.66,18,0.49,95.9,0.61,2.0,1,0
100542,3.58,15,0.65,58.1,0.92,2.0,0,0
100543,2.98,15,0.87,76.7,0.73,0.3,0,0
100544,3.26,18,0.87,67.3,0.75,6.4,0,0
100545,2.81,12,0.65,85.6,0.9,3.3,1,0
100546,3.81,15,0.84,64.4,0.45,1.5,1,0
100547,3.24,15,0.93,61.8,0.95,7.8,0,0
100548,3.66,18,0.74,48.9,0.63,1.6,0,0
100549,3.1,9,0.67,86.1,0.91,3.7,0,0
100550,3.61,15,0.85,72.9,0.87,6.4,0,0
100551,2.77,18,0.31,76.4,0.65,6.7,0,1
100552,3.38,12,0.64,82.7,0.22,13.7,0,0
100553,3.1,15,0.77,60.1,0.81,3.3,0,0
100554,2.24,15,0.79,50.0,0.53,4.6,0,0
100555,3.31,18,0.63,59.5,0.77,9.9,0,0
100556,3.55,15,0.73,72.6,0.87,6.0,0,0
100557,3.02,12,0.94,65.7,0.68,6.9,1,1
100558,2.94,15,0.32,67.5,0.89,0.5,0,0
100559,3.03,15,0.57,58.2,0.66,3.5,0,1
100560,1.73,18,0.9,85.4,0.88,3.5,1,0
100561,2.37,9,0.85,76.4,0.93,3.0,1,0
100562,3.83,15,0.46,67.0,0.78,3.1,0,0
100563,3.68,15,0.51,53.5,0.74,2.0,0,0
100564,3.04,18,0.51,56.2,0.8,3.0,1,0
100565,1.91,18,1.0,53.6,0.86,8.6,1,0
100566,1.78,15,0.62,56.6,0.81,2.3,0,1
100567,3.86,12,0.93,46.1,0.88,4.9,0,0
100568,3.37,15,0.71,87.9,0.78,4.1,1,0
100569,2.51,12,0.5,69.6,0.82,3.3,1,0
100570,1.36,15,0.63,100.0,0.76,3.9,0,1
100571,1.41,18,0.56,61.0,0.47,2.5,0,1
100572,3.88,18,0.83,89.8,0.95,10.7,1,0
100573,2.17,15,0.74,67.1,0.63,10.6,0,0
100574,2.45,15,0.71,77.7,0.69,5.6,0,0
100575,3.12,15,0.88,75.1,0.91,5.2,0,0
100576,3.87,12,0.89,56.1,0.5,0.3,0,0
100577,2.14,12,0.58,79.2,0.63,9.3,1,1
100578,2.43,12,0.43,90.1,0.81,2.4,0,1
100579,3.33,12,0.37,63.3,0.92,3.8,0,0
100580,3.08,12,0.34,100.0,0.93,4.8,0,0
100581,2.79,12,0.89,56.4,0.62,3.1,0,0
100582,2.98,9,0.62,73.2,0.73,3.1,0,0
100583,2.9,15,0.79,91.4,0.7,2.1,1,0
100584,3.94,12,0.97,70.0,0.6,10.7,0,0
100585,2.17,15,0.32,68.9,0.84,4.1,0,0
100586,3.49,12,0.73,47.2,0.9,2.6,1,0
100587,1.97,12,0.85,88.6,0.92,2.9,0,1
100588,3.17,18,0.99,72.6,0.46,2.9,0,0
100589,2.88,15,0.86,85.9,0.79,3.3,1,0
100590,1.89,15,0.96,60.8,0.55,3.9,0,0
100591,2.23,18,0.71,78.2,0.7,1.9,0,0
100592,3.68,9,0.33,100.0,0.68,4.2,1,0
100593,2.11,15,0.74,50.6,0.79,5.4,0,0
100594,3.69,12,0.69,92.0,0.64,3.4,0,0
100595,3.66,12,0.37,87.5,0.95,2.9,0,0
100596,3.08,12,0.69,95.4,0.56,2.6,0,0
100597,1.89,15,0.53,73.2,0.92,1.7,0,1
100598,3.41,12,0.57,64.6,0.8,5.2,0,0
100599,3.87,15,0.46,68.7,0.57,4.1,0,0
100600,0.64,15,0.95,51.6,0.6,5.6,0,1
100601,3.59,21,0.52,70.1,0.49,6.3,0,0
100602,3.16,15,0.85,78.6,0.65,3.4,1,0
100603,2.7,12,0.67,65.8,0.76,11.6,1,0
100604,3.09,15,0.67,60.1,0.98,4.6,0,0
100605,2.55,12,0.79,99.3,0.72,4.3,0,0
100606,2.21,15,0.84,99.4,0.82,1.3,0,0
100607,2.94,18,0.38,74.1,0.88,7.5,0,0
100608,2.81,12,0.7,75.4,0.91,2.1,0,0
100609,3.72,15,0.59,76.4,0.78,1.9,0,0
100610,2.5,15,0.51,60.7,0.87,3.3,1,0
100611,2.91,15,0.99,66.9,0.96,6.3,0,0
100612,1.55,12,0.78,79.0,0.93,1.1,1,0
100613,3.3,12,0.64,69.8,0.98,2.5,0,0
100614,3.89,12,0.48,82.4,0.78,2.1,0,0
100615,2.8,12,0.52,77.8,0.7,7.2,1,0
100616,3.56,18,0.88,82.7,0.57,7.4,0,0
100617,3.01,15,0.82,76.5,0.88,3.0,0,0
100618,3.56,15,0.74,86.8,0.53,0.2,0,0
100619,3.35,12,0.38,97.8,0.79,1.1,1,0
100620,1.35,12,0.25,68.2,0.68,1.2,0,0
100621,2.47,9,0.82,53.3,0.71,2.9,1,0
100622,3.8,9,0.5,71.1,0.92,5.5,0,0
100623,3.11,15,0.66,91.4,0.68,3.8,0,0
100624,1.49,15,0.73,77.7,0.59,1.7,0,1
100625,3.02,12,0.62,79.0,0.99,0.8,1,0
100626,2.45,15,0.95,80.1,0.89,0.9,0,1
100627,2.5,18,0.9,85.6,0.76,2.3,0,0
100628,1.73,15,0.91,71.5,0.46,0.9,0,1
100629,3.45,15,0.37,75.0,0.7,4.5,0,0
100630,2.56,18,0.72,71.7,0.85,0.9,1,1
100631,3.14,15,0.6,83.7,0.9,0.4,1,0
100632,3.17,12,0.82,100.0,0.55,4.1,0,0
100633,3.78,12,0.99,77.5,0.52,2.1,1,0
100634,3.97,15,0.34,82.9,0.79,1.7,1,0
100635,2.96,9,0.48,77.2,0.75,4.3,1,1
100636,3.14,15,0.96,77.3,0.78,6.1,0,0
100637,3.15,15,0.28,83.8,0.56,2.4,0,0
100638,2.7,12,0.75,61.6,0.64,4.1,0,0
100639,3.54,15,0.53,49.7,0.85,6.5,0,0
100640,2.66,18,0.39,58.7,0.82,3.1,0,0
100641,3.2,15,0.56,63.7,0.89,4.7,0,0
100642,2.66,12,0.6,81.9,0.66,2.4,0,0
100643,1.5,15,0.83,61.0,0.97,1.1,0,0
100644,3.77,12,0.57,85.6,0.95,14.0,0,0
100645,3.16,15,0.73,65.5,0.76,2.3,0,0
100646,1.71,12,0.98,79.0,0.96,1.4,0,0
100647,3.39,15,0.93,66.4,0.9,1.8,1,0
100648,3.55,12,0.69,89.2,0.97,3.0,1,0
100649,2.29,15,0.9,91.5,0.62,2.3,1,0
100650,2.54,15,0.65,84.0,0.6,2.4,1,1
100651,2.65,18,0.36,69.0,0.98,1.7,0,0
100652,2.92,18,0.96,78.8,0.68,2.6,0,0
100653,3.17,9,0.64,90.4,0.88,3.8,0,0
100654,2.87,15,0.87,71.6,0.92,3.2,0,1
100655,2.52,15,0.93,65.3,0.78,2.5,1,0
100656,3.88,12,0.29,44.7,0.81,2.1,1,0
100657,2.36,18,0.73,78.4,0.96,3.3,0,0
100658,3.58,18,0.37,79.7,0.51,5.8,1,0
100659,3.9,18,0.7,74.4,0.95,1.9,0,0
100660,1.95,15,0.66,69.9,0.94,2.0,0,0
100661,2.38,21,0.67,69.7,0.58,1.8,0,1
100662,3.82,18,0.64,73.2,0.56,7.9,1,0
100663,1.57,15,0.77,85.3,0.73,3.8,0,0
100664,2.8,21,0.79,72.0,0.88,3.5,1,0
100665,3.6,15,0.72,96.6,0.82,4.4,1,0
100666,2.49,18,0.7,95.0,0.91,3.3,0,0
100667,3.71,12,0.53,63.0,0.98,4.1,0,0
100668,3.14,15,0.85,94.1,0.89,1.6,0,0
100669,3.12,15,0.85,88.7,0.67,1.1,0,0
100670,2.78,21,0.63,83.3,0.33,3.4,1,0
100671,3.74,15,0.63,60.7,0.44,5.0,1,0
100672,3.79,15,0.89,80.2,0.89,0.5,0,0
100673,2.58,9,0.56,98.0,0.58,0.8,0,0
100674,0.79,15,0.44,68.2,0.4,0.2,0,1
100675,3.76,15,0.47,88.2,0.68,4.2,1,0
100676,2.63,15,0.6,72.9,0.93,3.6,0,0
100677,3.4,18,0.61,60.9,0.63,4.6,1,0
100678,3.77,15,0.45,76.8,0.85,2.7,0,0
100679,3.93,12,0.62,84.1,0.7,1.0,0,0
100680,3.38,9,0.82,79.8,0.59,5.7,0,0
100681,1.05,12,0.71,79.8,0.32,2.2,0,1
100682,2.71,9,0.56,84.6,0.8,2.2,0,0
100683,1.21,21,0.48,83.3,0.88,5.1,0,1
100684,3.31,12,0.91,71.7,0.95,2.5,0,0
100685,2.16,18,0.84,67.7,0.9,6.6,0,0
100686,1.9,15,0.62,64.6,0.74,6.7,0,0
100687,3.02,15,0.52,79.3,0.52,3.0,1,0
100688,2.96,12,0.63,66.3,0.9,12.0,1,1
100689,3.63,18,0.91,85.5,0.72,7.2,0,0
100690,2.49,12,0.94,60.1,0.74,11.4,0,0
100691,2.12,18,0.76,71.7,0.97,1.5,1,0
100692,3.53,12,0.94,82.6,0.7,0.2,1,0
100693,3.8,12,0.5,75.8,0.65,3.9,0,0
100694,2.79,12,0.71,54.2,0.87,1.6,0,0
100695,3.32,12,0.78,69.1,0.55,5.0,0,0
100696,3.54,15,0.79,100.0,0.61,6.7,1,0
100697,3.53,12,0.91,64.2,0.56,4.1,1,0
100698,3.2,15,0.87,91.2,0.91,1.1,0,0
100699,3.25,18,0.51,80.5,0.69,1.1,0,0
100700,2.68,15,0.82,84.0,0.74,5.3,0,0
100701,2.77,15,0.75,68.6,0.85,3.4,0,0
100702,3.22,9,0.74,80.3,0.66,0.5,1,0
100703,2.62,18,0.63,78.8,0.84,4.4,0,0
100704,3.95,12,0.86,86.2,0.83,1.2,1,0
100705,2.35,18,0.69,63.6,0.72,2.2,0,0
100706,2.28,15,0.86,54.7,0.63,0.4,0,0
100707,1.92,12,0.83,81.4,0.69,4.3,1,1
100708,3.62,15,0.48,54.5,0.73,20.0,0,0
100709,3.0,12,0.65,57.2,0.51,3.7,0,0
100710,1.42,18,0.55,74.5,0.67,4.4,1,1
100711,2.99,18,0.83,100.0,0.84,2.8,0,0
100712,1.59,15,0.77,66.7,0.76,4.5,0,1
100713,2.79,18,0.42,84.7,0.95,6.2,1,0
100714,2.76,9,0.68,54.4,0.95,2.5,0,0
100715,3.46,15,0.87,89.5,0.92,3.9,0,0
100716,3.54,15,0.6,83.4,0.74,12.1,0,0
100717,3.88,18,0.89,66.2,0.91,4.6,1,0
100718,3.29,12,0.47,56.9,0.98,3.4,0,0
100719,2.66,15,0.54,73.7,0.85,1.2,0,0
100720,3.57,12,0.55,70.8,0.69,2.8,1,0
100721,3.43,18,0.89,75.5,0.81,0.6,1,0
100722,3.21,15,0.41,74.5,0.91,8.3,0,0
100723,2.23,12,0.26,61.0,0.84,2.2,0,1
100724,3.02,9,0.75,67.0,0.77,0.9,1,0
100725,3.17,15,0.9,70.4,0.66,2.8,0,0
100726,3.21,9,0.48,58.0,0.81,5.9,0,0
100727,2.07,18,0.82,47.0,0.74,2.9,0,1
100728,3.26,15,0.74,90.1,0.61,2.2,0,0
100729,3.19,15,0.78,66.0,0.79,4.1,0,0
100730,3.82,12,0.48,88.4,0.69,2.2,1,0
100731,3.38,15,0.83,91.4,0.92,0.3,0,0
100732,2.58,18,0.37,70.8,0.94,3.4,1,0
100733,3.4,15,0.88,89.1,0.77,3.1,1,0
100734,2.96,9,0.58,67.5,0.99,2.4,0,0
100735,3.57,15,0.88,100.0,0.62,11.5,0,0
100736,2.63,15,0.39,84.1,0.59,0.6,0,0
100737,3.38,15,0.68,71.3,0.71,5.1,1,0
100738,2.18,18,0.72,84.8,0.84,0.3,1,0
100739,3.09,12,0.88,71.9,0.87,3.8,0,0
100740,2.79,12,0.49,72.2,0.69,7.3,0,0
100741,1.78,12,0.69,46.1,0.81,2.7,0,0
100742,2.52,9,0.82,38.9,0.71,7.6,0,1
100743,2.04,12,0.54,100.0,0.58,5.8,0,0
100744,3.36,12,0.37,56.1,0.95,4.8,0,1
100745,2.2,12,0.72,81.0,0.73,3.6,0,0
100746,1.94,12,0.83,57.8,0.79,2.5,0,0
100747,1.44,15,0.52,78.7,0.46,7.0,0,0
100748,3.77,15,0.49,53.8,0.98,0.5,0,0
100749,2.4,21,0.6,76.8,0.57,4.0,0,1
100750,3.53,18,0.66,72.9,0.83,3.3,0,0
100751,3.42,18,0.57,76.6,0.56,1.3,0,0
100752,3.8,15,0.89,55.8,0.89,1.0,0,0
100753,3.47,12,0.94,71.8,0.77,3.4,0,0
100754,3.48,18,0.49,76.0,0.95,3.0,0,0
100755,3.1,15,0.96,69.5,0.76,0.8,0,0
100756,3.23,15,0.82,70.7,0.84,18.7,0,0
100757,2.07,12,0.74,68.1,0.73,5.6,0,0
100758,1.98,15,0.54,68.8,0.85,3.5,0,1
100759,2.82,18,0.77,87.1,0.81,6.8,0,0
100760,3.9,15,0.94,96.9,0.81,0.2,1,0
100761,3.16,18,0.7,76.4,0.91,7.5,1,0
100762,3.58,12,0.67,56.5,0.81,1.3,1,0
100763,2.39,12,0.66,73.7,0.71,1.3,1,0
100764,2.82,9,0.63,67.1,0.79,8.6,0,0
100765,2.65,15,0.9,57.0,0.67,1.3,1,0
100766,2.87,18,0.53,85.9,0.95,3.5,0,0
100767,3.18,18,0.89,71.0,0.96,7.5,1,0
100768,2.19,12,0.61,63.9,0.99,0.3,0,0
100769,3.44,15,0.69,100.0,0.34,2.7,0,0
100770,3.17,18,0.97,58.1,0.75,5.4,0,0
100771,3.2,15,0.5,74.2,0.8,5.5,0,0
100772,2.97,18,0.73,100.0,0.61,3.1,1,0
100773,2.85,15,0.83,78.3,0.87,3.5,0,1
100774,3.3,15,0.74,86.2,0.73,7.8,0,0
100775,3.66,15,0.92,58.6,0.66,1.9,0,0
100776,3.87,18,0.79,100.0,0.87,5.9,0,0
100777,3.01,12,0.38,74.3,0.8,3.7,0,1
100778,1.94,12,0.64,87.7,0.74,2.0,1,0
100779,2.69,15,0.69,83.7,0.69,4.0,0,0
100780,3.93,18,0.79,81.1,0.76,8.9,1,0
100781,1.92,15,0.7,56.8,0.9,6.7,0,0
100782,1.77,15,0.5,77.4,0.93,5.3,0,0
100783,3.76,18,0.88,54.9,0.75,3.2,0,0
100784,3.45,15,0.86,64.6,0.94,3.8,0,0
100785,3.1,18,0.39,90.3,0.79,2.1,0,0
100786,3.08,15,0.69,66.7,0.91,1.8,0,0
100787,3.29,15,0.29,93.2,0.88,2.9,0,0
100788,2.03,15,0.74,72.7,0.8,2.1,0,0
100789,3.58,21,0.7,73.0,0.82,1.6,1,0
100790,3.7,15,0.56,60.4,0.72,7.6,0,0
100791,3.1,12,0.54,98.9,0.96,5.3,0,0
100792,3.46,18,0.33,86.1,0.94,3.8,0,0
100793,3.96,15,0.67,68.7,0.84,1.3,1,0
100794,0.71,18,0.69,71.8,0.66,2.3,1,1
100795,2.3,21,0.97,44.8,0.75,1.6,1,0
100796,3.66,21,0.38,73.4,0.97,5.3,0,0
100797,2.62,9,0.64,98.3,0.53,1.5,0,0
100798,1.17,15,0.5,71.5,0.9,4.0,0,0
100799,2.61,15,0.96,84.4,0.81,4.0,0,0
100800,3.75,12,0.41,88.3,0.57,7.2,0,0
100801,3.27,9,0.52,79.5,0.75,1.1,0,0
100802,2.76,15,0.62,83.9,0.76,2.4,0,0
100803,0.75,15,0.79,93.7,0.91,1.4,0,1
100804,2.48,15,0.71,47.9,0.91,3.9,0,1
100805,1.46,15,0.97,100.0,0.45,3.1,0,0
100806,2.76,12,0.84,78.9,0.81,4.3,0,0
100807,3.52,21,0.42,73.4,0.7,2.1,0,0
100808,2.57,12,0.36,78.2,0.71,0.6,0,1
100809,2.77,15,0.78,66.5,0.73,3.8,0,0
100810,3.78,12,0.83,97.6,0.67,3.9,0,0
100811,2.32,15,0.7,86.7,0.68,0.4,1,0
100812,2.0,15,0.74,80.4,0.57,4.8,0,0
100813,3.11,15,0.78,85.0,0.99,6.1,0,0
100814,3.07,18,0.83,61.7,0.78,1.1,0,0
100815,2.76,15,0.83,62.7,0.67,5.9,0,0
100816,3.79,15,0.76,80.4,0.81,2.5,1,0
100817,1.5,12,0.86,94.0,0.6,5.6,0,1
100818,3.9,9,0.93,64.5,0.76,1.7,0,0
100819,3.46,18,0.62,75.1,0.71,2.5,0,0
100820,3.29,18,0.66,79.7,0.98,2.7,0,0
100821,3.22,15,0.92,89.2,0.86,1.5,1,0
100822,2.09,18,0.4,80.0,0.75,6.0,0,1
100823,3.37,15,0.91,86.6,0.55,2.0,0,0
100824,3.29,15,0.78,91.2,0.91,1.0,0,0
100825,3.72,18,0.73,92.3,0.88,2.1,0,0
100826,3.69,9,0.92,82.9,0.78,4.7,0,0
100827,2.77,15,0.74,60.2,0.96,1.9,0,0
100828,1.41,15,0.76,88.3,0.91,1.4,0,0
100829,3.37,18,0.64,76.8,0.81,4.2,1,0
100830,3.14,15,0.54,93.3,0.96,5.6,0,0
100831,2.65,15,0.61,94.1,0.7,1.4,0,0
100832,3.36,15,0.75,72.2,0.93,2.1,0,0
100833,2.35,12,0.68,52.3,0.68,5.9,1,1
100834,2.93,15,0.75,87.3,0.87,0.5,0,0
100835,3.69,15,0.7,80.4,0.68,1.0,1,0
100836,3.39,18,0.88,60.5,0.68,1.6,0,1
100837,1.69,12,0.71,93.5,0.89,5.1,0,0
100838,3.13,9,0.58,60.7,0.5,2.0,0,0
100839,2.74,9,0.59,67.2,0.65,1.5,0,0
100840,3.86,15,0.78,76.4,0.5,6.9,0,0
100841,3.2,12,0.77,72.8,0.44,9.3,0,0
100842,2.12,15,0.3,86.4,0.72,6.5,1,1
100843,2.71,21,0.58,62.5,0.64,4.8,0,0
100844,3.6,21,0.85,86.7,0.89,0.2,1,0
100845,2.4,15,0.9,61.2,0.91,5.1,1,0
100846,2.8,12,0.89,87.4,0.4,0.7,1,0
100847,3.06,12,0.88,64.4,0.75,3.3,0,0
100848,2.07,12,0.43,100.0,0.4,7.5,1,1
100849,3.42,18,0.71,48.2,0.68,3.9,1,0
100850,1.3,12,0.55,63.5,0.68,6.9,0,0
100851,2.16,15,0.79,96.3,0.87,2.9,0,0
100852,3.71,21,0.67,77.6,0.86,2.4,0,0
100853,3.25,15,0.38,83.9,0.68,1.1,0,0
100854,3.67,15,0.6,70.5,0.82,5.1,1,0
100855,3.28,15,0.52,46.6,0.9,3.7,0,0
100856,2.24,15,0.68,96.4,0.86,6.3,0,0
100857,2.4,12,0.74,64.5,0.83,2.0,0,1
100858,1.88,18,0.94,78.4,0.92,0.6,0,0
100859,2.73,15,0.82,51.4,0.89,13.0,0,0
100860,2.49,15,0.62,88.5,0.21,1.3,0,0
100861,2.12,15,0.67,81.7,0.87,4.3,0,0
100862,2.81,15,0.93,78.4,0.43,3.1,1,0
100863,3.14,15,0.87,69.7,0.77,3.6,0,0
100864,3.49,18,0.97,71.0,0.87,4.7,0,0
100865,2.8,12,0.73,100.0,0.94,3.9,0,0
100866,2.54,18,0.8,73.6,0.67,0.8,0,0
100867,3.79,12,0.5,82.5,0.74,4.8,1,0
100868,2.8,15,0.62,66.5,0.79,7.5,1,0
100869,1.55,12,0.28,89.5,0.77,4.0,0,1
100870,3.8,15,0.85,69.7,0.61,3.6,0,0
100871,1.94,15,0.55,83.8,0.94,2.1,0,0
100872,3.0,12,0.37,84.9,0.9,1.3,1,0
100873,1.68,15,0.74,88.9,0.9,4.1,1,0
100874,2.77,12,0.54,100.0,0.92,2.4,0,0
100875,2.9,18,0.61,93.3,0.61,3.3,0,0
100876,2.7,12,0.57,75.5,0.86,4.4,0,0
100877,2.96,18,0.8,75.0,0.52,2.5,0,0
100878,1.99,15,0.6,87.3,0.84,7.4,0,0
100879,0.75,12,0.52,81.3,0.71,3.3,0,1
100880,3.66,12,0.72,63.3,0.92,3.3,0,0
100881,3.84,15,0.65,78.4,0.78,4.5,1,0
100882,3.37,15,0.38,81.1,0.86,2.8,0,0
100883,2.6,15,0.8,96.9,0.68,0.3,0,0
100884,2.21,15,0.64,88.0,0.88,1.6,0,0
100885,1.42,12,0.63,77.4,0.78,3.5,0,1
100886,3.23,15,0.63,84.8,0.89,3.3,0,0
100887,3.85,15,0.75,100.0,0.64,1.9,1,0
100888,1.77,18,0.77,87.1,0.85,17.4,0,0
100889,3.38,15,0.43,73.1,0.77,3.1,0,0
100890,3.61,12,0.61,81.8,0.66,6.3,0,0
100891,2.56,15,0.89,42.9,0.92,1.9,0,0
100892,2.5,15,0.83,61.9,0.89,2.1,0,0
100893,3.79,15,0.94,55.5,0.8,2.8,1,0
100894,2.69,15,0.5,71.8,0.93,1.7,0,0
100895,2.85,15,0.63,66.3,0.66,5.4,1,0
100896,3.47,15,0.85,60.6,0.95,4.3,0,0
100897,2.96,15,0.59,93.8,0.75,4.9,1,1
100898,1.4,12,0.35,70.4,0.83,5.5,1,1
100899,3.51,15,0.81,90.5,0.5,3.6,0,0
100900,2.72,15,0.51,100.0,0.74,2.9,0,0
100901,3.11,15,0.6,74.0,0.72,0.6,1,0
100902,3.31,9,0.87,54.3,0.58,2.8,1,0
100903,2.35,15,0.58,72.9,0.8,0.4,0,1
100904,2.28,18,0.91,83.9,0.85,0.6,1,0
100905,3.04,18,0.98,78.2,0.67,6.9,0,0
100906,2.92,18,0.83,91.8,0.73,1.0,0,0
100907,3.13,12,0.49,84.5,0.89,9.5,0,0
100908,3.89,15,0.64,71.2,0.79,2.8,0,0
100909,3.14,15,0.33,71.3,0.71,3.4,0,0
100910,2.46,15,0.66,88.3,0.75,10.7,0,0
100911,2.63,18,0.81,86.8,0.71,2.6,0,0
100912,3.92,15,0.39,89.7,0.76,2.9,0,0
100913,2.41,12,0.95,55.2,0.77,4.2,1,0
100914,3.21,9,0.56,82.9,0.35,1.5,0,0
100915,2.86,15,0.64,71.1,0.99,4.0,0,0
100916,2.85,18,0.4,90.5,0.71,12.5,0,0
100917,2.35,18,0.8,76.9,0.81,3.1,0,0
100918,2.11,12,0.73,82.9,0.33,2.0,1,1
100919,3.73,18,0.81,93.9,0.71,6.4,0,0
100920,3.41,12,0.88,84.4,0.91,1.7,0,0
100921,3.28,12,0.65,81.7,0.8,7.1,0,0
100922,2.77,15,0.43,85.7,0.92,1.3,0,1
100923,1.54,15,0.87,58.9,0.59,4.1,0,1
100924,2.78,15,0.54,75.4,0.58,1.6,0,0
100925,3.54,12,0.9,50.8,0.4,1.7,0,0
100926,2.41,15,0.4,63.4,0.66,1.9,0,0
100927,2.05,9,0.9,55.1,0.87,2.4,0,0
100928,3.65,12,0.38,74.0,0.9,8.6,0,0
100929,3.12,18,0.79,69.7,0.73,1.6,0,0
100930,2.58,18,0.79,79.5,0.58,0.7,1,0
100931,2.35,18,0.74,97.1,0.44,1.5,0,0
100932,3.04,12,0.65,90.1,0.89,2.7,0,0
100933,3.9,12,0.72,100.0,0.56,0.9,0,0
100934,3.62,12,0.84,70.0,0.63,3.7,1,0
100935,2.75,9,0.6,73.6,0.82,6.5,0,0
100936,3.18,15,0.64,65.4,0.51,1.5,0,1
100937,3.75,15,0.89,82.5,0.84,8.2,0,0
100938,3.46,12,0.4,77.3,0.62,7.1,0,0
100939,1.82,12,0.79,96.8,0.65,1.1,1,0
100940,3.33,15,0.93,66.3,0.76,3.4,0,0
100941,2.34,18,0.67,70.3,0.47,0.8,0,0
100942,2.79,18,0.36,100.0,0.83,8.3,0,0
100943,2.84,15,0.85,52.5,0.86,2.9,0,0
100944,3.31,18,1.0,70.2,0.76,2.7,1,0
100945,3.77,15,0.9,100.0,0.81,6.9,1,0
100946,3.36,15,0.82,67.1,0.76,1.9,0,0
100947,1.87,21,0.38,79.5,0.67,7.6,1,1
100948,2.96,15,0.71,55.7,0.49,4.9,0,0
100949,3.01,15,0.88,64.0,0.89,3.6,0,0
100950,3.06,21,0.95,62.0,0.79,1.2,0,0
100951,2.92,18,0.52,90.5,0.51,6.9,1,0
100952,2.73,18,0.79,62.1,0.79,0.6,1,1
100953,3.56,18,0.79,66.3,0.85,3.1,0,0
100954,2.58,15,0.42,65.2,0.85,6.2,0,0
100955,3.68,9,0.76,81.0,0.86,2.0,0,0
100956,2.12,15,0.54,94.1,0.74,2.1,1,0
100957,3.53,12,0.58,63.8,0.86,6.5,0,0
100958,0.92,9,0.84,71.9,0.89,4.3,0,1
100959,3.19,21,0.63,90.3,0.63,8.3,1,0
100960,2.47,15,0.82,66.8,0.62,2.7,1,0
100961,3.03,18,0.84,73.7,0.85,4.8,0,0
100962,3.96,18,0.67,64.5,0.79,1.5,0,0
100963,2.4,21,0.62,77.3,0.76,7.5,1,0
100964,3.39,15,0.8,63.8,0.71,13.9,0,0
100965,3.83,9,0.51,80.6,0.71,6.0,1,0
100966,2.99,15,0.45,36.6,0.94,4.7,0,1
100967,3.73,15,0.51,69.9,0.82,6.6,0,0
100968,3.77,12,0.72,91.5,0.72,2.7,1,0
100969,3.21,15,0.29,100.0,0.99,6.0,0,0
100970,2.62,12,0.68,79.6,0.61,1.9,1,1
100971,3.67,12,0.36,73.7,0.81,3.3,1,0
100972,3.73,15,0.82,70.8,0.61,1.3,0,0
100973,2.56,12,0.93,79.3,0.86,2.1,0,0
100974,2.94,15,0.89,75.3,0.9,0.5,0,0
100975,3.03,12,0.86,62.2,0.81,2.8,0,0
100976,3.38,18,0.82,69.2,0.75,7.4,0,0
100977,2.91,15,0.77,87.6,0.8,1.4,1,0
100978,1.44,12,0.89,74.5,0.76,5.7,1,0
100979,3.36,18,0.83,89.9,0.8,5.8,1,0
100980,2.81,12,0.5,98.4,0.8,2.4,0,0
100981,3.46,18,0.7,53.4,0.75,3.4,1,0
100982,3.01,18,0.65,100.0,0.92,7.9,0,0
100983,3.77,15,0.94,61.8,0.96,5.1,0,0
100984,2.56,15,0.9,61.0,0.93,4.0,0,0
100985,3.56,12,0.83,78.8,0.72,5.9,0,0
100986,2.16,15,0.73,74.8,0.63,4.1,0,0
100987,2.72,15,0.55,75.6,0.99,1.3,0,0
100988,2.25,18,0.93,89.1,0.79,5.8,0,0
100989,3.05,15,0.9,75.2,0.72,0.6,0,0
100990,3.84,18,0.4,91.3,0.65,3.0,0,0
100991,2.81,15,0.83,70.6,0.85,5.3,1,1
100992,3.08,15,0.79,78.2,0.93,2.2,0,0
100993,2.68,15,0.85,76.9,0.47,1.5,0,0
100994,3.66,18,0.66,88.1,0.77,3.2,0,0
100995,1.47,18,0.85,66.9,0.84,0.4,0,1
100996,1.48,18,0.53,70.4,0.68,2.5,1,1
100997,2.58,12,0.41,66.3,0.6,2.5,0,1
100998,3.14,15,0.94,73.1,0.85,1.9,1,0
100999,3.21,15,0.67,74.1,0.61,5.8,0,0
101000,2.6,15,0.63,62.6,0.66,5.7,0,0
101001,2.29,12,0.83,78.4,0.9,5.1,0,0
101002,3.54,15,0.83,70.9,0.82,0.5,0,0
101003,2.41,18,0.75,83.5,0.78,2.6,0,0
101004,3.07,15,0.78,93.8,0.83,19.6,0,0
101005,2.26,15,0.67,90.2,0.47,1.5,0,1
101006,2.0,18,0.78,86.6,0.94,5.7,0,0
101007,3.47,15,0.67,51.2,0.69,7.4,1,0
101008,3.6,15,0.85,60.4,0.71,3.6,0,0
101009,1.69,15,0.65,77.0,0.97,3.9,0,1
101010,2.86,15,0.62,65.0,0.55,5.6,0,0
101011,3.08,18,0.65,60.0,0.45,8.0,0,0
101012,2.95,18,0.91,81.5,0.82,2.6,1,0
101013,2.11,15,0.58,95.5,0.65,0.8,0,0
101014,3.61,15,0.79,100.0,0.82,5.7,0,0
101015,2.98,21,0.31,68.1,0.85,0.7,0,1
101016,2.78,12,0.71,97.6,0.49,10.5,0,0
101017,3.14,18,0.78,64.0,0.66,4.4,0,0
101018,3.74,15,0.75,100.0,0.79,0.7,0,0
101019,1.8,15,0.74,65.6,0.63,6.4,0,1
101020,3.71,21,0.6,75.8,0.64,3.2,1,0
101021,3.14,18,0.86,68.7,0.54,5.5,1,1
101022,2.94,21,0.72,80.4,0.78,3.4,1,0
101023,2.94,15,0.96,63.6,0.61,6.9,0,0
101024,3.72,18,0.79,77.2,0.85,1.5,0,0
101025,2.98,15,0.53,77.4,0.85,3.5,1,0
101026,2.4,18,0.65,58.6,0.97,3.9,1,0
101027,2.83,18,0.68,75.2,0.96,3.8,0,0
101028,2.94,15,0.56,77.8,0.87,5.4,0,0
101029,3.32,15,0.97,96.5,0.74,11.7,0,1
101030,2.77,9,0.74,69.4,0.78,3.4,1,0
101031,3.0,15,0.51,50.3,0.69,3.4,0,0
101032,0.88,15,0.58,44.7,0.76,3.1,0,1
101033,2.61,9,0.93,86.6,0.95,4.1,1,0
101034,3.44,15,0.58,64.7,0.77,4.6,0,0
101035,2.31,18,0.75,74.4,0.6,10.3,0,0
101036,2.96,12,0.78,74.6,0.89,6.6,1,1
101037,3.03,15,0.81,69.8,0.88,3.0,0,0
101038,3.01,12,0.81,100.0,0.82,0.4,0,0
101039,2.1,12,0.54,89.1,0.65,4.3,0,0
101040,3.75,12,0.85,92.2,0.88,2.7,0,0
101041,1.3,12,0.87,73.0,0.68,2.5,0,1
101042,3.47,15,0.87,54.5,0.83,1.7,0,0
101043,3.55,12,0.71,84.3,0.88,4.5,0,0
101044,3.95,15,0.57,69.2,0.82,3.1,0,0
101045,3.54,15,0.46,76.9,0.41,2.4,1,1
101046,3.25,15,0.84,92.1,0.75,4.1,1,0
101047,3.23,18,0.68,72.6,0.67,2.4,1,0
101048,3.65,15,0.83,54.5,0.56,6.5,0,1
101049,3.92,18,0.75,73.4,0.96,4.8,0,0
101050,3.32,9,0.79,86.3,0.78,0.7,1,0
101051,3.66,18,0.66,67.5,0.85,2.4,0,0
101052,3.06,15,0.91,75.0,0.88,2.9,0,0
101053,3.28,9,0.47,68.3,0.85,1.0,1,0
101054,1.33,15,0.54,77.1,0.82,1.1,0,0
101055,2.79,12,0.94,79.7,0.78,1.6,0,0
101056,3.14,9,0.85,74.7,0.76,10.2,0,0
101057,3.17,15,0.87,92.0,0.77,1.2,0,0
101058,2.47,18,0.87,40.5,0.96,5.9,0,0
101059,3.94,12,0.8,82.2,0.86,0.8,1,0
101060,2.54,15,0.74,70.4,0.83,5.7,0,0
101061,2.65,12,0.92,100.0,0.94,5.0,0,0
101062,3.94,12,0.44,100.0,0.45,3.3,0,0
101063,3.21,12,0.63,69.4,0.61,5.4,0,0
101064,3.69,18,0.62,75.6,0.72,2.3,0,0
101065,3.49,12,0.39,67.8,0.89,2.1,0,0
101066,2.25,15,0.33,68.6,0.58,0.8,0,0
101067,2.71,18,0.71,64.6,0.49,4.8,1,0
101068,2.18,12,0.81,92.4,0.82,4.1,1,0
101069,1.95,12,0.33,80.6,0.86,2.1,0,1
101070,3.5,15,0.83,68.1,0.62,2.7,0,0
101071,2.76,12,0.94,55.7,0.84,5.6,0,0
101072,3.2,15,0.77,80.5,0.6,2.9,0,0
101073,3.86,15,0.72,75.3,0.67,3.5,0,0
101074,2.11,12,0.63,71.9,0.87,2.8,0,0
101075,3.96,18,0.98,80.3,0.7,4.5,0,0
101076,3.43,15,0.63,97.0,0.78,2.4,1,0
101077,2.34,15,0.82,62.8,0.42,2.5,0,1
101078,3.16,12,0.8,75.8,0.96,7.9,0,0
101079,3.3,15,0.75,74.1,0.71,4.6,0,0
101080,3.38,9,0.63,79.8,0.72,6.2,1,0
101081,2.84,15,0.95,87.6,0.3,4.1,0,0
101082,3.65,12,0.28,100.0,0.85,1.8,0,0
101083,1.82,15,0.83,94.6,0.67,7.8,0,0
101084,2.57,12,0.57,67.5,0.59,5.2,0,0
101085,2.81,12,0.74,48.6,0.47,4.0,0,1
101086,3.68,15,0.72,51.3,0.99,3.3,0,0
101087,2.64,15,0.65,64.2,0.84,1.5,0,0
101088,1.34,15,0.92,82.9,0.83,3.8,0,1
101089,3.28,18,0.79,84.8,0.96,2.4,0,0
101090,1.9,9,0.65,88.6,0.61,2.1,0,0
101091,3.75,18,0.75,67.4,0.81,4.8,0,0
101092,2.1,15,0.63,57.8,0.65,1.5,1,0
101093,2.55,15,0.68,73.4,0.93,5.9,0,0
101094,2.67,15,0.6,62.8,0.79,4.7,1,0
101095,3.72,21,0.95,76.0,0.42,4.1,0,0
101096,2.09,15,0.7,74.4,0.57,2.0,0,0
101097,3.26,15,0.5,83.6,0.34,4.0,0,1
101098,3.89,12,0.85,60.1,0.65,11.7,0,0
101099,2.58,15,0.92,70.5,0.68,1.5,0,0
101100,2.82,18,0.38,65.3,0.82,5.9,1,0
101101,3.36,15,0.75,100.0,0.91,2.7,0,0
101102,3.33,15,0.74,72.7,0.84,2.2,0,0
101103,3.75,15,0.67,72.2,0.58,3.5,0,0
101104,3.31,15,0.86,77.6,0.89,0.4,0,0
101105,3.86,15,0.73,74.6,0.78,1.9,0,0
101106,3.7,12,0.91,84.3,0.62,3.7,0,0
101107,2.56,15,0.63,75.6,0.95,4.0,1,0
101108,2.95,18,0.43,71.8,0.89,4.4,0,0
101109,1.52,15,0.45,73.1,0.88,3.9,0,1
101110,1.41,12,0.85,78.3,0.84,5.0,0,0
101111,3.71,15,0.61,100.0,0.7,4.7,0,0
101112,3.08,15,0.75,92.2,0.9,6.5,1,0
101113,3.95,15,0.9,57.7,0.67,3.3,0,0
101114,2.44,18,0.78,78.6,0.79,0.6,0,1
101115,3.43,15,0.55,100.0,0.73,13.4,0,0
101116,1.78,9,0.76,81.4,0.61,3.3,0,0
101117,2.81,12,0.97,63.2,0.79,1.5,0,0
101118,3.13,9,0.86,78.6,0.95,3.2,0,0
101119,2.24,15,0.21,100.0,0.69,9.5,0,0
101120,3.54,18,0.88,61.2,0.72,1.0,1,1
101121,1.32,15,0.85,67.5,0.6,4.3,0,0
101122,2.75,15,0.87,67.4,0.86,3.4,0,0
101123,3.31,18,0.82,67.3,0.98,0.6,1,0
101124,1.73,12,0.55,71.7,0.74,2.6,1,0
101125,3.14,21,0.8,69.8,0.46,2.3,0,0
101126,2.5,12,0.87,82.3,0.56,3.7,0,0
101127,2.08,15,0.6,64.2,0.76,2.2,0,1
101128,2.37,15,0.99,60.0,0.68,1.9,0,1
101129,1.9,18,0.91,100.0,0.78,0.7,0,0
101130,2.18,15,0.8,83.1,0.82,2.6,0,0
101131,3.21,15,0.61,98.0,0.69,6.5,0,0
101132,3.04,12,0.7,75.7,0.8,5.8,1,0
101133,1.4,18,0.73,88.0,0.87,3.4,0,1
101134,1.81,15,0.64,81.8,0.78,5.9,0,0
101135,3.45,18,0.52,92.5,0.72,1.2,1,0
101136,2.89,12,0.96,83.6,0.91,9.1,0,0
101137,3.51,12,0.76,95.6,0.54,3.6,0,0
101138,2.67,15,0.79,89.1,0.96,1.8,1,0
101139,3.45,18,0.74,78.9,0.83,0.4,0,0
101140,3.56,15,0.42,53.1,0.79,2.7,1,0
101141,3.19,15,0.78,71.6,0.67,3.4,0,0
101142,3.36,12,0.3,77.7,0.86,1.2,0,0
101143,3.14,18,0.5,72.9,0.6,6.9,0,0
101144,3.87,15,0.73,66.4,0.9,0.9,0,0
101145,2.15,15,0.43,84.1,0.8,2.3,1,0
101146,2.44,15,0.65,94.7,0.78,1.4,1,0
101147,3.2,18,0.48,100.0,0.96,4.5,0,0
101148,2.13,12,0.41,99.5,0.41,10.0,1,1
101149,2.82,15,0.85,67.9,0.75,3.5,0,0
101150,2.41,12,0.45,49.0,0.94,6.4,0,0
101151,3.67,18,0.79,50.3,0.96,2.8,1,0
101152,3.49,12,0.67,71.9,0.89,8.8,0,0
101153,0.62,12,0.43,81.6,0.56,2.0,0,1
101154,1.58,15,0.84,62.3,0.96,3.3,0,1
101155,2.89,15,0.54,80.1,0.6,0.5,1,0
101156,2.68,15,0.84,93.4,0.58,1.6,0,0
101157,3.3,12,0.8,54.3,0.95,7.0,0,0
101158,2.53,12,0.52,54.9,0.91,1.1,1,0
101159,3.6,18,0.75,97.3,0.31,0.7,0,0
101160,3.51,15,0.85,83.1,0.44,1.5,0,0
101161,3.15,15,0.47,77.8,0.58,1.3,0,0
101162,1.81,18,0.35,70.8,0.17,6.2,0,1
101163,3.0,18,0.61,76.5,0.92,5.0,0,0
101164,3.34,12,0.4,71.4,0.87,8.0,0,0
101165,3.32,12,0.37,84.0,0.8,3.0,1,0
101166,2.67,18,0.61,82.5,0.79,1.2,0,0
101167,3.59,15,0.84,80.0,0.58,2.8,0,0
101168,3.9,15,0.52,88.6,0.77,0.6,0,0
101169,0.9,21,0.75,79.5,0.78,3.5,0,1
101170,2.82,12,0.92,73.5,0.58,1.1,0,0
101171,2.82,18,0.63,73.9,0.74,5.1,0,0
101172,2.59,18,0.73,91.3,0.74,9.2,0,0
101173,3.35,12,0.67,89.5,0.93,2.9,0,0
101174,3.35,15,0.44,77.3,0.88,7.1,0,0
101175,1.72,21,0.68,63.0,0.86,4.4,0,1
101176,3.17,15,0.86,50.9,0.4,4.4,1,0
101177,3.23,12,0.4,89.3,0.91,5.9,1,0
101178,3.03,18,0.77,61.9,0.51,2.9,0,0
101179,3.03,12,0.29,62.2,0.67,3.3,1,1
101180,2.61,12,0.54,70.3,0.78,4.8,0,0
101181,3.23,15,0.38,44.2,0.87,2.6,0,1
101182,2.78,15,0.85,70.6,0.97,2.2,0,0
101183,1.23,12,0.86,87.9,0.7,1.7,1,0
101184,2.32,15,0.71,81.9,0.66,4.2,0,0
101185,3.11,18,0.77,80.8,0.65,5.6,0,0
101186,3.9,12,0.98,68.6,0.74,2.0,0,0
101187,3.39,12,0.88,88.9,0.83,7.7,0,1
101188,3.56,15,0.33,85.3,0.56,2.6,1,0
101189,3.36,12,0.88,52.9,0.8,1.2,0,0
101190,3.42,18,0.4,83.8,0.78,1.8,0,0
101191,3.36,18,0.79,43.4,0.96,2.1,0,0
101192,3.58,15,0.96,69.5,0.74,1.2,1,0
101193,2.89,18,0.72,84.1,0.87,4.9,0,0
101194,2.87,18,0.85,87.8,0.88,6.0,0,0
101195,3.71,15,0.55,55.9,0.55,2.4,0,0
101196,2.27,18,0.87,67.6,0.67,9.4,0,0
101197,3.2,15,0.73,91.7,0.66,0.4,1,0
101198,3.68,12,0.42,84.5,0.85,2.1,0,0
101199,1.68,15,0.81,84.8,0.87,4.1,0,0
101200,2.63,12,0.68,100.0,0.26,4.0,0,0
101201,1.99,18,0.72,67.6,0.76,3.2,0,0
101202,3.56,18,0.78,93.5,0.6,2.4,0,0
101203,2.63,15,0.58,72.9,0.84,4.6,0,0
101204,3.33,15,0.64,76.0,0.79,0.9,1,0
101205,2.7,12,0.49,89.0,0.99,8.5,0,0
101206,2.55,12,0.44,84.5,0.81,2.5,0,1
101207,2.94,12,0.68,62.5,0.65,3.4,0,0
101208,2.95,18,0.4,69.1,0.92,7.6,0,0
101209,1.64,15,0.94,76.4,0.58,8.7,1,0
101210,2.18,15,0.61,73.4,0.66,4.8,0,1
101211,2.24,15,0.89,97.7,0.85,0.8,0,0
101212,1.92,15,0.87,98.0,0.67,2.1,0,0
101213,3.14,12,0.7,73.6,0.47,4.3,0,0
101214,3.9,12,0.82,100.0,0.72,2.3,0,0
101215,3.88,15,0.81,64.8,0.97,5.2,0,0
101216,2.62,15,0.73,34.2,0.79,5.3,0,0
101217,2.46,9,0.8,86.9,0.78,2.7,0,0
101218,3.66,12,0.75,75.7,0.84,4.7,0,0
101219,2.25,12,0.76,67.0,0.82,3.6,0,0
101220,2.75,15,0.79,59.9,0.45,5.4,0,1
101221,3.04,15,0.45,81.4,0.71,5.9,1,0
101222,3.05,18,0.61,92.6,0.72,2.6,0,0
101223,3.67,12,0.94,52.9,0.51,2.7,0,0
101224,2.33,12,0.32,100.0,0.45,0.5,0,0
101225,3.93,18,0.49,84.6,0.83,0.4,0,0
101226,1.59,15,0.97,67.0,0.68,5.2,0,0
101227,2.6,15,0.82,73.7,0.82,4.8,1,0
101228,3.44,15,0.57,88.9,0.95,2.7,0,0
101229,3.23,15,0.45,60.2,0.98,10.1,0,0
101230,2.91,18,0.77,63.4,0.92,1.6,0,0
101231,3.58,12,0.83,55.3,0.83,8.6,0,0
101232,3.1,15,0.82,94.3,0.35,2.0,1,1
101233,1.18,9,0.77,73.1,0.85,8.1,1,0
101234,2.94,12,0.46,93.8,0.85,11.7,0,0
101235,3.21,12,0.49,64.4,0.81,18.0,0,0
101236,3.78,15,0.69,75.9,0.64,1.8,0,0
101237,3.17,12,0.37,95.3,0.82,2.6,0,0
101238,3.48,15,0.52,70.9,0.93,4.6,0,0
101239,2.53,15,0.64,95.8,0.9,0.9,1,0
101240,1.61,15,0.53,72.2,0.89,0.6,1,1
101241,2.54,15,0.67,83.0,0.76,5.8,1,0
101242,2.41,15,0.77,58.6,0.85,1.9,1,0
101243,3.64,15,0.81,70.9,0.84,0.6,0,0
101244,3.14,9,0.9,100.0,0.75,1.4,0,0
101245,3.79,21,0.49,68.2,0.79,2.7,0,0
101246,2.02,15,0.88,85.8,0.73,1.4,0,0
101247,3.89,15,0.65,59.8,0.68,10.4,0,0
101248,1.94,15,0.81,74.9,0.97,6.8,1,0
101249,3.79,15,0.32,94.2,0.31,3.3,0,0
101250,3.53,12,0.51,74.7,0.98,2.1,0,0
101251,1.89,15,0.98,78.0,0.84,4.8,1,0
101252,3.94,18,0.89,68.1,1.0,3.1,1,0
101253,1.63,15,0.82,49.5,0.78,3.9,0,1
101254,2.31,9,0.68,75.4,0.94,2.9,0,0
101255,2.57,12,0.3,70.9,0.79,7.2,0,0
101256,3.44,12,0.52,80.2,0.6,3.3,1,0
101257,3.78,18,0.75,36.8,0.63,2.4,0,0
101258,3.63,15,0.53,73.9,0.32,10.0,1,0
101259,3.19,12,0.29,65.1,0.77,0.9,0,1
101260,3.41,9,0.31,64.2,0.74,6.3,0,0
101261,2.53,15,0.31,77.5,0.95,1.4,0,1
101262,3.2,21,0.45,83.0,0.65,1.5,0,0
101263,3.57,18,0.65,77.3,0.74,0.5,0,0
101264,1.23,15,0.7,57.5,0.6,3.1,0,1
101265,1.95,9,0.9,73.2,0.55,3.4,0,1
101266,3.19,18,0.62,100.0,0.85,0.7,0,0
101267,1.83,15,0.83,90.3,0.63,8.1,0,0
101268,2.5,15,0.37,55.5,0.57,3.7,1,1
101269,3.64,15,0.7,78.9,0.86,1.8,1,0
101270,2.51,18,0.48,72.3,0.66,1.3,1,0
101271,3.77,12,0.45,73.3,0.88,5.0,1,0
101272,3.28,15,0.75,66.9,0.92,7.3,0,0
101273,2.45,21,0.87,69.1,0.6,0.2,0,0
101274,1.87,15,0.74,73.5,0.92,0.4,0,0
101275,3.44,12,0.63,77.0,0.57,4.3,1,0
101276,2.45,18,0.24,67.5,0.86,6.1,0,1
101277,2.69,9,0.68,84.3,0.76,5.1,1,0
101278,1.87,15,0.89,95.8,0.81,2.8,0,0
101279,2.2,18,0.87,79.3,0.72,8.8,1,0
101280,2.64,15,0.9,88.6,0.8,3.2,0,0
101281,3.46,12,0.81,54.3,0.83,7.9,0,0
101282,3.22,18,0.67,86.7,0.97,0.9,1,0
101283,3.45,12,0.95,86.4,0.87,5.1,1,0
101284,3.45,12,0.7,67.4,0.44,6.0,0,0
101285,3.29,12,0.94,68.0,0.87,1.0,0,0
101286,3.36,21,0.84,77.7,0.9,2.3,1,0
101287,2.39,12,0.78,47.7,0.93,1.8,0,0
101288,2.88,21,0.63,71.3,0.95,2.5,0,0
101289,2.3,18,0.69,70.6,0.93,1.7,0,0
101290,3.73,15,0.47,78.7,0.6,1.6,0,0
101291,2.73,18,0.61,79.6,0.89,3.4,0,1
101292,3.33,18,0.79,80.4,0.78,3.5,0,0
101293,3.13,12,0.9,46.7,0.87,0.4,0,0
101294,1.55,18,0.29,71.2,0.86,0.2,0,0
101295,3.68,15,0.5,68.8,0.79,0.7,0,0
101296,1.8,15,0.72,90.1,0.83,8.4,0,0
101297,3.68,18,0.46,72.9,0.72,1.8,1,0
101298,3.08,18,0.74,94.9,0.53,8.3,0,0
101299,2.65,15,0.6,81.1,0.82,4.8,0,0
101300,3.14,12,0.77,64.4,0.87,2.9,1,0
101301,3.72,15,0.73,87.4,0.69,4.7,0,0
101302,3.64,9,0.73,82.8,0.95,6.5,0,1
101303,1.74,12,0.65,65.5,0.89,2.0,0,1
101304,2.6,15,0.77,46.0,0.79,1.2,0,0
101305,2.38,15,0.55,66.7,0.73,3.1,1,1
101306,2.79,15,0.75,100.0,0.83,6.0,1,0
101307,2.03,15,0.71,55.6,0.87,6.0,0,0
101308,2.64,12,0.74,61.4,0.63,6.2,1,0
101309,3.35,18,0.53,74.7,0.98,4.3,0,0
101310,1.62,15,0.65,68.1,0.93,2.3,1,1
101311,2.36,12,0.89,63.3,0.9,2.7,1,0
101312,3.26,15,0.74,92.6,0.72,3.0,1,0
101313,2.38,21,0.72,72.2,0.92,6.2,0,0
101314,1.61,15,0.61,66.8,0.53,13.3,1,1
101315,2.76,15,0.67,56.7,0.9,9.7,0,0
101316,3.8,15,0.75,52.2,0.81,4.5,0,0
101317,3.47,15,0.76,57.3,0.7,2.5,1,0
101318,2.91,18,0.91,63.0,0.79,1.5,0,0
101319,3.8,15,0.65,64.4,0.9,3.1,0,0
101320,3.52,21,0.72,75.9,0.54,5.3,1,0
101321,2.83,12,0.83,68.2,0.82,5.3,1,0
101322,3.79,12,0.48,44.7,0.37,1.9,0,0
101323,2.77,9,0.67,78.6,0.82,1.3,0,0
101324,2.33,12,0.42,70.8,0.9,1.9,1,0
101325,2.61,18,0.94,80.8,0.85,10.4,0,0
101326,1.69,15,0.71,53.7,0.78,4.6,0,0
101327,3.67,15,0.89,79.1,0.84,1.9,0,0
101328,3.19,12,0.93,79.7,0.58,4.6,0,0
101329,2.84,15,0.78,65.7,0.47,3.0,0,0
101330,3.37,18,0.5,85.9,0.68,4.4,1,0
101331,3.03,18,0.27,62.4,0.86,1.5,0,0
101332,2.62,18,0.68,87.8,0.82,4.4,0,0
101333,1.12,12,0.92,67.3,0.95,12.6,0,0
101334,3.88,15,0.49,86.8,0.6,2.5,0,0
101335,2.77,15,0.23,73.4,0.9,4.5,1,0
101336,3.8,18,0.53,91.9,0.71,3.4,0,0
101337,3.36,15,0.38,70.5,0.75,3.5,0,0
101338,3.01,15,0.75,86.1,0.65,2.0,1,0
101339,1.13,18,0.92,49.3,0.73,9.7,1,1
101340,3.71,15,0.83,67.5,0.69,6.1,0,0
101341,3.12,12,0.71,63.5,0.52,3.9,0,0
101342,3.13,21,0.69,61.7,0.59,0.7,0,0
101343,3.92,9,0.51,91.5,0.78,6.3,1,0
101344,3.24,15,0.91,82.9,0.82,2.8,1,0
101345,3.04,18,0.61,88.1,0.61,14.5,0,0
101346,2.35,9,0.65,82.9,0.91,3.1,0,0
101347,3.78,12,0.44,72.5,0.81,5.9,0,0
101348,3.67,12,0.86,69.6,0.78,8.8,0,0
101349,3.48,15,0.53,69.1,0.28,2.2,1,1
101350,2.27,21,0.4,61.9,0.6,2.2,0,1
101351,3.6,18,0.52,90.3,0.61,12.3,0,0
101352,3.31,15,0.79,90.8,0.59,4.2,0,0
101353,3.75,12,0.51,79.8,0.95,8.3,0,0
101354,2.05,15,0.5,79.4,0.76,3.9,1,1
101355,1.88,21,0.84,80.5,0.82,3.8,1,0
101356,2.52,12,0.66,66.5,0.74,1.1,1,1
101357,3.13,15,0.97,58.5,0.73,4.5,0,0
101358,2.42,15,0.86,86.4,0.69,11.4,0,0
101359,2.69,12,0.72,77.7,0.66,3.0,0,0
101360,2.3,15,0.59,63.6,0.87,17.6,0,0
101361,2.75,12,0.6,62.1,0.67,3.3,0,0
101362,3.23,15,0.79,86.8,0.96,3.6,0,0
101363,1.93,12,0.72,75.4,0.48,2.6,0,0
101364,3.57,15,0.77,90.6,0.59,5.1,0,0
101365,1.79,15,0.73,64.6,0.91,7.6,0,0
101366,3.87,15,0.8,82.8,0.93,3.0,0,0
101367,3.4,21,0.83,83.3,0.71,3.7,1,1
101368,2.86,15,0.6,91.7,0.72,4.3,0,0
101369,2.91,18,0.87,49.9,0.92,5.2,0,0
101370,3.37,15,0.71,62.4,0.67,7.8,1,0
101371,3.26,12,0.52,64.3,0.82,5.7,0,0
101372,2.46,15,0.88,82.4,0.77,0.8,0,0
101373,3.38,18,0.34,59.2,0.42,0.9,1,1
101374,3.35,18,0.5,80.7,0.79,3.4,1,0
101375,3.36,15,0.65,58.3,0.41,8.1,1,0
101376,3.03,15,0.83,60.0,0.6,0.8,0,0
101377,3.97,18,0.82,76.8,0.77,1.8,1,0
101378,2.33,21,0.87,35.2,0.83,6.4,0,1
101379,3.76,15,0.45,88.3,0.67,6.7,0,0
101380,3.93,9,0.41,52.8,0.96,5.8,1,0
101381,3.59,15,0.61,51.8,0.85,2.0,0,0
101382,3.47,15,0.36,81.3,0.88,3.9,0,0
101383,3.86,18,0.82,60.9,0.5,13.0,0,0
101384,3.85,15,0.89,83.3,0.71,7.8,1,0
101385,3.26,15,0.77,72.7,0.98,3.7,0,0
101386,3.48,18,0.84,88.7,0.78,1.7,0,0
101387,3.18,15,0.78,95.0,0.85,1.1,1,0
101388,3.56,18,0.73,63.3,0.9,2.3,1,0
101389,2.72,15,0.92,76.1,0.77,5.4,1,0
101390,0.94,15,0.97,71.4,0.76,3.6,0,0
101391,2.77,15,0.92,61.8,0.64,5.9,0,0
101392,3.51,15,0.92,87.5,0.38,2.4,0,0
101393,3.25,9,0.67,96.4,0.95,2.0,1,0
101394,1.47,15,0.68,70.5,0.62,3.1,0,1
101395,1.69,15,0.92,71.5,0.58,5.0,0,1
101396,2.56,21,0.83,80.3,0.71,3.1,0,0
101397,2.65,15,0.79,76.7,0.8,3.1,0,0
101398,3.15,15,0.67,36.8,0.58,2.5,1,0
101399,1.5,15,0.98,51.4,0.8,6.5,0,0
101400,3.31,12,0.65,61.1,0.85,3.5,0,0
101401,2.33,15,0.73,71.6,0.51,1.9,1,0
101402,3.86,18,0.85,82.8,0.77,1.9,0,0
101403,3.2,15,0.84,58.3,0.85,7.7,1,0
101404,1.86,12,0.75,90.2,0.8,10.0,0,0
101405,2.06,12,0.38,80.2,0.63,1.6,0,1
101406,3.19,15,0.6,75.7,0.8,8.4,0,0
101407,2.3,9,0.56,88.9,0.67,2.6,0,0
101408,2.96,15,0.29,69.2,0.71,3.9,1,0
101409,2.43,9,0.58,71.9,0.87,4.4,0,0
101410,3.19,18,0.56,73.1,0.75,7.3,0,0
101411,2.46,12,0.87,39.2,0.76,9.6,0,0
101412,2.51,12,0.79,63.7,0.74,3.9,0,0
101413,2.05,18,0.54,63.4,0.67,5.4,0,1
101414,3.81,12,0.86,46.1,0.93,3.4,0,0
101415,3.35,18,0.6,78.6,0.72,4.2,0,0
101416,3.8,15,0.64,76.2,0.95,7.2,1,0
101417,3.4,15,0.86,62.0,0.67,8.5,0,0
101418,3.19,18,0.86,98.1,0.84,1.5,0,0
101419,3.59,15,0.57,98.1,0.88,2.9,0,0
101420,2.56,18,0.75,79.9,0.88,6.6,0,0
101421,1.44,9,0.65,91.9,0.76,1.6,1,1
101422,2.73,18,0.94,88.6,0.58,3.3,1,0
101423,3.41,18,0.84,90.7,0.48,1.9,0,0
101424,3.09,15,0.73,98.8,0.82,4.2,1,0
101425,3.77,18,0.86,45.4,0.53,6.7,1,0
101426,3.76,15,0.88,61.7,0.84,4.4,1,0
101427,2.42,9,0.81,82.7,0.6,1.7,0,0
101428,3.88,9,0.62,84.8,0.97,6.0,0,0
101429,2.63,15,0.84,61.0,0.92,12.7,0,0
101430,2.16,21,0.47,48.3,0.67,1.2,0,0
101431,2.58,12,0.5,44.5,0.63,5.3,0,1
101432,3.51,15,0.5,96.4,0.91,8.7,1,0
101433,2.78,15,0.46,92.6,0.9,2.2,0,0
101434,3.38,15,0.32,71.0,0.87,4.6,0,0
101435,0.46,15,0.59,82.6,0.39,3.6,0,1
101436,2.27,21,0.77,69.4,0.87,3.4,1,0
101437,1.84,9,0.61,68.8,0.86,0.8,1,0
101438,3.89,18,0.2,93.5,0.73,2.2,0,0
101439,3.35,9,0.88,65.5,0.89,4.3,0,0
101440,3.68,15,0.6,99.1,0.7,2.6,1,1
101441,1.56,18,0.7,77.4,0.89,5.5,1,1
101442,3.34,18,0.78,53.3,0.42,1.9,0,0
101443,2.49,15,0.24,53.9,0.64,7.2,1,0
101444,2.64,12,0.95,91.8,0.75,4.2,0,0
101445,1.3,18,0.78,93.5,0.83,4.6,0,0
101446,3.11,21,0.82,55.9,0.79,1.9,1,0
101447,3.06,15,0.5,60.6,0.83,3.5,0,0
101448,3.3,12,0.72,75.3,0.46,2.1,0,0
101449,3.17,18,0.66,86.2,0.78,1.7,0,0
101450,1.36,12,0.5,88.3,0.86,2.1,0,0
101451,3.07,15,0.49,77.2,0.8,7.0,0,0
101452,3.4,18,0.7,70.6,0.84,0.8,0,0
101453,2.5,15,0.96,73.4,0.88,4.8,0,0
101454,2.72,12,0.99,84.8,0.66,5.7,1,0
101455,3.76,15,0.6,75.6,0.68,9.8,0,0
101456,3.92,18,0.48,85.3,0.78,0.9,0,0
101457,2.86,21,0.84,75.5,0.8,8.2,0,0
101458,2.4,15,0.69,80.7,0.94,3.8,0,1
101459,2.47,18,0.98,99.4,0.67,5.2,0,0
101460,3.84,15,0.86,59.2,0.96,1.6,0,0
101461,1.98,12,0.71,69.1,0.54,5.6,0,1
101462,2.37,9,0.72,92.1,0.81,4.2,0,0
101463,3.34,18,0.82,89.9,0.97,3.8,0,0
101464,2.5,18,0.52,55.4,0.87,0.9,0,0
101465,3.34,18,0.77,74.8,0.99,1.9,0,0
101466,1.95,21,0.81,100.0,0.88,0.8,0,1
101467,2.83,15,0.59,79.7,0.73,0.8,1,0
101468,2.53,12,0.58,75.3,0.84,1.8,0,1
101469,0.67,15,0.8,74.4,0.82,4.4,0,1
101470,3.73,15,0.78,77.1,0.83,0.6,0,0
101471,1.69,18,0.53,65.2,0.78,6.3,0,1
101472,1.75,18,0.79,85.5,0.76,4.7,0,0
101473,3.17,15,0.89,62.5,0.83,5.0,0,0
101474,3.16,12,0.51,77.0,0.64,3.3,0,0
101475,3.31,9,0.81,83.7,0.8,2.2,0,0
101476,3.29,15,0.88,77.8,0.92,3.6,0,0
101477,2.72,15,0.72,79.4,0.51,4.5,0,0
101478,2.78,15,0.87,85.4,0.93,10.7,0,0
101479,1.76,12,0.71,71.5,0.77,3.6,1,1
101480,3.6,15,0.73,74.2,0.47,4.6,0,0
101481,2.03,21,0.85,66.7,0.67,1.2,0,0
101482,2.12,12,0.6,66.2,0.76,2.5,1,1
101483,3.81,15,0.62,68.5,0.57,3.7,1,0
101484,3.31,15,0.74,76.0,0.66,8.6,0,0
101485,2.87,12,0.95,77.5,0.7,3.1,0,0
101486,3.72,15,0.73,84.7,0.93,1.1,1,0
101487,1.58,15,0.83,78.7,0.79,8.3,1,0
101488,2.38,15,0.83,65.9,0.52,6.9,0,0
101489,3.27,12,0.85,78.0,0.92,4.8,0,0
101490,3.91,15,0.92,89.0,0.76,2.1,0,0
101491,2.69,18,0.6,55.3,0.74,4.8,1,0
101492,2.34,12,0.53,70.4,0.88,3.9,0,0
101493,2.01,12,0.74,76.9,0.61,1.2,0,1
101494,2.46,15,0.89,56.5,0.61,2.4,1,1
101495,2.54,18,0.34,93.8,0.84,2.5,0,0
101496,2.28,15,0.54,93.1,0.8,2.4,1,0
101497,2.15,12,0.43,68.5,0.89,7.6,0,0
101498,3.05,9,0.87,49.4,0.68,8.4,0,1
101499,2.98,15,0.91,56.0,0.67,3.2,0,0
101500,3.88,15,0.9,84.7,0.96,2.3,0,0
101501,3.37,15,0.69,70.9,0.43,0.7,0,0
101502,1.91,15,0.78,99.7,0.6,1.8,1,1
101503,3.58,15,0.65,78.0,0.78,2.6,0,0
101504,2.8,18,0.83,43.0,0.67,1.0,1,0
101505,2.94,15,0.76,89.1,0.52,0.9,0,0
101506,1.97,12,0.92,83.2,0.98,2.1,0,1
101507,3.66,18,0.62,54.3,0.96,4.8,0,0
101508,3.39,18,0.74,78.1,0.84,5.2,1,0
101509,3.55,18,0.75,92.7,0.89,2.0,0,0
101510,3.43,18,0.93,67.7,0.87,0.7,0,0
101511,1.42,18,0.65,68.6,0.76,4.8,0,1
101512,3.9,15,0.58,86.7,0.68,2.0,1,0
101513,3.06,18,0.78,69.3,0.84,5.4,0,0
101514,2.99,18,0.43,64.7,0.45,0.6,1,0
101515,2.02,15,0.85,57.7,0.95,6.4,0,1
101516,3.01,21,0.86,71.9,0.91,3.8,1,0
101517,2.98,15,0.55,86.4,0.81,2.4,0,0
101518,2.93,18,0.53,75.1,0.91,3.2,1,0
101519,3.07,12,0.86,95.1,0.73,8.0,0,0
101520,3.72,12,0.59,82.3,0.89,1.4,0,0
101521,3.18,12,0.83,100.0,0.65,2.8,1,0
101522,1.28,15,0.38,58.1,0.56,5.1,0,1
101523,3.67,15,0.67,46.5,0.78,4.6,0,1
101524,3.16,15,0.59,84.5,0.75,8.8,1,0
101525,3.06,18,0.6,72.4,0.7,0.4,0,0
101526,2.87,15,0.64,68.3,0.62,5.8,1,0
101527,3.82,18,0.95,75.1,0.84,2.9,0,0
101528,2.29,15,0.8,82.8,0.59,3.0,0,0
101529,3.12,15,0.54,85.8,0.89,6.9,0,0
101530,3.84,12,0.7,78.3,0.7,4.1,0,0
101531,3.65,12,0.6,86.5,0.67,2.6,0,0
101532,3.6,12,0.4,83.8,0.72,5.7,0,0
101533,1.81,18,0.43,90.8,0.93,1.9,1,1
101534,3.07,15,0.82,74.5,0.47,3.4,0,1
101535,2.59,12,0.68,72.0,0.68,12.4,1,0
101536,1.58,12,0.91,83.2,0.49,1.5,0,0
101537,3.54,15,0.76,56.9,0.84,2.1,0,0
101538,2.35,12,0.74,100.0,0.67,4.0,1,0
101539,3.04,18,0.67,67.2,0.88,7.9,0,0
101540,2.59,15,0.91,75.2,0.88,1.5,1,0
101541,3.6,15,0.43,53.9,0.72,2.0,0,0
101542,1.29,15,0.63,58.0,0.49,4.4,0,0
101543,2.53,18,0.92,92.7,0.55,4.6,0,0
101544,2.64,12,0.78,85.4,0.66,8.1,1,0
101545,1.89,18,0.62,89.5,0.33,2.1,0,0
101546,2.63,12,0.79,56.2,0.88,6.2,0,0
101547,2.41,18,0.8,65.8,0.94,3.8,0,0
101548,3.52,15,0.78,98.0,0.69,3.6,0,0
101549,3.66,18,0.14,74.7,0.53,3.0,0,0
101550,2.78,15,0.41,61.0,0.94,3.0,1,0
101551,3.73,9,0.92,81.6,0.65,1.2,0,0
101552,2.67,12,0.86,70.9,0.61,10.5,0,0
101553,3.26,12,0.54,54.1,0.21,2.6,0,0
101554,3.44,12,0.66,74.7,0.8,0.3,0,0
101555,1.24,15,0.81,71.9,0.57,3.2,0,1
101556,2.62,18,0.82,69.8,0.66,3.3,0,1
101557,2.15,15,0.81,72.2,0.73,1.8,0,1
101558,1.58,15,0.84,62.6,0.68,4.0,1,0
101559,3.66,15,0.75,78.9,0.96,11.3,0,0
101560,3.52,18,0.69,99.7,0.6,1.9,1,0
101561,3.33,15,0.38,65.8,0.71,1.3,0,0
101562,3.31,18,0.49,76.8,0.79,3.6,0,0
101563,2.73,15,0.83,69.2,0.68,1.7,0,0
101564,3.02,15,0.92,74.7,0.79,3.4,0,0
101565,2.51,12,0.8,71.6,0.74,1.2,0,0
101566,2.93,9,0.48,90.1,0.48,1.9,0,0
101567,3.19,15,0.56,71.3,0.89,4.5,1,0
101568,1.89,18,0.64,80.4,0.9,0.4,0,1
101569,3.59,12,0.46,82.0,0.53,3.4,0,0
101570,2.63,12,0.94,72.4,0.66,4.3,0,0
101571,3.46,18,0.83,71.0,0.9,4.0,0,1
101572,3.26,15,0.57,70.7,0.5,1.4,0,0
101573,3.68,15,0.75,54.3,0.55,2.1,0,1
101574,2.33,15,0.58,59.9,0.88,2.9,0,1
101575,3.89,15,0.81,100.0,0.81,1.4,0,0
101576,3.52,15,0.39,51.2,0.55,4.4,1,0
101577,3.71,18,0.55,66.3,0.79,1.7,1,1
101578,2.36,18,0.83,83.5,0.7,4.5,1,1
101579,3.32,15,0.94,67.9,0.41,8.1,0,0
101580,3.01,15,0.71,81.1,0.69,2.0,0,0
101581,2.41,18,0.58,70.7,0.92,2.0,0,0
101582,3.54,15,0.8,96.2,0.92,2.4,1,0
101583,2.98,15,0.86,48.5,0.81,3.4,0,0
101584,1.94,15,0.83,72.7,0.84,3.5,0,1
101585,3.43,12,0.31,84.0,0.66,5.6,1,0
101586,2.0,12,0.88,87.9,0.7,5.2,0,0
101587,3.35,9,0.6,80.4,0.64,1.5,0,0
101588,3.46,15,0.67,85.4,0.93,3.5,1,0
101589,3.78,18,0.88,75.7,0.47,2.3,1,0
101590,1.31,18,0.99,85.4,0.55,3.3,0,0
101591,3.52,15,0.81,100.0,0.62,8.1,0,0
101592,3.19,15,0.88,66.4,0.52,2.9,0,0
101593,2.3,12,0.54,82.9,0.88,6.0,0,0
101594,3.51,12,0.48,67.1,0.73,3.7,0,0
101595,2.43,12,0.79,65.0,0.65,0.7,1,0
101596,3.55,15,0.98,60.7,0.69,2.0,0,0
101597,3.47,15,0.92,81.7,0.94,3.3,0,0
101598,2.82,15,0.96,77.9,0.82,6.3,0,0
101599,3.72,18,0.82,75.8,0.91,7.5,0,0
101600,3.12,15,0.37,96.5,0.72,6.7,0,0
101601,2.3,18,0.73,90.8,0.73,9.8,0,0
101602,2.09,9,0.78,69.1,0.76,5.4,0,0
101603,3.21,18,0.73,32.4,0.91,0.2,0,0
101604,1.91,9,0.86,59.6,0.75,6.6,0,0
101605,3.48,18,0.72,73.5,0.83,1.7,0,0
101606,1.67,12,0.9,80.4,0.96,0.7,0,0
101607,3.25,15,0.51,74.8,0.87,6.1,0,0
101608,2.79,18,0.83,83.5,0.85,6.6,1,0
101609,3.36,15,0.57,100.0,0.7,1.6,0,0
101610,2.85,18,0.85,92.2,0.59,0.7,0,0
101611,2.97,15,0.85,67.8,0.68,7.2,0,0
101612,3.03,12,0.88,57.5,0.63,8.9,0,0
101613,3.21,12,0.52,68.3,0.51,2.4,1,0
101614,1.85,15,0.7,50.9,0.93,2.7,0,0
101615,2.51,15,0.51,55.2,0.77,2.9,0,0
101616,2.1,18,0.81,79.9,0.65,2.7,0,0
101617,3.12,18,0.53,72.4,0.62,3.3,0,0
101618,2.89,9,0.83,67.7,0.9,0.9,0,0
101619,2.73,21,0.29,88.7,0.69,7.5,0,0
101620,2.42,18,0.53,94.2,0.55,2.4,0,0
101621,3.35,15,0.9,89.9,0.71,1.7,1,0
101622,2.62,18,0.55,80.1,0.77,4.0,0,0
101623,3.47,12,0.82,70.9,0.98,4.3,0,0
101624,3.2,9,0.53,98.6,0.91,4.3,0,0
101625,3.21,12,0.78,71.6,0.96,3.0,1,0
101626,3.06,15,0.64,94.6,0.82,1.5,0,0
101627,3.21,15,0.44,84.8,0.89,4.8,0,0
101628,2.39,15,0.9,74.4,0.66,1.1,0,0
101629,3.45,18,0.49,100.0,0.76,1.8,1,0
101630,3.05,18,0.79,89.0,0.71,3.6,1,0
101631,3.87,15,0.87,53.8,0.54,3.3,0,0
101632,3.16,18,0.55,38.4,0.98,4.4,0,0
101633,1.74,12,0.36,91.1,0.84,1.1,1,0
101634,2.22,21,0.74,84.9,0.68,3.8,0,0
101635,3.57,15,0.87,91.8,0.93,2.6,1,0
101636,2.91,18,0.98,96.7,0.84,1.8,0,0
101637,2.74,15,0.75,52.5,0.78,2.0,1,0
101638,3.28,15,0.58,67.8,0.49,2.5,1,0
101639,3.19,15,0.75,52.5,0.83,1.5,1,0
101640,3.27,15,0.35,86.4,0.74,0.2,0,0
101641,3.24,15,0.68,82.7,0.45,1.6,1,0
101642,2.95,15,0.8,83.6,0.9,0.9,0,0
101643,3.45,15,0.8,63.4,0.91,0.3,1,0
101644,2.24,12,0.86,69.0,0.41,2.2,0,0
101645,3.2,15,0.66,61.9,0.78,9.7,0,0
101646,2.42,9,0.68,68.2,0.94,9.7,0,0
101647,3.38,15,0.76,95.0,0.58,0.7,1,0
101648,3.83,12,0.4,82.3,0.58,2.2,0,0
101649,2.17,12,0.62,75.6,0.65,15.3,1,0
101650,2.55,18,0.79,84.2,0.5,1.1,0,1
101651,2.76,18,0.84,92.4,0.91,0.5,0,0
101652,2.87,15,0.61,54.6,0.92,2.0,0,0
101653,3.27,15,0.63,56.6,0.88,1.7,0,0
101654,2.61,18,0.78,82.5,0.77,2.3,0,1
101655,3.59,9,0.83,94.9,0.89,2.9,1,0
101656,3.21,15,0.68,81.7,0.64,1.0,0,0
101657,2.68,15,0.91,88.0,0.88,1.1,1,0
101658,3.82,12,0.36,80.6,0.85,1.3,0,0
101659,3.6,18,0.75,62.1,0.93,7.1,0,0
101660,3.44,21,0.74,100.0,0.88,4.0,1,0
101661,3.97,18,0.5,86.6,0.89,2.2,0,0
101662,3.52,18,0.88,52.8,0.73,3.9,1,0
101663,2.98,18,0.74,62.3,0.72,6.0,1,0
101664,2.26,12,0.85,68.3,0.81,3.0,1,0
101665,2.37,15,0.7,84.0,0.65,8.7,0,0
101666,2.24,18,0.62,78.1,0.62,3.8,1,0
101667,2.92,18,0.32,67.8,0.92,1.2,0,0
101668,2.64,15,0.62,88.0,0.71,7.6,0,0
101669,3.94,18,0.78,77.0,0.8,2.6,0,0
101670,2.98,12,0.68,60.6,0.74,7.5,1,0
101671,3.77,15,0.67,100.0,0.69,1.3,1,0
101672,2.93,12,0.75,74.4,0.59,20.0,0,0
101673,2.92,18,0.9,88.1,0.9,0.8,1,0
101674,2.87,15,0.65,74.7,0.62,0.3,0,1
101675,3.65,12,0.95,63.8,0.72,3.3,0,0
101676,2.9,15,0.83,55.4,0.82,13.0,0,0
101677,3.52,12,0.56,77.8,0.4,3.9,0,0
101678,3.15,15,0.51,54.4,0.81,1.9,1,0
101679,3.76,15,0.47,70.1,0.3,6.0,0,1
101680,3.46,9,0.7,85.3,0.81,4.5,0,0
101681,1.81,18,0.64,75.1,0.62,2.5,0,1
101682,2.83,15,0.41,79.6,0.54,0.5,0,0
101683,3.25,12,0.76,64.4,0.81,1.2,0,0
101684,3.79,12,0.96,68.9,0.75,0.2,0,0
101685,2.19,9,0.51,77.4,0.72,6.2,0,0
101686,2.8,15,0.89,78.2,0.89,1.6,1,0
101687,3.26,18,0.57,83.2,0.89,1.9,0,0
101688,3.4,15,0.92,73.6,0.75,11.5,1,0
101689,3.43,15,0.92,48.2,0.9,2.6,0,0
101690,3.04,18,0.67,90.3,0.87,1.0,0,0
101691,2.84,18,0.63,81.9,0.78,2.9,0,0
101692,2.65,18,0.69,100.0,0.39,1.8,0,0
101693,3.7,15,0.56,71.7,0.84,3.6,1,0
101694,3.27,15,0.7,63.5,0.96,2.5,0,0
101695,3.07,18,0.74,81.3,0.85,14.9,0,0
101696,2.47,15,0.45,87.5,0.51,2.6,0,0
101697,2.94,18,0.95,89.2,0.78,3.8,0,0
101698,2.65,18,0.46,65.4,0.51,1.3,1,1
101699,3.19,18,0.92,92.2,0.84,11.6,0,0
101700,3.46,18,0.3,71.8,0.93,1.6,0,0
