message_id,num_links,capitals_ratio,exclamation_count,contains_unsubscribe,sender_reputation,attachment_count,body_length,is_spam
30001,2,0.305,3,1,87.8,1,1433,1
30002,2,0.029,2,0,83.3,0,1989,0
30003,1,0.155,1,0,77.5,1,1183,0
30004,3,0.407,5,0,83.2,0,1289,0
30005,0,0.122,1,0,46.6,2,384,0
30006,1,0.242,1,1,75.3,2,1594,1
30007,0,0.097,3,1,56.0,1,1057,0
30008,2,0.148,1,0,59.6,0,1513,1
30009,1,0.019,2,0,54.9,0,269,0
30010,2,0.193,2,1,41.0,0,7139,1
30011,2,0.032,2,0,72.1,2,1276,0
30012,5,0.529,2,1,50.2,3,1674,1
30013,4,0.248,1,0,53.3,0,1589,0
30014,3,0.109,1,0,74.7,0,971,1
30015,2,0.54,1,0,77.4,0,1628,0
30016,7,0.039,0,1,84.0,0,2782,1
30017,3,0.111,0,0,73.6,0,1373,0
30018,2,0.284,1,1,48.0,1,2210,1
30019,1,0.203,1,0,36.9,1,2076,0
30020,0,0.024,2,0,60.3,0,1987,0
30021,3,0.18,3,1,89.3,0,4428,0
30022,1,0.266,3,0,90.0,0,1551,0
30023,4,0.283,1,0,48.0,0,1149,0
30024,2,0.107,1,0,71.5,1,1176,0
30025,2,0.329,1,1,61.6,0,1613,0
30026,1,0.641,1,0,95.0,0,470,1
30027,1,0.287,1,1,60.8,0,3228,0
30028,5,0.137,0,1,53.4,2,1022,1
30029,1,0.827,4,1,82.3,2,1136,0
30030,2,0.043,1,1,68.8,0,487,0
30031,4,0.344,0,1,42.0,0,1308,1
30032,1,0.039,1,0,51.0,1,469,0
30033,2,0.054,1,1,51.6,0,373,0
30034,2,0.183,2,0,75.0,2,727,0
30035,1,0.193,1,1,66.7,0,1020,1
30036,2,0.068,0,0,80.6,0,665,0
30037,3,0.347,1,0,58.6,0,1480,0
30038,1,0.1,2,1,87.7,1,2859,0
30039,3,0.431,3,1,50.5,0,1412,0
30040,4,0.274,3,1,68.0,0,257,0
30041,1,0.018,3,0,67.9,0,1196,0
30042,3,0.083,0,1,83.9,2,1820,0
30043,0,0.218,0,0,61.7,1,935,1
30044,2,0.396,1,1,73.8,0,1512,0
30045,3,0.291,2,0,67.2,1,1459,0
30046,1,0.095,0,0,78.2,0,561,0
30047,1,0.111,0,1,60.5,0,2816,0
30048,5,0.118,1,1,96.2,0,990,0
30049,2,0.06,0,1,75.2,0,963,0
30050,2,0.311,0,1,76.1,0,1663,0
30051,2,0.108,0,1,62.9,2,394,0
30052,2,0.231,3,1,69.5,0,2940,1
30053,3,0.361,2,1,97.3,1,609,1
30054,1,0.202,1,0,76.2,3,4300,0
30055,5,0.247,2,0,82.7,0,2667,0
30056,1,0.274,2,1,90.5,0,597,1
30057,2,0.335,1,1,74.1,1,1530,1
30058,2,0.303,1,0,27.6,0,621,0
30059,2,0.16,1,0,41.0,1,564,0
30060,0,0.324,2,0,61.1,0,211,1
30061,2,0.184,4,1,96.5,2,1889,0
30062,1,0.128,1,1,60.0,0,880,1
30063,2,0.178,1,1,54.0,0,2100,1
30064,2,0.384,1,1,53.0,2,1419,1
30065,0,0.289,0,1,74.7,0,517,1
30066,1,0.337,0,0,91.4,0,2184,0
30067,2,0.242,1,0,51.1,0,1743,1
30068,1,0.307,2,1,76.9,0,866,1
30069,1,0.161,0,1,78.4,0,2398,0
30070,0,0.188,3,0,84.7,0,1003,0
30071,2,0.114,1,1,43.5,0,699,1
30072,4,0.478,1,1,74.7,0,1061,1
30073,2,0.068,0,0,51.7,0,936,0
30074,2,0.134,2,0,72.8,0,429,0
30075,1,0.278,0,0,42.6,0,191,0
30076,1,0.238,2,0,39.3,1,3838,0
30077,2,0.111,1,0,58.4,2,2677,1
30078,1,0.178,1,0,84.3,0,3411,0
30079,0,0.263,2,1,51.6,2,2279,0
30080,3,0.39,2,1,40.3,2,907,1
30081,3,0.263,1,1,66.7,0,1071,1
30082,0,0.375,0,1,69.4,0,787,0
30083,2,0.175,1,1,45.5,0,1770,1
30084,0,0.071,0,0,80.0,0,1688,0
30085,1,0.098,1,0,49.8,1,953,0
30086,5,0.106,0,0,37.3,0,1647,1
30087,4,0.17,1,1,27.1,2,2730,0
30088,1,0.103,0,0,49.1,0,1210,0
30089,1,0.043,3,1,44.9,1,537,0
30090,1,0.13,2,1,65.4,0,1668,1
30091,1,0.292,1,0,79.5,0,515,1
30092,1,0.121,2,0,80.1,0,688,0
30093,2,0.005,1,1,51.1,0,1470,1
30094,0,0.346,1,1,81.9,0,1869,0
30095,3,0.621,0,0,80.7,0,1296,0
30096,1,0.151,1,1,55.5,0,596,0
30097,3,0.134,0,0,52.6,1,8000,1
30098,1,0.215,0,0,39.8,0,841,0
30099,5,0.312,4,1,67.5,2,1666,1
30100,4,0.248,1,0,80.6,0,805,0
30101,5,0.094,0,0,97.8,0,628,0
30102,5,0.42,3,1,99.3,1,1257,0
30103,2,0.124,1,0,89.1,2,889,0
30104,4,0.008,2,0,53.5,1,1296,1
30105,3,0.548,1,1,60.8,0,766,1
30106,2,0.075,1,1,41.3,0,1332,1
30107,1,0.186,1,1,93.0,2,717,1
30108,7,0.479,0,0,79.9,0,2575,1
30109,4,0.076,0,1,45.2,0,1493,0
30110,2,0.383,0,0,84.8,1,1110,0
30111,0,0.146,0,0,53.8,0,1198,1
30112,2,0.125,0,1,72.9,1,931,1
30113,2,0.077,1,1,85.9,2,1318,0
30114,1,0.175,3,0,94.7,0,3458,0
30115,4,0.087,0,0,56.3,2,812,0
30116,1,0.157,0,0,70.4,1,1356,0
30117,4,0.141,0,0,76.6,1,708,0
30118,3,0.18,2,0,75.3,0,213,1
30119,1,0.093,2,1,32.8,0,1861,0
30120,5,0.114,1,0,49.1,0,2578,0
30121,1,0.222,2,0,57.9,0,1644,0
30122,3,0.23,2,1,68.4,0,6212,1
30123,3,0.397,2,0,70.9,1,942,1
30124,2,0.012,1,0,42.7,2,648,0
30125,2,0.28,1,0,84.3,0,2776,1
30126,2,0.238,1,1,87.4,0,2899,0
30127,1,0.2,2,1,65.3,0,2614,1
30128,2,0.005,2,0,72.0,1,569,0
30129,2,0.402,2,0,79.3,0,743,0
30130,4,0.16,3,1,95.1,0,384,0
30131,2,0.187,1,1,70.2,1,4823,0
30132,2,0.041,1,1,38.2,0,636,1
30133,2,0.079,3,0,51.8,0,521,0
30134,5,0.087,2,0,74.9,1,1127,0
30135,5,0.281,1,1,83.1,2,1316,1
30136,0,0.353,0,1,44.2,0,1932,0
30137,2,0.127,0,1,75.5,1,1106,0
30138,2,0.112,4,0,61.8,0,753,0
30139,3,0.146,3,0,76.9,0,919,0
30140,0,0.158,0,0,87.4,0,794,0
30141,2,0.067,3,1,72.8,0,3215,0
30142,1,0.042,1,0,65.1,2,1207,1
30143,4,0.35,1,0,59.4,1,1890,1
30144,2,0.114,2,1,84.0,0,1047,0
30145,3,0.294,1,1,60.7,0,337,0
30146,2,0.036,0,0,83.7,1,3828,0
30147,5,0.1,2,0,20.3,0,1820,1
30148,2,0.184,1,1,65.1,1,1590,1
30149,0,0.137,1,0,61.2,1,275,0
30150,2,0.091,4,1,63.1,1,1100,0
30151,2,0.316,1,1,36.9,0,3568,0
30152,2,0.062,0,0,73.0,2,3002,0
30153,0,0.157,3,0,55.7,0,1041,0
30154,1,0.234,1,1,87.0,1,2846,0
30155,1,0.181,0,1,77.8,0,3638,0
30156,1,0.318,1,0,74.0,2,1088,1
30157,1,0.116,1,0,54.5,0,3049,0
30158,0,0.147,1,1,73.5,0,2955,0
30159,2,0.146,1,0,91.4,4,2180,0
30160,0,0.306,2,1,75.6,0,2333,0
30161,4,0.067,1,0,73.2,2,658,1
30162,4,0.288,1,0,90.5,1,2099,0
30163,2,0.052,1,0,58.7,0,1110,0
30164,1,0.058,1,1,71.9,0,644,0
30165,2,0.079,0,0,54.2,0,3514,0
30166,1,0.218,0,1,69.9,0,1116,1
30167,2,0.101,1,1,64.2,2,1428,0
30168,1,0.063,1,0,25.8,0,1338,0
30169,4,0.079,0,1,76.0,0,408,0
30170,3,0.123,4,1,80.8,0,985,0
30171,3,0.211,1,0,90.4,0,2083,0
30172,3,0.2,0,1,32.7,0,1224,0
30173,2,0.307,3,1,45.9,1,947,0
30174,2,0.248,2,0,74.2,2,1531,1
30175,2,0.119,0,1,91.9,0,2571,1
30176,0,0.004,1,1,81.1,0,386,0
30177,0,0.135,2,1,36.6,1,1126,0
30178,2,0.237,3,1,86.3,0,1228,0
30179,0,0.148,1,1,48.9,0,4182,1
30180,3,0.073,0,1,86.2,1,2820,0
30181,2,0.181,2,1,16.6,0,461,0
30182,2,0.272,2,0,82.5,2,3096,0
30183,2,0.256,1,1,37.2,1,1091,1
30184,1,0.3,0,1,12.6,0,393,0
30185,0,0.168,0,1,77.2,0,473,1
30186,1,0.11,0,1,57.6,0,3152,0
30187,3,0.239,0,0,76.3,0,1666,0
30188,5,0.148,1,1,71.9,1,609,0
30189,3,0.385,2,0,63.6,1,3670,0
30190,1,0.376,1,1,65.8,0,1992,1
30191,2,0.129,1,0,67.3,0,1013,0
30192,3,0.248,2,1,56.4,0,1494,1
30193,2,0.034,1,0,40.6,0,656,0
30194,0,0.068,2,0,42.6,0,4912,0
30195,4,0.269,1,1,56.8,0,528,1
30196,1,0.363,2,0,92.3,2,492,0
30197,1,0.045,0,0,81.1,0,1389,0
30198,3,0.072,2,1,83.2,0,8000,0
30199,0,0.017,0,0,59.2,0,453,0
30200,1,0.128,0,0,68.6,0,2145,0
30201,2,0.154,1,1,50.4,0,1273,1
30202,2,0.21,1,1,55.7,3,1603,0
30203,0,0.263,1,0,92.3,2,2696,0
30204,1,0.358,0,0,60.7,0,750,1
30205,2,0.308,1,0,75.6,0,1012,0
30206,1,0.04,2,1,19.3,2,748,1
30207,2,0.003,1,1,45.9,0,3233,0
30208,0,0.033,1,0,77.8,0,2953,0
30209,2,0.141,0,1,85.0,0,552,1
30210,6,0.168,0,1,62.5,0,1582,0
30211,2,0.053,1,1,76.5,0,2525,1
30212,3,0.079,2,1,58.0,0,398,1
30213,2,0.201,0,0,55.1,2,3203,0
30214,2,0.064,0,0,66.7,0,1158,0
30215,4,0.409,3,1,72.4,1,882,1
30216,1,0.238,1,0,50.4,0,3222,0
30217,1,0.033,1,0,85.7,0,2675,0
30218,3,0.043,2,1,61.1,2,465,1
30219,3,0.338,1,1,84.6,4,2008,1
30220,1,0.15,2,1,82.3,0,1952,0
30221,3,0.341,2,1,38.0,4,263,1
30222,3,0.461,2,0,57.3,4,1795,0
30223,4,0.166,0,1,71.1,0,908,1
30224,1,0.121,1,0,52.0,0,2671,0
30225,1,0.04,2,0,77.2,0,666,0
30226,3,0.29,0,1,53.4,0,1321,1
30227,1,0.217,2,0,80.8,0,833,0
30228,2,0.106,1,0,88.8,0,777,0
30229,2,0.166,0,1,61.7,2,262,1
30230,1,0.591,0,0,55.6,0,2555,0
30231,1,0.235,1,0,61.6,1,2731,0
30232,3,0.21,3,1,68.9,2,1275,1
30233,4,0.228,0,0,69.5,0,1571,0
30234,1,0.111,0,1,38.1,1,725,1
30235,1,0.108,1,0,46.1,0,2572,0
30236,2,0.191,1,1,87.9,0,1440,0
30237,1,0.1,1,0,26.5,1,1266,0
30238,3,0.113,2,0,81.5,1,3395,0
30239,4,0.292,1,0,73.5,1,487,0
30240,3,0.158,0,0,68.5,0,311,1
30241,1,0.215,2,1,83.8,0,1655,1
30242,2,0.23,0,0,87.4,0,1047,0
30243,0,0.168,0,0,22.6,2,548,1
30244,2,0.193,2,0,72.8,2,1367,0
30245,2,0.237,3,0,57.8,0,1563,0
30246,3,0.089,1,0,77.5,1,2243,0
30247,1,0.052,0,1,55.4,0,560,0
30248,1,0.334,3,1,74.5,1,910,1
30249,1,0.268,0,0,61.9,0,1494,0
30250,2,0.164,0,0,65.1,0,2633,1
30251,5,0.105,0,0,41.7,0,2291,0
30252,0,0.273,1,0,61.0,1,858,0
30253,4,0.212,2,0,59.1,0,1743,1
30254,2,0.096,2,0,59.6,2,842,0
30255,1,0.028,1,0,54.5,0,908,1
30256,4,0.064,4,1,76.2,0,974,1
30257,0,0.19,2,0,47.4,0,773,0
30258,0,0.295,0,0,40.8,0,2027,0
30259,0,0.236,2,1,58.6,0,2325,1
30260,0,0.167,1,0,71.1,0,916,0
30261,1,0.103,1,1,56.6,0,1369,1
30262,2,0.122,0,0,95.6,4,926,0
30263,3,0.543,0,0,94.7,1,629,0
30264,3,0.099,3,1,73.5,0,565,0
30265,3,0.159,1,0,71.7,1,4121,0
30266,1,0.081,0,1,92.5,0,720,0
30267,3,0.256,1,1,85.8,0,1890,0
30268,4,0.005,0,0,35.6,2,1593,0
30269,2,0.356,0,0,41.0,3,526,0
30270,0,0.097,2,0,47.3,2,1631,1
30271,5,0.244,0,0,95.5,1,1490,0
30272,2,0.187,2,0,81.0,1,1192,0
30273,1,0.25,0,1,76.3,0,893,0
30274,0,0.393,1,0,93.1,0,1210,1
30275,1,0.067,2,0,67.2,0,1688,0
30276,1,0.103,2,0,57.9,0,663,0
30277,4,0.58,1,0,53.9,0,3314,0
30278,5,0.3,0,0,48.7,1,1961,1
30279,4,0.236,3,1,52.6,0,225,0
30280,2,0.077,0,0,83.1,1,1036,1
30281,4,0.156,0,0,61.5,0,5381,0
30282,1,0.344,1,0,25.5,0,1557,1
30283,2,0.258,0,1,38.4,2,730,0
30284,2,0.24,2,1,68.4,3,1896,1
30285,1,0.209,2,1,78.7,1,275,0
30286,2,0.517,0,1,76.5,0,1463,1
30287,5,0.227,0,1,68.8,0,853,1
30288,0,0.141,1,1,49.7,0,1249,0
30289,3,0.136,1,0,26.1,1,478,1
30290,3,0.246,1,1,33.1,1,897,1
30291,5,0.068,1,1,63.9,0,195,1
30292,2,0.272,2,0,93.9,0,786,0
30293,0,0.198,0,1,73.5,1,1319,0
30294,2,0.119,2,1,50.4,0,2643,1
30295,2,0.052,1,0,93.2,0,6802,0
30296,1,0.126,2,0,56.3,1,683,0
30297,3,0.035,1,1,50.9,2,1727,1
30298,2,0.036,2,0,40.9,0,958,0
30299,4,0.134,2,0,80.6,2,983,1
30300,2,0.246,0,0,72.1,2,1290,0
30301,3,0.194,2,1,47.5,0,1085,0
30302,1,0.131,2,1,57.9,0,4479,0
30303,1,0.221,0,0,85.9,0,984,1
30304,2,0.361,2,1,92.1,1,544,0
30305,0,0.171,1,0,66.9,0,1378,1
30306,1,0.112,0,1,64.8,1,571,1
30307,0,0.228,2,1,63.3,0,936,0
30308,1,0.066,3,1,94.0,0,2545,0
30309,3,0.369,4,1,39.2,1,1019,0
30310,1,0.044,1,1,79.3,0,1745,1
30311,2,0.028,0,0,80.4,0,1047,0
30312,2,0.16,1,0,73.6,1,1455,0
30313,2,0.148,1,0,76.1,0,744,0
30314,2,0.138,1,0,65.1,0,2139,1
30315,3,0.201,1,0,46.6,2,482,0
30316,2,0.21,1,0,40.1,2,692,0
30317,1,0.087,0,0,68.0,0,1283,0
30318,3,0.112,0,0,60.7,0,2159,0
30319,3,0.067,1,1,84.6,0,1405,0
30320,5,0.078,0,0,95.0,0,1735,0
30321,1,0.182,0,1,31.7,0,517,0
30322,3,0.362,1,0,57.8,0,971,0
30323,2,0.366,0,0,76.6,4,1432,1
30324,1,0.369,1,0,90.6,0,1260,0
30325,1,0.039,1,0,84.3,3,568,0
30326,1,0.109,3,0,78.0,0,672,0
30327,2,0.053,1,0,49.7,0,1105,0
30328,1,0.06,1,0,55.8,0,2044,0
30329,0,0.101,1,1,66.8,0,5272,1
30330,0,0.075,1,0,54.7,0,565,1
30331,2,0.271,0,0,67.2,1,1256,1
30332,3,0.142,1,1,36.3,0,594,1
30333,0,0.146,1,0,29.4,1,1192,0
30334,3,0.569,1,1,55.8,0,926,0
30335,5,0.136,0,0,84.6,0,1613,0
30336,1,0.285,2,1,43.0,0,301,0
30337,3,0.2,0,0,89.7,1,960,1
30338,3,0.161,2,1,76.2,1,1308,0
30339,1,0.229,1,0,75.4,0,1399,0
30340,0,0.051,0,1,85.0,2,1525,0
30341,1,0.114,3,0,81.4,2,1354,0
30342,2,0.336,1,0,95.7,2,2922,1
30343,1,0.527,2,0,70.5,0,3075,1
30344,2,0.018,0,1,97.7,1,1047,0
30345,0,0.119,3,0,84.3,1,842,0
30346,2,0.089,1,1,66.4,1,1395,0
30347,3,0.015,0,1,33.4,1,2133,0
30348,2,0.088,2,0,47.5,0,1248,0
30349,4,0.061,1,1,77.3,0,566,0
30350,3,0.419,3,1,74.0,0,2372,1
30351,1,0.094,0,1,57.0,0,1598,0
30352,1,0.378,1,1,36.0,0,4151,0
30353,1,0.165,0,1,49.0,2,718,1
30354,3,0.118,2,1,58.3,2,1431,0
30355,2,0.229,2,0,95.0,1,1641,0
30356,1,0.072,0,1,82.8,0,1036,1
30357,8,0.21,0,0,83.1,1,624,0
30358,1,0.332,2,0,58.2,2,1476,1
30359,3,0.228,2,0,80.4,1,897,0
30360,3,0.232,0,0,54.1,1,1236,0
30361,4,0.318,0,0,55.0,0,1248,1
30362,2,0.492,0,1,82.2,0,578,0
30363,2,0.122,0,1,72.1,1,894,0
30364,3,0.082,0,1,66.5,2,910,0
30365,2,0.057,0,0,89.7,1,1270,0
30366,0,0.28,1,0,66.3,0,1690,0
30367,4,0.062,0,1,53.5,1,1518,1
30368,3,0.164,0,0,67.9,0,2230,0
30369,2,0.111,0,1,56.5,0,1352,0
30370,0,0.444,2,1,39.6,0,4906,1
30371,2,0.097,1,0,62.7,1,1593,0
30372,4,0.432,1,0,75.8,2,477,0
30373,2,0.434,1,1,59.2,0,924,1
30374,3,0.254,2,0,37.1,0,8000,1
30375,2,0.005,2,0,55.2,0,474,1
30376,6,0.317,1,0,61.6,1,1694,1
30377,0,0.255,1,1,78.5,0,5893,0
30378,0,0.051,2,1,52.1,0,514,1
30379,2,0.154,3,0,77.8,0,3684,0
30380,1,0.25,2,1,80.0,0,3680,0
30381,1,0.245,1,1,46.4,0,1007,1
30382,3,0.183,4,1,51.7,0,328,0
30383,2,0.3,3,0,92.1,0,1882,0
30384,0,0.007,0,0,86.1,0,1156,1
30385,1,0.33,1,1,87.9,1,1079,1
30386,3,0.222,2,0,85.5,0,1968,0
30387,1,0.073,0,1,75.3,1,1241,0
30388,3,0.186,3,1,61.1,0,406,0
30389,2,0.328,0,0,83.7,1,1135,0
30390,0,0.145,0,0,68.6,0,1587,0
30391,3,0.201,2,0,89.0,1,1738,0
30392,3,0.048,0,1,81.5,1,3011,0
30393,6,0.35,0,0,62.3,0,316,0
30394,2,0.297,1,1,61.0,2,2495,1
30395,3,0.37,0,1,43.4,0,941,1
30396,3,0.347,1,1,79.2,0,1401,1
30397,1,0.095,1,1,70.9,0,2258,0
30398,4,0.355,1,1,32.8,0,722,1
30399,2,0.251,1,1,56.1,2,939,1
30400,1,0.478,2,1,58.5,0,1823,1
30401,5,0.181,0,1,89.1,0,812,0
30402,0,0.104,0,0,74.2,0,1549,0
30403,2,0.358,2,0,96.3,1,578,0
30404,1,0.267,0,0,53.0,3,2866,1
30405,0,0.021,1,1,20.6,0,2080,1
30406,3,0.244,1,1,43.6,0,719,1
30407,3,0.158,2,0,78.0,0,2633,1
30408,1,0.256,0,0,63.0,2,1648,0
30409,1,0.292,1,1,85.5,1,629,1
30410,2,0.048,0,1,79.6,0,1983,0
30411,2,0.425,0,1,84.2,1,2019,1
30412,3,0.171,1,1,69.1,0,404,0
30413,2,0.188,2,1,83.7,0,223,0
30414,0,0.059,2,1,70.6,0,922,1
30415,2,0.16,1,1,24.6,3,730,1
30416,2,0.433,1,0,72.1,0,1909,0
30417,3,0.162,0,1,46.0,0,768,0
30418,4,0.532,0,1,66.1,1,803,1
30419,2,0.138,0,1,61.3,0,4354,1
30420,2,0.035,0,1,60.6,1,2957,1
30421,2,0.216,3,1,66.0,2,422,0
30422,4,0.202,4,0,57.6,0,3155,1
30423,1,0.047,2,1,65.9,0,3677,1
30424,4,0.017,0,1,90.6,0,1114,1
30425,2,0.043,0,0,72.9,2,934,0
30426,3,0.201,3,1,46.7,0,327,1
30427,1,0.117,1,0,32.8,0,480,0
30428,2,0.18,2,1,71.6,1,1138,1
30429,2,0.048,0,0,71.9,2,885,0
30430,1,0.253,1,0,59.2,0,967,0
30431,0,0.224,2,1,25.3,0,1580,0
30432,0,0.206,2,0,45.5,0,4265,1
30433,1,0.13,1,1,43.6,0,814,0
30434,3,0.342,1,0,90.6,0,815,0
30435,5,0.15,0,0,64.2,0,1121,0
30436,3,0.084,0,0,59.4,0,1025,0
30437,0,0.129,1,0,49.5,0,4030,0
30438,2,0.274,2,1,84.8,1,1073,1
30439,3,0.168,1,1,52.3,0,2328,1
30440,1,0.212,0,1,62.6,0,7535,0
30441,1,0.315,0,0,57.5,0,4152,0
30442,3,0.015,2,0,50.2,1,1084,1
30443,4,0.111,1,0,63.2,0,888,0
30444,3,0.312,2,0,48.7,0,630,1
30445,0,0.124,0,0,97.0,0,1324,0
30446,0,0.13,3,1,64.1,0,408,1
30447,0,0.071,0,0,74.4,0,5903,0
30448,3,0.216,1,0,48.1,0,840,0
30449,1,0.053,0,1,79.2,2,1265,0
30450,2,0.202,2,0,75.3,1,1490,1
30451,0,0.239,0,0,95.1,1,532,1
30452,0,0.576,0,0,62.9,0,2482,0
30453,2,0.274,3,1,68.3,0,1716,0
30454,2,0.167,1,0,90.2,0,1018,0
30455,2,0.127,1,0,63.7,0,1609,0
30456,0,0.04,0,0,78.3,0,1163,0
30457,0,0.26,0,1,68.1,0,1222,1
30458,1,0.074,1,0,84.3,0,772,0
30459,0,0.339,2,0,68.7,1,1343,0
30460,4,0.035,0,1,86.0,0,1657,1
30461,2,0.156,2,1,87.6,0,693,0
30462,2,0.106,0,1,22.9,0,1509,1
30463,1,0.298,1,0,92.6,0,320,0
30464,7,0.163,1,1,79.6,3,2944,0
30465,1,0.049,2,0,62.2,0,524,0
30466,4,0.073,0,0,76.1,1,369,0
30467,3,0.2,0,0,59.0,1,869,0
30468,2,0.068,1,0,85.7,1,1450,0
30469,2,0.115,2,0,73.1,1,1005,0
30470,3,0.074,0,1,54.0,0,2188,0
30471,1,0.116,0,0,85.9,1,1049,0
30472,0,0.139,1,0,72.5,0,1079,0
30473,1,0.059,0,1,88.0,2,1134,0
30474,0,0.479,1,0,68.8,1,4131,1
30475,3,0.2,1,0,60.0,0,938,0
30476,4,0.02,2,1,53.8,0,7297,0
30477,3,0.287,1,1,77.6,2,5052,0
30478,0,0.281,0,1,72.4,0,550,1
30479,2,0.214,1,0,41.9,1,2418,0
30480,4,0.334,2,0,52.6,2,821,0
30481,3,0.21,2,0,51.0,0,1403,1
30482,7,0.046,1,0,67.2,0,413,1
30483,1,0.369,0,1,57.8,2,1194,0
30484,3,0.142,1,0,84.8,1,8000,0
30485,3,0.43,2,0,51.6,1,737,1
30486,3,0.224,1,0,61.7,0,2174,0
30487,3,0.433,3,0,50.7,0,1413,0
30488,2,0.21,6,0,65.7,0,894,1
30489,4,0.099,0,0,68.3,0,3039,0
30490,0,0.06,1,0,63.3,0,942,1
30491,1,0.041,2,0,67.8,2,1265,0
30492,4,0.435,2,1,30.5,2,1535,1
30493,2,0.273,1,0,82.8,1,3053,0
30494,1,0.114,3,1,96.6,0,990,0
30495,1,0.081,1,0,76.5,0,6329,1
30496,3,0.541,0,0,37.9,0,371,1
30497,6,0.188,0,1,96.5,0,854,0
30498,0,0.278,3,0,60.0,0,3088,0
30499,4,0.039,1,1,97.2,1,872,0
30500,2,0.055,0,0,77.1,0,1465,0
30501,4,0.017,1,1,52.6,0,662,0
30502,1,0.362,1,1,80.2,1,480,1
30503,0,0.346,0,0,62.0,0,904,1
30504,2,0.258,1,0,91.6,0,2202,0
30505,3,0.12,3,1,83.3,2,850,1
30506,2,0.319,0,1,88.2,1,1218,0
30507,1,0.07,2,1,72.6,0,913,0
30508,6,0.09,1,1,89.2,1,2089,0
30509,0,0.307,2,0,51.7,0,422,0
30510,5,0.347,0,1,79.9,1,1199,1
30511,4,0.105,1,1,73.8,1,1016,1
30512,2,0.045,1,1,46.5,0,686,1
30513,1,0.199,0,0,72.6,1,3039,0
30514,0,0.14,2,1,85.2,0,385,0
30515,0,0.098,1,0,89.2,1,1671,0
30516,2,0.039,0,1,54.9,0,1782,0
30517,1,0.121,1,1,72.1,0,985,0
30518,3,0.11,0,0,87.3,0,5062,0
30519,3,0.165,1,0,85.9,1,1753,0
30520,4,0.355,2,0,79.9,0,784,0
30521,1,0.221,2,0,53.3,0,1993,0
30522,5,0.01,1,0,48.4,1,932,0
30523,4,0.26,0,0,66.7,3,976,1
30524,1,0.173,1,0,87.9,3,2853,0
30525,1,0.114,0,0,93.6,1,1895,0
30526,2,0.483,1,1,46.9,0,2750,1
30527,1,0.162,2,1,53.5,0,228,0
30528,2,0.075,2,0,79.7,0,1667,0
30529,2,0.281,0,1,92.3,0,3767,1
30530,1,0.104,4,0,44.8,0,594,0
30531,0,0.049,1,0,59.9,0,1470,0
30532,2,0.151,1,0,87.2,1,1115,0
30533,4,0.299,1,1,63.2,4,2161,1
30534,3,0.379,0,0,63.6,0,892,0
30535,0,0.506,1,0,69.0,2,2281,0
30536,2,0.537,2,1,72.8,1,1069,1
30537,2,0.389,1,1,91.4,1,8000,1
30538,2,0.189,6,1,89.6,0,1690,1
30539,0,0.25,3,0,69.9,1,6510,0
30540,4,0.184,2,0,99.0,0,2065,0
30541,1,0.143,1,0,57.6,1,1006,0
30542,5,0.29,0,0,78.4,0,1351,1
30543,2,0.176,1,1,50.9,3,1722,1
30544,4,0.227,0,0,76.2,0,263,0
30545,0,0.084,1,0,81.2,0,2574,1
30546,2,0.131,4,0,84.9,1,1478,1
30547,1,0.342,0,1,85.1,4,1923,0
30548,1,0.595,2,0,79.1,0,2024,0
30549,1,0.021,2,0,59.4,0,530,0
30550,2,0.268,0,0,63.3,1,1395,0
30551,3,0.353,2,1,80.2,1,1318,0
30552,2,0.401,1,1,89.4,0,549,1
30553,1,0.047,0,1,79.3,0,3621,1
30554,2,0.1,1,1,74.3,0,4861,0
30555,0,0.254,1,1,46.5,0,999,0
30556,3,0.295,1,0,86.3,0,1871,0
30557,2,0.004,1,1,90.6,0,1254,1
30558,4,0.231,0,0,54.2,0,1014,0
30559,0,0.416,1,1,83.0,1,954,0
30560,1,0.822,3,1,86.1,1,539,1
30561,2,0.098,3,1,71.5,4,1678,1
30562,1,0.092,0,0,76.9,2,832,0
30563,2,0.392,2,0,38.4,0,1975,0
30564,5,0.019,1,1,74.9,0,946,0
30565,3,0.152,1,0,77.1,0,567,0
30566,3,0.323,1,1,83.0,1,796,1
30567,1,0.201,1,0,12.9,0,1647,1
30568,0,0.24,0,1,19.5,3,1005,1
30569,2,0.215,2,0,66.6,1,669,0
30570,0,0.176,3,1,65.0,2,3936,0
30571,2,0.164,3,1,75.8,1,493,1
30572,4,0.228,0,1,53.0,2,3175,1
30573,0,0.243,1,0,82.4,1,2806,0
30574,4,0.074,1,0,30.6,0,2368,0
30575,3,0.058,0,0,70.3,1,2176,0
30576,2,0.268,1,0,54.4,2,743,1
30577,0,0.193,3,1,61.9,2,866,0
30578,1,0.237,1,1,28.8,2,4901,1
30579,0,0.221,3,1,84.5,1,2673,0
30580,0,0.118,1,1,92.2,1,1814,0
30581,3,0.087,1,1,78.7,0,859,0
30582,1,0.088,2,0,74.7,0,688,0
30583,1,0.428,3,0,89.9,0,568,1
30584,2,0.289,0,0,53.2,0,789,0
30585,4,0.469,2,0,60.5,0,1064,0
30586,5,0.079,4,0,65.8,0,1444,0
30587,2,0.11,1,0,59.6,0,2984,0
30588,3,0.13,1,0,58.9,0,5742,1
30589,1,0.097,1,0,50.8,2,3690,0
30590,1,0.148,2,0,47.1,2,532,0
30591,1,0.447,0,0,87.4,1,757,0
30592,0,0.132,0,1,26.3,0,660,1
30593,2,0.13,3,0,76.0,3,2784,0
30594,1,0.222,3,1,39.2,0,2251,1
30595,3,0.201,1,0,73.0,1,925,1
30596,5,0.488,0,1,78.0,1,1212,1
30597,0,0.274,1,0,31.6,1,1535,1
30598,1,0.083,2,1,51.7,1,1938,0
30599,3,0.125,0,1,86.0,0,3150,0
30600,4,0.089,1,0,35.1,1,1528,1
30601,3,0.193,0,0,67.4,0,1144,1
30602,6,0.18,1,0,94.9,0,1765,0
30603,1,0.08,1,0,80.2,0,1143,0
30604,2,0.093,2,1,81.9,0,1752,0
30605,3,0.03,2,0,71.8,0,1162,0
30606,1,0.183,3,0,50.8,1,3051,0
30607,1,0.097,2,0,48.4,0,3239,0
30608,6,0.047,2,1,49.9,2,1153,1
30609,2,0.043,3,0,29.2,0,5669,0
30610,1,0.103,1,0,72.1,0,1525,0
30611,0,0.128,2,0,47.2,0,1776,1
30612,1,0.365,0,0,80.0,1,3618,0
30613,2,0.327,0,0,88.0,2,5449,0
30614,1,0.314,0,1,29.1,1,3015,1
30615,2,0.529,0,1,78.7,1,1664,0
30616,0,0.089,1,0,69.8,1,1014,1
30617,2,0.207,1,0,73.5,1,1649,0
30618,1,0.141,2,0,75.1,2,2010,0
30619,3,0.201,2,0,39.1,0,1769,0
30620,4,0.303,1,1,84.4,1,1126,1
30621,3,0.141,1,0,64.9,1,777,0
30622,3,0.191,0,0,67.8,0,1517,0
30623,4,0.058,2,0,83.6,0,826,0
30624,2,0.047,1,0,89.3,0,402,0
30625,2,0.125,3,0,58.6,3,697,1
30626,2,0.213,2,1,63.2,0,944,1
30627,3,0.143,0,1,95.5,0,742,1
30628,2,0.092,0,0,71.8,1,1493,0
30629,1,0.277,0,0,62.1,0,528,1
30630,3,0.175,2,1,29.6,1,568,0
30631,4,0.273,4,0,94.3,1,3058,0
30632,3,0.054,1,0,94.3,0,2430,0
30633,3,0.054,2,1,65.1,0,1564,0
30634,1,0.039,1,1,84.8,1,3358,0
30635,3,0.053,1,0,93.8,0,764,0
30636,2,0.124,3,1,41.9,1,2105,0
30637,6,0.043,0,1,53.1,0,1095,0
30638,2,0.31,1,0,65.6,1,3542,0
30639,4,0.107,2,1,82.7,1,1468,0
30640,3,0.418,1,0,98.4,0,673,1
30641,1,0.065,0,0,47.0,1,3237,0
30642,1,0.488,3,1,66.2,0,943,1
30643,2,0.238,1,0,51.5,0,545,0
30644,2,0.046,1,0,75.1,0,3611,0
30645,4,0.244,2,1,76.8,1,1943,1
30646,4,0.472,1,0,58.2,0,678,0
30647,4,0.638,3,0,89.5,1,1154,1
30648,3,0.041,4,1,36.9,0,1131,1
30649,2,0.033,3,0,74.9,0,664,0
30650,4,0.205,1,0,50.2,0,681,0
30651,3,0.234,0,1,54.7,0,1157,0
30652,1,0.302,0,1,64.4,0,2469,0
30653,1,0.012,2,0,53.7,0,2224,0
30654,3,0.042,0,0,65.2,0,844,0
30655,4,0.053,0,1,64.4,2,2222,1
30656,1,0.014,2,0,68.1,1,3520,0
30657,2,0.018,0,0,44.1,0,680,0
30658,4,0.105,3,1,92.6,2,2073,0
30659,6,0.165,1,1,69.8,0,1253,1
30660,3,0.056,1,1,76.3,1,1024,0
30661,2,0.085,4,0,56.9,0,1254,1
30662,2,0.022,1,1,57.5,2,2188,1
30663,0,0.366,0,1,36.6,0,512,1
30664,5,0.386,1,1,82.2,0,1241,0
30665,1,0.05,0,0,82.0,0,959,0
30666,2,0.314,0,1,66.2,0,1258,1
30667,2,0.455,0,1,69.4,0,1089,1
30668,3,0.286,1,1,88.6,1,733,0
30669,1,0.112,0,1,70.0,1,4640,0
30670,3,0.544,1,0,85.6,0,198,0
30671,1,0.25,0,1,95.6,0,1848,0
30672,3,0.351,1,1,90.3,0,1858,0
30673,2,0.165,2,1,46.5,0,1309,0
30674,4,0.295,3,0,54.9,0,1506,0
30675,3,0.119,0,0,80.0,0,1935,0
30676,2,0.125,1,1,38.6,1,858,0
30677,4,0.007,1,0,50.8,0,960,0
30678,1,0.073,0,1,64.5,1,994,1
30679,2,0.061,2,1,57.2,4,1733,0
30680,1,0.081,1,0,69.0,1,1778,0
30681,0,0.244,0,0,85.5,1,595,0
30682,2,0.225,3,0,63.2,1,1191,0
30683,3,0.075,4,0,79.3,0,811,0
30684,3,0.388,0,0,83.3,2,647,0
30685,0,0.413,1,0,64.7,1,896,0
30686,0,0.069,1,1,50.8,2,570,0
30687,0,0.27,0,1,74.8,0,353,0
30688,2,0.25,2,1,48.1,0,1325,0
30689,1,0.099,3,1,74.3,1,2414,0
30690,2,0.178,2,0,93.0,0,1007,0
30691,2,0.377,3,1,52.2,3,2382,0
30692,2,0.136,1,0,65.6,2,2142,0
30693,4,0.341,2,1,66.6,0,679,1
30694,2,0.427,0,1,53.2,2,700,1
30695,4,0.464,1,0,52.7,2,457,0
30696,0,0.088,2,1,66.7,0,1472,1
30697,2,0.027,2,1,83.5,2,1781,0
30698,1,0.059,0,1,46.2,1,1241,0
30699,1,0.358,0,0,51.9,0,724,0
30700,0,0.135,1,0,72.4,0,1175,0
30701,3,0.408,2,0,34.1,2,2017,0
30702,3,0.368,1,0,39.3,1,1877,1
30703,1,0.533,3,1,60.8,1,1777,1
30704,3,0.207,3,0,46.1,1,1544,0
30705,2,0.419,1,0,85.8,1,2760,0
30706,2,0.059,2,0,59.9,0,624,0
30707,2,0.032,2,0,47.0,1,809,0
30708,4,0.297,1,0,88.7,0,642,1
30709,4,0.317,3,0,48.6,3,929,1
30710,2,0.438,1,0,87.2,0,3439,0
30711,2,0.168,0,1,62.1,0,725,1
30712,5,0.276,4,0,90.6,0,734,0
30713,3,0.151,1,0,70.4,1,374,1
30714,1,0.248,1,1,82.1,0,1921,1
30715,2,0.207,3,0,41.9,2,1198,1
30716,2,0.085,1,1,86.2,2,3242,1
30717,1,0.13,1,0,87.9,0,3257,0
30718,1,0.054,1,0,90.2,4,560,0
30719,4,0.06,0,0,72.6,1,1162,0
30720,8,0.034,0,0,89.9,0,2967,0
30721,2,0.257,0,1,75.0,0,729,1
30722,0,0.403,2,0,80.2,1,2426,1
30723,1,0.371,1,0,84.1,0,214,1
30724,3,0.055,1,0,84.3,0,1169,0
30725,0,0.303,1,0,87.0,0,786,0
30726,2,0.355,2,1,71.4,3,2565,1
30727,1,0.193,2,0,55.5,2,935,1
30728,1,0.261,5,1,47.6,0,2162,0
30729,2,0.198,0,0,56.1,1,1757,1
30730,6,0.117,1,0,91.8,0,718,0
30731,1,0.208,0,0,76.2,2,2269,0
30732,3,0.045,0,0,38.8,1,1784,0
30733,1,0.052,1,1,80.5,0,424,1
30734,0,0.302,2,1,86.7,4,1757,1
30735,1,0.155,0,0,85.0,0,876,0
30736,5,0.299,2,0,37.6,0,1689,0
30737,1,0.096,1,0,54.6,0,1456,0
30738,1,0.435,0,0,60.2,0,2475,0
30739,4,0.403,4,0,89.2,0,2369,0
30740,3,0.268,3,1,12.6,4,705,1
30741,1,0.144,3,1,64.3,0,850,0
30742,3,0.423,1,0,44.7,1,1022,1
30743,2,0.341,0,0,66.6,0,2573,0
30744,4,0.039,1,1,56.1,0,919,0
30745,0,0.141,2,1,39.9,0,1526,0
30746,0,0.114,2,0,77.7,1,2296,0
30747,0,0.103,0,1,80.0,1,1259,0
30748,3,0.152,2,0,51.9,0,4093,1
30749,1,0.123,2,0,47.0,0,833,0
30750,2,0.176,1,0,80.5,0,1774,0
30751,0,0.056,2,0,66.4,1,1604,0
30752,3,0.175,3,1,74.7,0,1328,1
30753,2,0.101,1,1,54.4,1,273,1
30754,2,0.403,1,0,77.2,3,1002,0
30755,1,0.254,2,0,83.9,0,359,1
30756,2,0.22,0,0,67.1,0,858,0
30757,1,0.422,1,0,95.0,0,1151,0
30758,4,0.142,1,1,60.2,1,6082,1
30759,1,0.272,0,1,58.0,0,2058,0
30760,2,0.07,0,0,82.7,0,590,0
30761,2,0.018,1,1,62.1,1,1395,1
30762,1,0.055,0,1,74.2,0,1628,0
30763,2,0.289,1,0,56.2,1,1301,0
30764,2,0.079,1,0,76.3,0,1228,0
30765,3,0.066,0,0,60.5,4,822,0
30766,3,0.414,0,1,98.0,0,1560,1
30767,3,0.033,0,0,65.8,3,1455,0
30768,3,0.114,0,1,46.4,0,1950,1
30769,0,0.175,1,1,79.9,0,2181,0
30770,0,0.123,1,0,92.7,0,2132,0
30771,3,0.125,0,0,85.5,1,1306,0
30772,2,0.268,1,1,71.0,1,1082,1
30773,1,0.035,0,0,66.7,0,2037,0
30774,1,0.053,2,0,62.6,2,682,0
30775,1,0.057,0,1,55.4,0,215,0
30776,1,0.263,0,0,26.8,0,359,1
30777,2,0.089,2,1,34.4,0,326,1
30778,0,0.141,0,0,82.7,0,1797,1
30779,1,0.363,0,0,65.1,0,1330,1
30780,2,0.396,0,0,88.6,0,2103,0
30781,4,0.124,0,0,60.5,0,1741,0
30782,3,0.191,1,0,64.6,0,2506,0
30783,1,0.138,1,1,42.2,0,2674,1
30784,1,0.189,2,0,72.1,0,2349,0
30785,5,0.115,0,0,53.3,1,2384,0
30786,3,0.245,1,1,66.4,0,3815,0
30787,3,0.058,1,1,57.6,0,5205,1
30788,0,0.033,1,1,73.5,0,1277,0
30789,2,0.087,2,0,76.7,3,3553,0
30790,3,0.105,2,0,35.3,1,806,1
30791,1,0.205,1,1,86.9,1,837,1
30792,4,0.266,3,1,54.6,1,3869,1
30793,2,0.219,0,0,77.3,0,1302,0
30794,3,0.071,1,1,75.7,0,378,0
30795,1,0.252,1,1,56.8,1,524,1
30796,2,0.18,1,0,72.7,0,706,0
30797,1,0.46,2,1,82.7,3,532,0
30798,0,0.1,2,0,46.4,1,1763,0
30799,3,0.063,0,0,93.6,0,662,0
30800,2,0.257,1,0,61.1,0,997,0
30801,5,0.025,0,0,30.5,1,792,0
30802,2,0.191,2,0,44.7,3,466,1
30803,2,0.078,0,1,45.0,0,482,0
30804,1,0.221,1,1,69.2,0,2294,0
30805,2,0.116,2,0,21.0,1,1524,0
30806,2,0.09,2,0,85.8,0,129,0
30807,3,0.312,1,1,56.0,0,777,0
30808,2,0.34,0,0,69.2,0,2264,1
30809,1,0.092,2,0,95.3,1,1800,1
30810,1,0.141,0,0,80.3,0,5365,0
30811,3,0.132,1,1,77.0,0,1012,1
30812,1,0.194,1,1,52.3,0,1576,1
30813,1,0.52,0,0,76.7,0,653,0
30814,1,0.146,3,1,65.9,0,411,1
30815,1,0.258,1,1,78.6,0,1564,1
30816,1,0.191,2,1,47.7,0,921,1
30817,2,0.062,2,1,58.3,0,7830,1
30818,2,0.038,0,0,67.1,0,803,0
30819,1,0.366,0,0,54.1,4,903,0
30820,3,0.571,2,0,70.3,0,1283,1
30821,2,0.04,3,0,53.2,1,2341,0
30822,2,0.104,0,0,40.0,0,2206,1
30823,0,0.118,3,0,60.4,1,379,0
30824,4,0.094,1,1,27.0,0,3026,1
30825,5,0.361,2,0,72.4,4,1081,1
30826,6,0.192,0,1,91.5,1,186,0
30827,2,0.141,0,0,55.7,0,1214,0
30828,1,0.062,2,1,54.2,0,594,1
30829,3,0.003,4,1,92.1,1,2775,0
30830,0,0.488,0,1,95.4,4,1543,1
30831,4,0.082,0,0,38.9,0,2574,0
30832,6,0.431,1,1,69.0,0,2795,1
30833,3,0.08,0,1,77.3,3,880,0
30834,2,0.041,0,1,88.8,1,1444,0
30835,1,0.238,1,0,81.1,0,2686,0
30836,3,0.155,2,0,91.2,0,1416,0
30837,5,0.163,2,1,93.8,1,681,0
30838,1,0.017,3,0,53.3,2,3331,0
30839,1,0.251,2,1,91.7,0,1234,1
30840,3,0.161,1,1,65.6,0,698,1
30841,2,0.385,0,0,91.5,0,4633,0
30842,0,0.51,0,0,56.6,2,319,0
30843,3,0.432,0,0,92.2,2,760,1
30844,0,0.318,0,0,56.3,1,811,0
30845,0,0.062,1,0,87.2,0,2240,0
30846,1,0.021,0,0,72.8,0,948,1
30847,2,0.213,3,0,41.2,1,750,0
30848,1,0.169,2,0,73.5,1,2516,0
30849,1,0.248,2,0,61.0,1,2095,1
30850,2,0.243,0,0,38.2,1,991,0
30851,0,0.351,1,0,82.2,3,1427,0
30852,4,0.372,0,1,78.6,0,551,1
30853,2,0.147,2,0,60.1,1,1032,1
30854,1,0.284,1,0,57.6,2,1154,0
30855,3,0.059,1,1,55.3,0,490,1
30856,2,0.087,1,0,59.7,0,381,0
30857,2,0.202,1,1,38.3,0,917,0
30858,7,0.361,1,0,75.4,2,2537,1
30859,2,0.104,4,0,73.2,0,1819,1
30860,1,0.503,3,0,67.7,1,797,0
30861,0,0.236,1,1,36.7,1,7450,1
30862,1,0.149,1,0,70.1,0,572,0
30863,4,0.154,1,0,75.3,0,1781,0
30864,0,0.056,1,0,48.3,0,837,0
30865,2,0.149,0,1,56.6,0,2835,1
30866,2,0.074,1,1,60.8,4,1119,0
30867,1,0.376,1,0,63.1,1,1025,0
30868,2,0.097,1,0,56.2,0,2380,0
30869,1,0.043,2,1,55.9,0,1080,1
30870,4,0.097,2,0,97.0,0,2033,0
30871,4,0.342,1,1,54.6,1,1122,1
30872,2,0.055,1,1,73.7,0,193,1
30873,2,0.119,3,0,58.3,0,5482,0
30874,2,0.118,0,0,60.6,1,1742,0
30875,2,0.247,1,0,84.3,1,976,0
30876,2,0.095,1,1,81.3,0,3149,0
30877,0,0.033,2,0,46.8,0,616,0
30878,2,0.199,2,1,56.1,0,640,0
30879,4,0.447,0,0,75.5,1,450,0
30880,1,0.18,5,1,79.4,0,1053,0
30881,3,0.073,1,1,88.9,0,763,0
30882,3,0.176,0,1,77.8,0,989,0
30883,2,0.165,1,0,41.0,1,433,1
30884,2,0.07,3,0,73.5,0,750,1
30885,2,0.022,1,0,84.8,0,1667,0
30886,2,0.236,0,1,65.8,0,3152,1
30887,0,0.002,1,1,79.9,1,1250,0
30888,4,0.122,1,1,50.0,3,855,1
30889,3,0.273,2,1,57.3,0,1884,0
30890,1,0.153,2,0,59.9,0,2763,0
30891,4,0.22,1,0,49.6,1,2660,0
30892,3,0.239,3,0,25.5,3,1734,1
30893,1,0.03,0,0,32.1,1,715,0
30894,2,0.282,0,0,62.6,0,1166,0
30895,2,0.089,3,0,73.5,0,1436,0
30896,2,0.175,4,1,61.4,0,217,1
30897,0,0.243,1,0,65.2,0,1235,0
30898,1,0.3,0,1,84.0,1,4053,0
30899,3,0.392,1,0,67.1,1,774,0
30900,3,0.066,0,0,56.6,0,340,0
30901,1,0.074,1,1,60.1,0,760,0
30902,0,0.141,2,0,39.8,0,742,0
30903,3,0.49,0,0,69.0,2,2621,1
30904,0,0.181,0,1,53.2,0,7659,1
30905,0,0.022,0,1,92.4,0,1352,0
30906,2,0.012,0,1,88.0,2,667,0
30907,1,0.421,2,0,19.4,0,519,1
30908,2,0.254,1,1,86.6,0,2494,0
30909,3,0.403,2,1,45.3,1,2011,1
30910,2,0.354,2,0,73.9,1,2752,0
30911,0,0.164,3,1,13.8,1,837,0
30912,3,0.101,1,0,76.2,1,3797,0
30913,0,0.123,1,0,88.7,2,1369,0
30914,4,0.35,2,1,79.4,1,736,0
30915,3,0.058,1,0,51.5,1,288,0
30916,2,0.265,2,0,78.0,2,846,0
30917,3,0.272,4,0,75.8,0,839,0
30918,1,0.167,1,1,33.7,0,573,0
30919,5,0.096,1,0,47.7,0,1657,0
30920,4,0.078,1,1,84.3,0,746,0
30921,4,0.322,3,1,76.4,0,623,1
30922,2,0.168,1,0,54.1,0,638,0
30923,4,0.019,5,0,29.3,1,449,1
30924,2,0.127,1,1,85.7,3,813,0
30925,2,0.183,2,1,34.8,0,827,1
30926,3,0.047,1,0,76.6,0,1021,0
30927,4,0.076,2,0,52.3,3,1584,0
30928,1,0.044,1,0,70.8,0,3539,0
30929,0,0.05,1,0,66.9,0,2458,1
30930,2,0.14,1,0,58.6,4,406,0
30931,3,0.121,3,0,78.4,0,2265,0
30932,2,0.005,1,0,49.8,2,2586,0
30933,2,0.212,0,1,86.3,0,2060,1
30934,3,0.185,0,0,49.0,0,884,0
30935,4,0.019,3,0,76.1,1,3378,0
30936,5,0.174,1,0,64.3,4,646,0
30937,2,0.694,1,0,68.4,0,2557,1
30938,1,0.283,0,0,64.7,0,2504,0
30939,5,0.132,1,1,73.0,0,1719,0
30940,3,0.038,0,1,84.2,0,344,0
30941,2,0.128,1,0,49.8,0,1396,0
30942,1,0.051,0,1,63.4,0,2171,0
30943,3,0.401,1,1,32.1,1,1254,0
30944,5,0.055,3,1,76.6,1,1144,1
30945,3,0.211,0,1,65.2,3,933,0
30946,2,0.119,1,1,88.5,0,838,1
30947,2,0.125,0,0,21.9,3,1134,0
30948,2,0.283,0,1,85.7,0,2804,1
30949,0,0.186,2,0,54.2,2,741,0
30950,3,0.284,0,0,94.9,1,1595,0
30951,5,0.155,1,0,58.4,0,184,1
30952,3,0.4,1,0,90.1,3,839,0
30953,4,0.14,1,1,91.1,0,1997,0
30954,2,0.126,1,0,90.5,1,2450,0
30955,1,0.154,1,1,92.4,1,556,1
30956,1,0.381,2,1,70.7,0,1478,1
30957,1,0.457,0,1,74.7,0,2091,0
30958,3,0.296,1,1,74.4,0,688,1
30959,1,0.023,1,1,71.2,0,375,0
30960,2,0.107,1,1,66.7,2,470,0
30961,0,0.488,2,1,56.7,0,395,1
30962,4,0.392,3,1,69.5,0,1981,1
30963,3,0.032,1,0,67.9,0,1294,1
30964,3,0.179,1,0,87.8,0,891,1
30965,2,0.273,1,0,88.1,0,645,0
30966,3,0.175,1,0,90.0,0,2601,0
30967,0,0.423,2,0,64.9,2,1036,1
30968,2,0.087,0,0,67.6,0,1502,0
30969,2,0.121,1,1,72.4,0,635,0
30970,1,0.083,2,1,86.1,2,526,1
30971,2,0.129,1,0,86.8,2,2441,0
30972,4,0.255,1,1,75.8,0,1273,0
30973,0,0.426,1,1,29.4,2,1353,1
30974,2,0.127,2,1,91.6,3,1507,1
30975,4,0.265,2,1,78.4,0,2397,1
30976,1,0.049,1,1,84.7,0,2714,0
30977,2,0.02,1,0,67.0,0,549,0
30978,1,0.04,2,0,70.2,1,1001,0
30979,3,0.065,4,0,62.6,1,584,0
30980,3,0.126,2,0,43.0,0,1360,1
30981,2,0.014,0,1,50.9,0,915,1
30982,1,0.344,1,0,27.6,0,966,0
30983,0,0.142,0,0,82.0,1,1027,0
30984,5,0.041,0,1,71.2,0,990,1
30985,1,0.517,1,1,67.3,0,7028,1
30986,2,0.299,0,0,44.0,1,310,0
30987,0,0.079,0,1,55.5,1,1080,0
30988,1,0.363,1,0,77.0,0,421,0
30989,4,0.207,3,0,89.7,2,1349,0
30990,3,0.023,1,1,68.4,0,446,0
30991,0,0.247,1,1,71.4,1,1149,1
30992,2,0.351,0,1,90.5,0,721,0
30993,3,0.031,0,0,52.8,0,2556,0
30994,3,0.087,1,0,75.4,4,425,0
30995,2,0.327,0,1,62.4,1,466,0
30996,0,0.002,0,0,81.9,0,540,0
30997,1,0.411,4,1,59.8,0,1563,1
30998,1,0.039,0,0,55.3,1,1389,0
30999,0,0.139,2,1,74.5,1,975,0
31000,5,0.466,4,0,47.3,1,1876,0
31001,4,0.251,0,1,71.0,1,245,1
31002,3,0.07,1,1,50.9,0,1010,0
31003,4,0.49,1,1,92.3,0,1182,0
31004,2,0.572,1,1,65.9,0,1357,1
31005,1,0.104,4,0,76.5,0,1254,0
31006,3,0.145,1,0,41.7,1,1428,0
31007,3,0.258,2,1,71.8,0,1640,1
31008,0,0.297,0,0,62.8,0,4684,0
31009,1,0.099,1,0,68.5,0,1978,0
31010,2,0.062,0,0,75.6,0,418,0
31011,2,0.026,1,0,71.6,0,2158,1
31012,0,0.129,2,1,57.9,0,1081,0
31013,2,0.052,1,1,88.4,0,804,1
31014,0,0.015,3,1,56.3,2,435,0
31015,2,0.378,1,1,86.4,0,977,1
31016,4,0.042,0,1,82.9,0,1378,1
31017,2,0.103,1,0,88.8,1,2028,0
31018,1,0.125,2,1,77.2,3,555,0
31019,5,0.23,3,0,87.7,1,897,0
31020,1,0.081,0,0,90.2,0,848,0
31021,0,0.334,0,0,63.8,0,806,1
31022,1,0.191,0,0,94.5,0,414,0
31023,2,0.148,2,1,64.0,0,571,0
31024,5,0.264,2,1,51.0,1,972,0
31025,1,0.258,0,1,50.3,0,1863,1
31026,3,0.226,2,1,97.0,0,1021,0
31027,2,0.317,1,0,89.4,0,520,0
31028,3,0.005,0,0,62.6,0,1000,0
31029,4,0.144,0,0,58.5,0,504,0
31030,3,0.101,2,0,48.9,1,2020,0
31031,0,0.125,1,0,54.7,0,3426,0
31032,2,0.338,2,0,67.1,0,1283,0
31033,4,0.11,0,0,76.9,1,1925,1
31034,4,0.156,1,0,45.4,2,728,0
31035,2,0.07,1,0,53.4,0,1410,0
31036,1,0.003,0,0,35.9,0,1149,0
31037,0,0.04,1,0,70.6,0,2357,0
31038,0,0.069,0,0,86.4,0,774,0
31039,1,0.088,1,0,86.0,0,1106,0
31040,5,0.207,1,1,76.0,1,541,0
31041,2,0.395,0,0,76.0,0,1829,0
31042,0,0.031,0,0,51.6,0,747,0
31043,1,0.146,0,1,95.0,1,931,0
31044,1,0.213,2,1,72.9,1,623,0
31045,0,0.471,3,1,56.7,0,1017,1
31046,2,0.091,3,0,86.3,0,1916,0
31047,1,0.38,1,1,56.9,0,1489,1
31048,4,0.065,2,0,80.8,4,2837,1
31049,3,0.076,2,1,72.4,3,734,0
31050,5,0.276,1,1,41.6,1,1166,1
31051,4,0.385,2,0,58.1,0,2594,1
31052,2,0.057,2,0,55.4,0,602,0
31053,2,0.392,0,0,43.8,0,2695,0
31054,2,0.27,3,1,39.7,0,3388,1
31055,4,0.049,0,1,90.5,0,539,0
31056,3,0.202,0,1,94.0,0,6427,0
31057,2,0.251,0,1,44.7,3,964,1
31058,2,0.381,3,0,66.5,1,358,0
31059,1,0.073,1,0,23.8,0,542,1
31060,3,0.166,1,1,79.8,0,1047,0
31061,3,0.12,0,0,47.5,2,876,0
31062,0,0.031,0,0,60.1,1,673,0
31063,3,0.15,0,0,44.6,0,490,0
31064,3,0.182,2,0,32.9,2,437,1
31065,5,0.092,2,1,91.4,0,3716,0
31066,2,0.087,1,0,79.0,1,1499,0
31067,2,0.035,1,0,78.7,0,2359,0
31068,0,0.157,2,0,75.9,1,607,0
31069,4,0.149,0,1,61.8,0,888,0
31070,0,0.306,1,0,86.0,0,575,0
31071,0,0.171,3,0,67.0,0,827,1
31072,2,0.138,2,0,65.0,0,2470,0
31073,0,0.139,1,0,50.5,0,866,0
31074,2,0.194,2,1,67.6,1,1093,0
31075,3,0.103,2,0,47.6,0,735,0
31076,2,0.275,0,1,80.7,0,2017,1
31077,1,0.244,1,1,76.8,0,791,0
31078,2,0.405,0,0,60.1,1,2861,0
31079,2,0.045,1,1,82.7,0,922,1
31080,2,0.05,0,0,54.6,0,6609,0
31081,3,0.272,3,0,81.9,0,2803,0
31082,2,0.024,0,1,25.3,0,1168,1
31083,1,0.092,0,0,72.3,2,1271,0
31084,1,0.298,0,1,77.1,0,3164,0
31085,3,0.148,2,0,67.1,1,1522,0
31086,0,0.004,2,0,45.3,2,1844,0
31087,2,0.108,0,0,76.9,0,5323,0
31088,0,0.162,1,0,45.5,1,1400,0
31089,4,0.156,2,0,87.3,0,278,0
31090,0,0.201,1,0,78.0,2,1368,1
31091,1,0.305,1,1,45.0,0,2754,0
31092,2,0.123,0,1,88.4,0,1510,1
31093,2,0.166,4,1,64.5,0,539,0
31094,2,0.04,1,1,48.3,4,1142,0
31095,0,0.138,1,1,73.0,0,3425,0
31096,3,0.28,2,1,68.0,2,449,0
31097,3,0.225,0,0,90.7,2,363,1
31098,2,0.061,0,1,52.4,2,675,1
31099,3,0.177,0,0,66.0,0,2704,0
31100,0,0.145,1,1,95.8,1,289,1
31101,2,0.368,3,1,73.0,0,1319,1
31102,5,0.138,2,1,66.6,0,1715,0
31103,1,0.374,1,0,76.5,0,1213,0
31104,3,0.108,0,0,67.4,3,430,0
31105,1,0.224,1,0,54.5,0,1328,0
31106,4,0.238,3,1,83.6,2,565,1
31107,1,0.016,2,1,70.5,0,1342,0
31108,1,0.174,2,0,82.6,1,650,0
31109,1,0.157,0,1,53.4,1,1529,0
31110,0,0.198,1,0,64.3,0,1171,0
31111,2,0.212,0,1,62.8,0,500,1
31112,3,0.051,0,1,79.6,0,1784,1
31113,1,0.073,0,1,65.2,0,1094,0
31114,2,0.3,0,1,76.1,1,1514,1
31115,1,0.039,2,1,79.5,1,1390,0
31116,3,0.518,0,0,69.1,1,2444,1
31117,5,0.183,0,1,80.7,1,1813,1
31118,5,0.319,3,0,98.5,1,1608,0
31119,1,0.21,0,0,59.5,0,320,1
31120,1,0.3,0,0,79.0,3,892,0
31121,2,0.136,1,0,59.9,3,191,1
31122,2,0.149,1,0,81.5,0,424,0
31123,1,0.084,0,1,52.8,3,2517,0
31124,0,0.176,2,0,45.6,4,805,0
31125,3,0.13,1,0,55.7,1,2476,0
31126,0,0.25,0,1,81.2,1,641,1
31127,3,0.01,1,1,59.4,0,1008,0
31128,4,0.11,0,0,79.0,0,1232,0
31129,3,0.185,3,1,51.0,0,3279,1
31130,0,0.259,0,0,78.0,0,2241,1
31131,2,0.152,1,1,88.6,1,785,0
31132,0,0.279,0,1,56.2,0,789,1
31133,0,0.283,0,0,89.0,0,1273,0
31134,0,0.085,0,1,56.1,0,5940,0
31135,0,0.031,1,1,50.3,0,1185,1
31136,3,0.439,0,1,83.2,2,633,0
31137,3,0.046,1,0,89.3,1,655,1
31138,0,0.239,1,0,61.0,0,992,0
31139,1,0.424,0,1,88.7,0,1411,0
31140,0,0.087,4,0,50.9,0,599,1
31141,1,0.186,2,1,80.8,1,2196,1
31142,0,0.497,2,0,80.6,0,714,1
31143,2,0.305,2,0,84.9,0,2806,0
31144,2,0.089,0,0,61.6,0,1357,0
31145,0,0.168,1,1,52.6,1,896,1
31146,1,0.159,1,0,40.4,0,158,0
31147,2,0.264,0,0,39.5,1,884,0
31148,1,0.048,2,1,76.2,0,1148,1
31149,2,0.306,2,1,87.0,1,1185,1
31150,3,0.141,1,0,77.1,1,1732,0
31151,0,0.138,2,0,61.6,0,874,0
31152,0,0.068,1,1,37.6,1,1748,0
31153,3,0.315,1,0,67.4,0,608,0
31154,0,0.19,1,1,64.4,0,2324,0
31155,1,0.238,2,0,65.0,1,2347,0
31156,2,0.02,0,1,81.3,1,1457,0
31157,1,0.079,2,0,56.5,1,1985,1
31158,3,0.091,1,0,94.4,0,943,0
31159,0,0.173,2,0,80.7,1,1028,0
31160,1,0.3,2,0,82.2,0,986,0
31161,1,0.155,2,1,58.0,0,2895,1
31162,3,0.003,2,0,67.8,0,1342,0
31163,5,0.043,5,0,59.2,1,683,1
31164,1,0.632,1,1,87.8,0,1120,1
31165,0,0.142,2,0,37.4,0,837,0
31166,6,0.131,1,1,51.6,0,1323,1
31167,2,0.137,1,1,59.9,0,1040,0
31168,4,0.088,1,1,77.3,0,453,0
31169,3,0.013,2,1,53.9,1,551,0
31170,2,0.057,2,0,57.0,0,900,0
31171,3,0.326,0,1,67.3,1,3068,0
31172,5,0.355,1,0,72.0,0,325,1
31173,2,0.087,0,1,86.6,0,1546,0
31174,0,0.096,1,0,95.5,0,3607,0
31175,2,0.129,1,0,75.8,0,2382,0
31176,1,0.056,1,1,36.8,2,1191,1
31177,0,0.323,1,1,75.9,0,1034,1
31178,4,0.476,1,0,77.6,1,1898,1
31179,4,0.195,1,0,58.5,0,3483,1
31180,1,0.26,1,1,55.5,0,2004,1
31181,2,0.306,0,1,22.9,0,1380,1
31182,2,0.031,1,1,84.8,0,2828,0
31183,3,0.315,1,0,54.1,2,1373,1
31184,1,0.094,2,0,86.0,0,1293,0
31185,2,0.302,4,0,91.0,1,1890,0
31186,2,0.06,1,0,59.8,0,775,0
31187,1,0.324,2,1,35.1,0,8000,1
31188,1,0.024,0,0,42.6,1,1354,0
31189,1,0.119,0,0,58.3,0,1065,0
31190,2,0.241,0,0,85.1,0,2188,1
31191,2,0.107,1,1,60.0,0,2611,0
31192,2,0.019,0,0,34.1,1,750,0
31193,3,0.372,3,0,87.9,0,366,0
31194,0,0.07,1,1,55.0,0,961,1
31195,2,0.203,1,1,94.0,1,1479,0
31196,5,0.241,2,1,74.4,0,721,1
31197,2,0.221,0,0,52.1,0,1191,0
31198,4,0.215,1,0,72.3,1,1108,0
31199,2,0.115,1,1,74.6,4,386,0
31200,3,0.067,0,0,74.4,0,1925,0
31201,5,0.372,4,1,77.6,0,2273,1
31202,0,0.076,0,1,77.7,0,1391,0
31203,0,0.119,1,0,72.4,0,1590,0
31204,1,0.088,2,1,62.9,0,767,0
31205,5,0.107,2,1,67.9,1,1115,0
31206,1,0.126,1,1,98.7,2,1941,0
31207,2,0.095,3,0,63.2,0,466,0
31208,3,0.02,1,0,43.2,2,593,0
31209,2,0.255,1,0,91.5,0,447,0
31210,3,0.115,2,1,73.1,0,3940,0
31211,3,0.136,1,0,62.4,2,998,0
31212,1,0.036,0,1,71.1,0,3314,0
31213,3,0.057,2,1,40.8,0,1151,0
31214,2,0.125,3,1,79.0,0,4254,1
31215,2,0.01,1,0,61.1,0,2872,1
31216,1,0.326,3,1,37.4,2,751,0
31217,6,0.324,2,0,74.8,0,1312,0
31218,3,0.206,1,1,77.3,0,600,1
31219,4,0.319,2,0,70.8,3,1926,0
31220,2,0.06,3,0,71.3,0,2577,0
31221,2,0.072,0,1,75.5,2,4518,1
31222,4,0.028,1,0,39.6,0,3179,0
31223,3,0.033,2,1,87.0,0,1641,0
31224,4,0.144,2,0,90.7,2,1553,0
31225,3,0.092,0,0,76.9,3,1020,0
31226,5,0.086,2,0,56.5,0,4344,0
31227,2,0.181,0,0,65.9,1,662,1
31228,2,0.022,3,1,60.7,0,586,1
31229,2,0.254,2,0,31.4,0,562,1
31230,1,0.082,2,1,84.3,0,2572,1
31231,0,0.063,1,1,47.7,0,2378,1
31232,2,0.082,2,1,86.6,0,1655,0
31233,0,0.233,4,1,74.2,2,1509,1
31234,1,0.385,0,0,41.1,0,529,1
31235,2,0.15,5,0,17.4,0,1466,1
31236,1,0.156,0,1,85.3,1,2873,1
31237,1,0.008,1,1,81.5,0,568,1
31238,2,0.394,1,1,60.9,0,516,1
31239,3,0.233,4,0,45.4,1,1507,0
31240,3,0.185,3,1,52.0,0,2072,0
31241,4,0.076,2,1,76.5,0,2145,0
31242,1,0.042,0,0,59.4,3,2828,0
31243,0,0.132,3,1,68.5,1,1356,0
31244,4,0.067,0,0,52.2,0,380,0
31245,2,0.118,4,0,41.5,2,1739,0
31246,0,0.201,1,0,54.6,2,2785,0
31247,0,0.009,1,1,84.2,0,784,0
31248,3,0.155,2,1,95.9,2,1101,0
31249,0,0.05,0,0,89.1,0,264,0
31250,0,0.172,1,1,90.2,2,996,0
31251,3,0.038,2,1,77.6,0,3709,0
31252,2,0.491,1,1,90.4,0,888,1
31253,2,0.052,2,1,44.7,0,579,1
31254,0,0.332,2,1,48.2,0,4779,1
31255,3,0.064,2,0,73.1,0,1864,0
31256,3,0.272,0,0,62.4,1,1691,0
31257,3,0.243,0,0,78.0,0,1352,0
31258,1,0.161,4,0,70.4,0,756,0
31259,6,0.32,1,0,38.8,1,1008,1
31260,2,0.269,0,0,44.9,1,3878,1
31261,2,0.022,1,0,89.1,0,749,0
31262,2,0.096,2,0,50.9,0,3152,0
31263,0,0.076,2,0,79.6,1,1547,0
31264,3,0.126,2,1,69.1,0,1553,1
31265,3,0.111,3,1,71.9,0,376,0
31266,1,0.422,1,1,87.3,4,1632,0
31267,1,0.208,2,0,70.5,0,1158,0
31268,4,0.26,0,1,87.1,2,392,0
31269,3,0.084,1,0,75.0,0,1248,0
31270,2,0.015,1,0,50.1,3,900,0
31271,1,0.376,1,0,79.3,0,1459,0
31272,1,0.193,0,1,73.1,1,667,0
31273,2,0.307,1,0,84.0,3,596,1
31274,0,0.18,0,1,78.7,0,1295,0
31275,1,0.328,0,0,93.0,0,919,1
31276,3,0.466,0,0,85.8,0,957,0
31277,0,0.241,1,1,73.2,1,516,1
31278,1,0.063,1,0,48.9,0,1164,1
31279,2,0.065,1,1,72.5,1,1898,0
31280,4,0.062,1,1,40.7,0,1469,0
31281,1,0.029,1,1,82.4,0,936,1
31282,1,0.367,0,1,88.5,0,384,0
31283,1,0.185,4,0,42.3,0,668,0
31284,1,0.452,2,0,77.5,0,720,0
31285,3,0.19,0,0,56.3,0,2180,0
31286,1,0.08,0,1,85.5,0,2126,0
31287,2,0.082,2,1,81.0,0,1507,0
31288,0,0.056,2,0,76.5,0,951,1
31289,1,0.108,0,0,73.9,1,3018,0
31290,0,0.12,1,1,79.2,2,1882,0
31291,3,0.06,0,1,71.3,0,283,0
31292,1,0.223,1,0,57.0,1,3668,0
31293,3,0.202,1,0,79.5,0,1082,0
31294,2,0.197,2,0,49.8,2,2341,1
31295,2,0.311,0,0,81.5,1,1685,1
31296,3,0.176,0,0,75.8,0,491,0
31297,1,0.145,0,1,36.1,0,874,1
31298,1,0.211,1,0,75.0,1,315,0
31299,4,0.168,2,1,63.7,1,705,1
31300,3,0.157,1,0,65.7,0,1339,0
31301,3,0.301,2,1,41.7,1,1271,1
31302,2,0.469,0,0,92.1,0,758,1
31303,1,0.321,0,0,74.2,2,1015,0
31304,3,0.229,1,0,85.7,3,1309,0
31305,1,0.402,1,1,74.3,2,1939,1
31306,1,0.353,1,1,71.7,2,782,1
31307,1,0.072,0,1,71.4,3,1091,0
31308,2,0.093,0,0,42.7,0,504,0
31309,6,0.205,3,1,64.5,0,516,0
31310,0,0.05,1,1,89.4,0,2673,0
31311,3,0.272,2,0,73.6,0,3535,0
31312,3,0.289,1,0,36.0,0,1399,1
31313,1,0.229,0,0,31.7,1,965,1
31314,3,0.248,1,1,75.1,0,872,0
31315,2,0.32,2,1,66.6,2,2848,1
31316,1,0.175,0,1,57.6,2,80,1
31317,2,0.283,0,0,51.0,3,5953,0
31318,2,0.067,3,1,38.6,0,1283,1
31319,4,0.269,1,0,87.4,1,204,0
31320,3,0.204,3,0,90.8,0,6784,0
31321,5,0.347,2,0,71.2,0,225,1
31322,1,0.142,0,1,54.8,1,250,1
31323,4,0.092,0,1,57.4,0,647,1
31324,3,0.032,2,0,77.2,2,1085,1
31325,6,0.181,1,0,60.6,2,2810,1
31326,2,0.273,0,1,42.6,0,952,1
31327,3,0.329,2,1,89.3,0,690,0
31328,1,0.044,0,0,71.0,2,977,0
31329,3,0.208,1,1,66.2,1,973,1
31330,5,0.481,3,1,79.9,0,3319,1
31331,2,0.121,0,0,76.8,0,2537,0
31332,1,0.25,0,1,69.3,0,794,1
31333,4,0.212,2,1,76.4,2,952,0
31334,1,0.191,1,0,65.1,2,330,0
31335,4,0.041,1,0,61.4,0,1886,0
31336,2,0.045,1,1,78.2,0,1169,1
31337,2,0.202,2,0,69.9,1,1590,0
31338,1,0.234,2,1,77.4,0,1886,1
31339,2,0.099,2,1,64.4,0,3602,0
31340,1,0.024,5,1,70.3,4,923,1
31341,1,0.241,1,1,72.0,4,1259,1
31342,0,0.08,0,1,55.3,0,3628,1
31343,3,0.194,1,0,88.3,2,1073,1
31344,2,0.211,1,0,84.6,0,1138,0
31345,3,0.078,2,1,18.5,0,7690,1
31346,3,0.088,0,0,60.6,1,1174,1
31347,2,0.197,1,1,70.0,0,4083,1
31348,1,0.173,0,0,73.2,1,820,0
31349,3,0.618,0,1,84.7,0,882,1
31350,3,0.425,1,1,70.5,0,298,0
31351,0,0.156,0,1,81.6,1,1860,1
31352,4,0.328,0,0,76.4,0,2002,0
31353,5,0.138,1,1,41.6,0,1290,1
31354,0,0.011,0,1,72.7,0,1671,0
31355,3,0.539,0,0,89.4,0,2236,0
31356,2,0.082,0,1,74.7,0,430,0
31357,2,0.358,3,0,41.4,0,1273,1
31358,2,0.103,1,0,67.3,0,3871,0
31359,2,0.142,5,0,48.4,0,994,0
31360,2,0.163,1,0,94.6,0,463,0
31361,3,0.146,0,1,79.8,0,2584,1
31362,0,0.323,2,1,63.4,0,1345,1
31363,2,0.153,2,0,57.8,2,1189,0
31364,5,0.023,1,0,74.7,1,911,0
31365,3,0.426,1,1,83.6,0,2308,1
31366,2,0.381,1,0,85.6,1,825,0
31367,1,0.289,2,1,85.4,3,3335,0
31368,2,0.351,1,1,70.4,3,1286,1
31369,1,0.319,3,0,69.7,4,2463,0
31370,5,0.19,1,1,31.8,0,2270,1
31371,3,0.082,2,0,33.8,1,530,1
31372,0,0.075,1,1,80.5,1,1693,0
31373,1,0.067,2,0,74.8,0,1004,0
31374,3,0.067,0,1,80.6,0,1919,1
31375,3,0.062,0,1,69.8,0,1162,0
31376,3,0.7,3,1,29.6,0,324,1
31377,4,0.138,2,1,53.1,0,2108,1
31378,2,0.117,1,1,95.2,0,254,0
31379,1,0.132,1,0,57.1,0,1338,0
31380,2,0.075,0,1,41.2,0,4566,1
31381,5,0.262,1,0,84.6,2,3232,1
31382,1,0.071,4,1,72.9,0,1606,1
31383,1,0.088,1,0,56.3,0,847,1
31384,1,0.196,1,1,29.9,0,1160,0
31385,0,0.021,2,0,72.5,0,2530,1
31386,6,0.255,0,0,63.3,0,698,1
31387,0,0.401,1,1,82.7,3,1624,0
31388,1,0.252,1,1,70.4,1,668,0
31389,3,0.102,0,1,42.5,0,995,1
31390,5,0.17,4,0,85.0,1,871,0
31391,2,0.098,1,1,87.0,0,1620,0
31392,1,0.579,3,0,69.4,0,1779,1
31393,3,0.563,2,1,41.2,0,5472,1
31394,1,0.502,2,0,78.8,0,1089,0
31395,3,0.285,3,1,52.4,0,1519,1
31396,2,0.257,0,0,76.2,0,2759,1
31397,2,0.363,1,0,61.2,0,1191,1
31398,2,0.045,0,1,54.5,1,1297,0
31399,5,0.144,2,0,80.2,0,1857,0
31400,1,0.106,1,1,57.6,1,755,0
31401,2,0.368,2,0,80.5,2,1395,0
31402,0,0.119,0,0,61.4,0,687,0
31403,2,0.085,3,0,82.1,0,970,0
31404,1,0.088,2,0,67.7,0,5446,0
31405,6,0.468,0,0,94.7,0,1095,0
31406,1,0.084,1,1,92.2,1,1415,0
31407,1,0.062,0,0,59.6,0,190,0
31408,2,0.029,1,0,63.7,0,1650,1
31409,1,0.283,0,0,53.9,1,4833,0
31410,0,0.016,0,1,79.1,1,669,1
31411,2,0.195,1,0,80.4,0,2588,0
31412,2,0.309,3,1,61.3,0,785,0
31413,4,0.113,5,1,73.2,0,380,1
31414,2,0.089,0,0,78.7,0,892,0
31415,4,0.058,1,1,63.7,0,751,0
31416,3,0.156,1,1,93.5,0,1314,1
31417,4,0.209,1,1,89.9,0,981,1
31418,2,0.202,1,0,43.0,2,602,1
31419,0,0.131,3,1,81.8,0,1760,0
31420,3,0.218,0,1,60.8,1,2756,1
31421,3,0.122,0,0,55.9,0,1910,0
31422,0,0.12,0,1,92.3,0,1373,0
31423,2,0.085,1,1,57.4,3,1148,1
31424,2,0.184,0,1,64.1,0,1826,0
31425,1,0.309,3,1,73.8,0,824,0
31426,1,0.289,2,0,69.5,1,2184,0
31427,4,0.682,1,1,33.9,0,494,1
31428,6,0.227,0,0,83.8,1,357,0
31429,0,0.062,1,1,72.0,0,1862,0
31430,2,0.041,2,1,52.6,0,572,0
31431,3,0.277,1,1,93.4,2,714,1
31432,0,0.019,3,0,88.9,0,586,0
31433,3,0.34,2,0,75.6,0,1840,0
31434,4,0.216,3,1,66.0,1,694,0
31435,1,0.131,0,0,60.0,0,3207,0
31436,2,0.024,0,0,72.3,1,2075,0
31437,1,0.114,0,1,35.1,0,1458,1
31438,2,0.079,1,0,63.0,2,3713,0
31439,5,0.48,0,1,81.0,0,630,1
31440,3,0.297,0,1,94.4,0,1328,0
31441,1,0.256,0,1,42.0,4,244,1
31442,3,0.271,1,0,73.7,1,838,0
31443,1,0.541,1,0,86.8,0,482,0
31444,0,0.047,0,0,70.2,3,2292,0
31445,2,0.1,1,0,74.7,0,2929,0
31446,1,0.106,2,1,73.9,0,1002,0
31447,3,0.022,5,0,47.7,2,6002,1
31448,2,0.085,0,1,69.6,1,671,1
31449,2,0.094,2,0,63.8,0,528,0
31450,2,0.121,0,1,89.0,3,830,1
31451,0,0.223,0,0,58.9,1,1584,0
31452,3,0.141,2,1,76.9,3,2351,1
31453,1,0.37,0,1,37.7,0,2112,1
31454,1,0.026,2,0,71.3,0,956,0
31455,2,0.439,1,1,72.4,3,2660,1
31456,1,0.364,1,0,45.2,1,843,1
31457,3,0.056,1,0,67.8,0,8000,0
31458,2,0.238,2,1,24.5,0,2571,0
31459,3,0.17,1,0,50.5,2,296,0
31460,1,0.168,3,0,79.2,1,862,1
31461,1,0.195,0,0,64.7,0,714,0
31462,1,0.147,0,1,92.7,0,5343,0
31463,2,0.141,4,1,35.9,4,631,0
31464,5,0.212,1,0,63.9,0,251,0
31465,0,0.009,1,0,83.5,1,2471,0
31466,0,0.195,2,0,58.1,1,162,0
31467,0,0.217,1,1,79.0,0,949,0
31468,1,0.053,1,0,48.9,1,2143,0
31469,1,0.092,0,0,92.9,0,931,0
31470,6,0.499,1,1,75.7,0,3309,1
31471,4,0.119,2,0,89.6,2,1610,0
31472,1,0.331,3,0,39.4,0,645,1
31473,4,0.185,0,1,44.8,0,1424,1
31474,1,0.039,1,1,75.5,0,4150,0
31475,2,0.328,0,0,62.3,2,1453,0
31476,3,0.128,1,1,58.0,0,1770,1
31477,3,0.323,1,1,92.6,0,1695,0
31478,1,0.275,0,1,48.8,0,739,1
31479,2,0.228,0,1,58.3,0,383,1
31480,3,0.567,1,0,75.5,0,1605,1
31481,2,0.206,0,1,71.6,4,3387,0
31482,1,0.177,1,0,87.5,0,1860,0
31483,1,0.174,1,0,87.2,0,478,1
31484,3,0.433,1,0,66.7,0,1649,0
31485,3,0.266,1,1,80.9,1,2373,1
31486,1,0.19,0,1,66.8,0,2827,1
31487,1,0.208,2,1,88.9,1,1893,0
31488,3,0.14,3,1,65.6,0,1470,0
31489,2,0.24,2,0,55.5,1,786,0
31490,3,0.193,1,0,89.7,0,1080,0
31491,1,0.157,2,0,75.0,1,2472,1
31492,1,0.242,2,0,63.5,0,680,1
31493,1,0.608,1,1,81.3,2,662,1
31494,4,0.174,1,0,72.2,1,2028,0
31495,4,0.057,3,1,67.4,0,1601,1
31496,2,0.028,0,0,81.5,0,3422,0
31497,1,0.23,1,0,64.2,3,2322,0
31498,1,0.379,5,0,70.8,0,834,0
31499,3,0.14,1,1,85.7,0,3629,0
31500,4,0.191,2,0,49.8,0,1521,1
31501,2,0.124,1,0,69.0,0,2015,0
31502,1,0.14,2,0,75.7,1,961,0
31503,4,0.224,1,0,91.3,2,1762,1
31504,0,0.334,0,1,44.2,0,856,1
31505,3,0.265,4,1,89.9,4,279,0
31506,3,0.284,1,0,64.4,0,4404,0
31507,1,0.288,2,0,85.0,2,674,0
31508,0,0.194,0,1,97.7,0,835,0
31509,3,0.368,1,0,22.3,2,799,1
31510,1,0.127,1,0,58.9,2,4421,0
31511,0,0.213,1,0,89.7,0,1740,1
31512,0,0.143,1,1,30.9,0,1933,1
31513,2,0.121,3,1,93.1,0,2442,0
31514,2,0.062,1,0,35.0,0,2107,0
31515,1,0.165,4,0,56.4,4,1450,1
31516,0,0.318,2,1,91.4,1,1417,0
31517,2,0.208,2,0,87.6,1,3544,0
31518,1,0.209,4,0,59.6,1,532,1
31519,1,0.152,0,0,37.3,0,669,1
31520,0,0.207,0,0,71.1,1,1955,0
31521,1,0.159,0,0,49.7,0,1564,0
31522,0,0.017,3,0,54.4,1,974,0
31523,3,0.32,2,1,60.8,1,6553,1
31524,2,0.019,0,0,59.3,1,541,0
31525,3,0.091,1,1,76.7,0,1282,1
31526,2,0.077,2,1,66.4,0,1507,0
31527,3,0.109,0,1,72.7,0,931,0
31528,4,0.073,1,1,69.5,0,775,0
31529,1,0.034,1,1,69.7,1,996,0
31530,1,0.226,0,0,73.2,0,3756,0
31531,1,0.496,2,0,64.9,0,944,1
31532,1,0.143,0,0,57.3,2,1621,1
31533,4,0.286,1,1,53.4,0,806,1
31534,0,0.04,0,0,96.1,0,2027,0
31535,2,0.345,3,0,68.6,0,2616,1
31536,3,0.043,4,0,94.2,0,1077,0
31537,2,0.232,0,0,72.7,0,1989,1
31538,4,0.327,3,0,82.2,0,1122,0
31539,3,0.088,1,1,33.8,0,1253,1
31540,1,0.089,2,1,70.1,0,1666,1
31541,5,0.096,0,1,46.2,0,1514,0
31542,3,0.212,1,1,53.2,1,1433,1
31543,2,0.127,1,0,62.5,0,432,1
31544,0,0.054,0,0,66.8,0,511,1
31545,2,0.005,1,0,66.7,0,361,1
31546,4,0.052,1,1,86.9,0,455,0
31547,4,0.122,4,0,37.8,0,1672,1
31548,1,0.198,3,0,76.8,0,947,0
31549,5,0.087,1,0,65.8,2,779,0
31550,0,0.178,2,0,74.3,0,4280,0
31551,1,0.011,0,0,36.9,0,2812,1
31552,1,0.243,1,1,67.6,0,398,0
31553,0,0.009,1,0,84.5,0,660,0
31554,1,0.13,1,1,57.4,0,624,1
31555,2,0.099,3,1,84.6,1,1266,0
31556,0,0.232,1,1,80.7,1,491,1
31557,1,0.307,0,0,72.5,0,752,1
31558,5,0.192,1,0,65.9,0,1623,0
31559,1,0.154,2,0,63.7,0,1104,1
31560,4,0.618,1,1,75.8,0,484,1
31561,1,0.286,0,0,59.7,2,1301,0
31562,1,0.043,0,0,52.3,0,1327,0
31563,2,0.033,0,0,84.1,2,1409,0
31564,0,0.17,1,0,73.6,3,452,1
31565,1,0.296,0,0,53.0,0,2408,0
31566,2,0.075,1,0,73.4,2,856,0
31567,2,0.156,1,0,89.9,1,541,0
31568,2,0.358,2,1,64.2,1,1273,1
31569,1,0.351,2,1,89.0,1,1927,0
31570,0,0.163,0,0,45.9,0,1840,0
31571,1,0.139,2,1,25.5,1,2984,0
31572,1,0.718,1,1,49.0,0,777,1
31573,1,0.239,2,0,69.0,4,390,0
31574,4,0.072,1,1,41.9,0,964,0
31575,2,0.142,2,0,49.9,0,167,0
31576,3,0.094,1,1,63.9,1,676,1
31577,1,0.414,4,0,72.3,1,959,0
31578,0,0.108,3,0,87.1,2,858,1
31579,0,0.091,1,0,55.8,0,1731,0
31580,6,0.226,2,1,57.0,1,1194,1
31581,6,0.121,1,1,56.6,0,1658,1
31582,0,0.386,2,1,95.2,1,1475,1
31583,2,0.285,4,0,41.0,0,429,0
31584,4,0.107,0,1,80.6,0,1846,0
31585,2,0.036,1,0,81.7,0,831,0
31586,4,0.132,2,0,83.4,0,1409,0
31587,5,0.097,2,0,86.0,1,1674,0
31588,4,0.071,3,0,51.9,0,695,0
31589,3,0.186,1,0,65.8,2,747,0
31590,2,0.148,1,1,64.8,0,1241,1
31591,1,0.065,1,0,47.0,0,865,0
31592,5,0.156,2,1,73.5,2,4040,1
31593,2,0.023,6,1,85.8,0,1221,0
31594,0,0.292,1,1,83.2,0,537,1
31595,1,0.064,2,0,26.3,0,5215,1
31596,1,0.215,1,0,61.0,0,1550,0
31597,3,0.128,1,1,55.0,0,1181,0
31598,1,0.241,2,0,65.5,1,3507,0
31599,0,0.158,2,0,92.5,0,1504,0
31600,2,0.41,0,1,64.6,0,1145,1
31601,0,0.361,1,1,71.9,0,396,1
31602,1,0.01,2,0,21.7,2,244,0
31603,4,0.066,1,0,81.5,2,2848,0
31604,0,0.065,4,0,80.8,0,1494,0
31605,4,0.165,2,0,65.1,2,1053,0
31606,1,0.175,2,0,93.7,0,1098,0
31607,1,0.073,3,1,9.9,0,1502,1
31608,1,0.176,3,1,57.1,0,1890,0
31609,2,0.345,0,0,61.1,1,703,0
31610,1,0.117,3,0,43.5,0,1387,0
31611,0,0.113,0,1,74.2,1,1752,0
31612,4,0.119,2,1,65.9,0,853,0
31613,1,0.168,0,0,81.7,0,255,0
31614,2,0.176,1,1,65.9,2,707,1
31615,3,0.226,3,1,48.3,0,487,0
31616,1,0.215,4,0,62.7,1,2778,0
31617,4,0.071,1,1,73.4,0,618,0
31618,1,0.098,1,1,79.0,0,603,1
31619,5,0.049,1,1,44.1,0,770,1
31620,0,0.094,0,0,75.3,1,2175,0
31621,4,0.261,3,1,50.3,0,2243,1
31622,1,0.096,3,0,74.2,1,690,1
31623,3,0.091,1,0,92.4,0,884,0
31624,4,0.059,2,1,77.6,0,1071,1
31625,4,0.461,1,0,61.8,1,3209,0
31626,2,0.181,1,1,46.9,0,288,1
31627,2,0.286,0,0,61.4,2,449,0
31628,3,0.46,1,1,87.0,1,6646,1
31629,2,0.07,0,1,59.9,0,2764,0
31630,0,0.03,0,1,72.3,0,427,0
31631,4,0.165,2,1,60.0,1,8000,1
31632,3,0.166,0,1,74.3,0,1894,0
31633,1,0.114,2,0,96.1,0,1312,0
31634,4,0.071,1,1,48.2,0,3409,0
31635,3,0.195,1,1,91.6,1,657,0
31636,4,0.033,1,0,40.0,0,863,1
31637,3,0.19,1,0,81.7,1,1279,0
31638,0,0.104,4,0,63.7,0,1726,0
31639,1,0.264,0,0,65.2,1,1535,0
31640,2,0.249,4,1,54.5,0,1399,1
31641,1,0.107,3,0,87.9,1,919,0
31642,2,0.178,1,0,85.1,0,1552,0
31643,1,0.213,2,0,82.5,0,1463,0
31644,3,0.248,3,1,72.3,0,1203,1
31645,4,0.317,0,0,88.0,1,1007,1
31646,2,0.188,2,1,76.0,2,843,1
31647,1,0.14,1,1,77.9,0,435,0
31648,4,0.393,1,1,70.3,1,3284,1
31649,4,0.235,3,1,44.3,2,2049,1
31650,3,0.195,0,1,87.7,0,2452,0
31651,3,0.175,0,0,83.1,0,539,0
31652,2,0.253,1,1,74.2,0,854,0
31653,7,0.24,3,0,59.4,0,1154,1
31654,0,0.165,0,1,40.5,0,1556,1
31655,2,0.136,1,1,67.2,2,707,1
31656,1,0.384,1,0,68.7,1,4080,1
31657,0,0.186,3,0,46.7,1,2244,0
31658,1,0.133,1,1,56.7,1,1376,0
31659,5,0.251,2,0,79.0,0,1498,1
31660,1,0.088,2,0,94.6,1,1038,0
31661,2,0.056,2,1,68.9,1,752,1
31662,2,0.33,2,0,84.0,0,224,0
31663,2,0.158,0,0,76.5,0,2238,0
31664,0,0.121,0,0,81.9,0,1263,0
31665,2,0.253,1,1,82.6,1,2775,0
31666,2,0.254,1,1,31.9,1,1821,0
31667,2,0.495,1,1,62.1,0,1188,0
31668,4,0.114,1,0,72.7,0,1291,0
31669,5,0.098,1,0,25.5,1,724,0
31670,2,0.527,0,1,33.6,0,525,1
31671,1,0.171,1,1,67.9,1,606,1
31672,0,0.297,0,0,79.3,1,619,0
31673,1,0.105,1,0,42.7,2,1058,0
31674,2,0.366,1,1,87.1,0,2097,0
31675,1,0.067,0,0,65.6,1,1957,0
31676,4,0.182,1,1,52.3,1,419,1
31677,0,0.068,3,0,61.0,0,2213,0
31678,1,0.102,0,1,87.6,1,1338,1
31679,5,0.139,0,0,39.9,0,1979,0
31680,4,0.294,1,0,70.7,1,1737,0
31681,2,0.143,3,0,53.2,1,375,0
31682,3,0.127,1,0,87.9,2,1392,0
31683,0,0.029,1,1,80.9,3,3395,0
31684,1,0.086,0,0,41.2,4,528,1
31685,0,0.133,2,0,81.9,1,635,0
31686,0,0.057,0,1,38.9,0,301,1
31687,1,0.058,2,0,64.4,1,884,0
31688,3,0.045,2,1,40.3,1,433,0
31689,1,0.044,4,0,59.7,1,664,0
31690,4,0.103,2,1,44.7,0,1440,1
31691,2,0.039,1,1,82.8,1,2145,0
31692,2,0.26,5,0,62.3,0,312,0
31693,3,0.306,1,1,78.5,0,878,0
31694,2,0.274,0,1,92.1,1,1030,0
31695,2,0.122,0,1,68.8,0,1107,0
31696,3,0.167,1,1,62.9,0,2121,1
31697,2,0.352,3,0,65.1,0,2125,0
31698,1,0.179,0,0,75.0,0,2253,0
31699,2,0.147,0,1,72.2,0,1437,1
31700,0,0.034,1,0,67.0,0,1017,0
31701,1,0.179,0,0,69.5,1,848,0
31702,2,0.159,0,0,65.9,0,1849,0
31703,3,0.088,2,0,49.0,1,672,1
31704,3,0.088,0,0,64.1,0,675,0
31705,1,0.52,1,0,81.4,0,1719,1
31706,1,0.144,1,0,92.4,0,2045,0
31707,4,0.228,0,0,93.2,0,1213,1
31708,2,0.04,1,1,81.4,2,1890,0
31709,2,0.068,3,1,77.6,1,1005,0
31710,2,0.279,2,1,67.2,1,1092,0
31711,2,0.103,0,0,71.5,1,1567,0
31712,0,0.182,3,1,82.6,0,700,0
31713,1,0.087,1,0,56.3,0,2004,0
31714,0,0.137,1,0,86.1,1,1023,0
31715,2,0.041,2,0,71.3,0,1070,1
31716,0,0.136,0,1,73.7,2,1289,0
31717,2,0.356,1,0,61.1,0,2169,1
31718,4,0.394,0,0,62.1,0,259,0
31719,0,0.369,1,0,88.1,0,499,1
31720,1,0.102,2,0,34.9,0,2486,0
31721,1,0.141,1,0,86.5,0,1706,0
31722,3,0.175,0,0,74.7,0,890,0
31723,2,0.112,0,0,61.8,1,1271,0
31724,1,0.083,0,0,51.7,0,1841,0
31725,1,0.192,4,1,83.9,0,3594,1
31726,0,0.282,0,1,62.0,1,904,0
31727,2,0.187,0,1,12.9,2,3047,1
31728,2,0.282,1,0,59.4,0,1804,0
31729,1,0.193,2,0,76.9,0,635,0
31730,4,0.005,0,1,89.0,0,792,0
31731,2,0.201,3,1,55.9,2,2826,1
31732,3,0.307,0,0,45.6,0,3262,0
31733,7,0.004,1,0,59.1,1,1171,0
31734,1,0.099,2,1,44.2,0,2618,0
31735,4,0.452,1,1,74.5,1,1553,1
31736,0,0.142,1,0,52.7,0,1157,0
31737,3,0.269,1,0,57.2,2,1384,0
31738,4,0.105,3,1,25.9,0,457,1
31739,0,0.102,2,0,81.7,1,1003,0
31740,3,0.23,0,1,68.8,0,839,0
31741,3,0.364,1,0,72.1,0,2444,1
31742,3,0.173,0,0,60.4,0,1443,0
31743,0,0.27,1,1,56.7,0,1027,0
31744,0,0.085,0,1,78.8,0,2642,0
31745,5,0.223,0,1,56.8,0,421,1
31746,4,0.132,3,0,48.9,0,622,0
31747,3,0.209,1,1,50.4,1,2936,1
31748,2,0.345,1,1,54.3,0,1899,0
31749,2,0.063,2,0,56.7,2,400,0
31750,1,0.127,3,1,86.3,0,1412,0
31751,2,0.356,1,1,80.6,3,499,0
31752,2,0.123,0,1,77.6,0,899,0
31753,2,0.08,1,0,49.5,1,1670,0
31754,1,0.088,0,1,76.9,1,1184,0
31755,1,0.456,1,1,50.4,0,1155,0
31756,1,0.151,2,0,87.8,0,681,0
31757,3,0.124,2,1,61.3,0,2718,0
31758,1,0.023,0,0,77.1,2,1716,0
31759,1,0.163,2,1,82.6,2,690,0
31760,1,0.294,0,0,64.2,0,1320,0
31761,2,0.058,3,1,66.3,0,976,0
31762,0,0.289,1,1,55.4,0,826,0
31763,2,0.211,1,1,86.6,0,1341,0
31764,4,0.018,0,1,78.1,0,3907,0
31765,4,0.076,2,0,69.0,1,661,0
31766,0,0.421,0,1,77.3,1,1797,0
31767,2,0.153,0,1,73.8,0,2205,0
31768,1,0.033,1,0,98.9,0,1706,0
31769,1,0.044,1,0,43.1,0,2296,1
31770,2,0.307,1,1,48.3,1,1155,1
31771,0,0.513,0,0,76.4,0,1710,1
31772,2,0.055,3,0,81.5,0,1321,0
31773,1,0.02,3,1,81.1,0,494,1
31774,0,0.213,0,0,90.7,0,585,0
31775,3,0.058,0,1,63.9,1,2536,1
31776,1,0.218,2,0,42.0,0,879,0
31777,3,0.169,0,1,79.2,0,966,0
31778,1,0.031,0,0,79.9,1,2071,0
31779,2,0.12,1,0,67.3,0,1112,1
31780,2,0.118,1,0,73.8,0,1993,0
31781,2,0.13,1,1,54.8,2,1125,0
31782,4,0.11,3,0,79.1,0,589,0
31783,3,0.209,4,1,57.8,1,2469,1
31784,2,0.238,3,0,54.5,2,681,1
31785,4,0.26,4,1,72.2,1,2931,1
31786,2,0.249,0,0,85.1,0,1810,0
31787,2,0.226,0,0,79.4,1,841,0
31788,1,0.107,0,1,64.5,0,1837,0
31789,2,0.033,2,0,70.5,0,876,0
31790,1,0.528,1,0,81.9,0,710,0
31791,1,0.127,0,1,90.8,0,1406,0
31792,1,0.055,0,0,44.1,0,2089,0
31793,2,0.073,2,0,76.0,0,1471,1
31794,1,0.045,1,1,71.5,3,724,0
31795,1,0.129,1,0,91.4,1,472,0
31796,1,0.105,2,0,70.3,0,1071,1
31797,2,0.254,2,0,86.6,1,563,0
31798,0,0.373,2,0,99.1,4,1131,1
31799,1,0.238,0,1,68.6,0,1183,0
31800,0,0.362,2,1,57.0,2,1995,1
31801,1,0.234,1,1,50.3,1,1905,1
31802,3,0.145,0,0,76.0,0,2411,0
31803,2,0.066,0,0,70.8,0,1197,0
31804,3,0.174,1,0,38.3,1,915,1
31805,3,0.216,2,0,62.6,3,1648,1
31806,0,0.27,0,0,68.2,0,1630,0
31807,4,0.023,1,0,94.3,2,1580,0
31808,0,0.086,1,0,84.0,0,4615,0
31809,5,0.138,1,0,67.8,0,1930,0
31810,3,0.209,2,0,72.7,0,2775,0
31811,3,0.055,0,1,55.0,0,567,1
31812,1,0.4,2,1,51.0,0,613,1
31813,2,0.177,0,0,62.7,0,705,0
31814,0,0.32,1,1,68.4,0,1225,0
31815,1,0.438,1,0,84.1,0,1097,1
31816,4,0.495,1,0,49.3,1,1458,0
31817,5,0.395,1,1,62.3,0,3854,1
31818,1,0.092,0,0,67.9,0,1138,0
31819,1,0.29,0,0,46.5,0,1701,1
31820,1,0.352,3,0,91.7,1,1279,0
31821,2,0.314,2,0,83.5,2,2585,0
31822,5,0.151,3,1,92.3,1,1893,1
31823,1,0.114,2,1,66.3,0,1170,1
31824,3,0.183,1,0,90.0,0,2375,0
31825,0,0.168,1,0,67.6,1,1858,0
31826,5,0.789,0,0,79.5,0,2219,0
31827,0,0.066,0,1,49.8,0,1250,0
31828,3,0.173,1,1,70.5,1,1930,1
31829,1,0.13,2,0,80.9,0,1034,1
31830,2,0.174,1,0,61.0,0,595,0
31831,6,0.088,3,0,35.6,1,879,0
31832,1,0.23,1,1,74.8,0,1861,0
31833,0,0.039,1,1,84.1,0,1761,0
31834,2,0.26,0,0,37.5,1,750,1
31835,1,0.094,2,0,72.0,0,3176,0
31836,2,0.388,0,0,18.7,0,605,1
31837,2,0.053,0,0,68.8,0,1360,0
31838,3,0.102,3,0,48.5,0,907,0
31839,0,0.155,1,1,83.3,4,1389,0
31840,1,0.552,1,1,97.8,0,505,1
31841,1,0.222,2,0,78.1,3,377,0
31842,2,0.425,2,1,75.6,2,791,0
31843,3,0.289,0,0,88.0,2,1950,0
31844,1,0.187,0,1,74.0,0,1382,0
31845,1,0.078,0,0,92.8,0,470,0
31846,2,0.138,1,0,64.9,1,2386,1
31847,4,0.212,1,1,47.4,0,1415,1
31848,4,0.167,1,1,96.8,0,2054,0
31849,2,0.179,2,0,60.7,3,957,0
31850,0,0.311,1,1,23.3,0,346,1
31851,3,0.153,1,0,65.2,1,3433,0
31852,4,0.085,0,1,83.9,0,1075,1
31853,2,0.098,1,0,65.4,0,2421,0
31854,3,0.221,0,1,65.7,0,926,1
31855,1,0.016,0,0,80.8,1,1293,0
31856,1,0.282,2,0,67.3,0,388,0
31857,2,0.017,3,0,66.8,1,679,1
31858,2,0.285,0,0,74.4,1,3420,0
31859,1,0.065,0,0,54.6,0,2233,0
31860,1,0.376,1,1,78.2,0,2777,0
31861,0,0.246,3,1,86.4,0,1704,0
31862,3,0.083,1,0,55.8,1,1445,0
31863,3,0.387,1,0,73.7,1,2364,0
31864,2,0.327,3,0,72.3,0,2299,1
31865,0,0.646,0,1,87.0,1,1497,0
31866,2,0.099,0,1,88.6,2,1296,0
31867,0,0.108,1,0,55.9,0,2370,0
31868,2,0.196,1,0,56.3,0,587,1
31869,1,0.132,1,0,75.2,0,982,0
31870,1,0.14,1,0,79.2,0,457,0
31871,2,0.127,2,0,62.9,0,623,0
31872,5,0.104,0,1,55.7,2,1404,0
31873,4,0.226,0,1,58.1,0,2084,1
31874,3,0.175,1,1,83.2,1,4349,0
31875,3,0.449,1,0,84.0,4,1120,1
31876,2,0.101,1,1,61.0,0,914,0
31877,0,0.46,3,0,68.1,1,1151,0
31878,0,0.047,0,0,90.2,1,1436,0
31879,2,0.173,1,1,71.7,0,4280,1
31880,1,0.256,1,0,59.0,0,1219,1
31881,1,0.139,3,0,67.1,0,563,1
31882,4,0.119,2,1,95.1,1,1588,0
31883,0,0.353,2,0,82.9,3,1286,1
31884,1,0.074,2,0,60.7,0,1180,0
31885,1,0.132,1,0,64.0,0,1005,0
31886,1,0.248,2,1,59.8,0,5165,1
31887,1,0.048,0,0,91.0,1,851,0
31888,0,0.116,1,0,66.4,0,414,0
31889,1,0.007,0,0,65.7,0,796,0
31890,3,0.04,2,0,61.9,2,860,0
31891,2,0.087,2,0,37.9,0,500,0
31892,2,0.197,0,1,56.4,0,1062,0
31893,1,0.163,1,1,87.4,0,3749,1
31894,3,0.294,0,1,51.9,0,498,0
31895,2,0.091,0,0,70.5,1,459,0
31896,0,0.331,1,1,46.3,2,2043,0
31897,4,0.579,2,1,97.6,0,1053,1
31898,3,0.252,4,0,79.8,0,928,0
31899,1,0.138,0,0,75.8,1,2581,0
31900,2,0.134,1,1,55.0,0,822,0
31901,2,0.489,2,1,51.7,1,405,1
31902,3,0.045,0,0,73.8,2,2123,0
31903,3,0.08,1,1,46.8,2,1162,0
31904,3,0.3,1,0,80.4,1,1119,1
31905,3,0.44,1,1,65.7,3,310,1
31906,1,0.194,0,1,87.8,2,602,1
31907,2,0.003,1,0,68.2,2,1054,0
31908,3,0.245,4,0,40.9,0,575,1
31909,3,0.058,2,1,67.5,0,2366,1
31910,2,0.304,2,0,77.6,4,1159,1
31911,2,0.11,3,0,58.7,0,1024,0
31912,1,0.139,2,1,67.7,0,2397,0
31913,0,0.161,1,1,74.2,1,806,1
31914,1,0.347,0,0,89.9,0,1588,0
31915,2,0.109,0,1,79.2,0,1213,0
31916,5,0.552,0,1,65.9,0,2181,0
31917,4,0.368,1,0,30.7,0,1647,0
31918,0,0.191,2,0,72.7,3,1879,0
31919,2,0.49,1,0,77.1,0,849,0
31920,3,0.054,1,0,80.5,0,819,1
31921,1,0.167,3,0,79.4,0,1138,0
31922,2,0.132,1,0,64.6,0,1872,0
31923,2,0.427,0,0,97.9,0,1583,0
31924,3,0.117,0,0,54.7,0,2091,0
31925,2,0.12,2,0,39.3,0,673,1
31926,4,0.084,2,0,60.2,4,478,1
31927,3,0.19,0,1,84.8,0,867,0
31928,3,0.216,1,1,53.5,0,769,1
31929,0,0.023,1,1,86.7,1,627,1
31930,2,0.371,0,0,40.0,0,1047,0
31931,2,0.406,0,0,54.7,0,496,0
31932,1,0.048,1,1,82.1,0,821,0
31933,1,0.054,1,1,73.6,1,616,1
31934,0,0.145,0,1,91.8,0,535,1
31935,2,0.038,2,0,59.3,0,512,1
31936,3,0.314,4,0,75.3,0,610,0
31937,3,0.081,0,0,65.2,0,1739,0
31938,3,0.102,1,1,38.0,0,994,0
31939,1,0.052,2,1,99.6,0,1310,1
31940,2,0.271,3,0,60.2,3,1050,1
31941,1,0.105,2,0,58.6,1,1891,0
31942,1,0.007,2,0,24.7,0,1722,0
31943,6,0.009,2,1,96.4,1,1757,0
31944,3,0.293,1,0,50.5,0,1064,1
31945,1,0.209,2,0,59.8,0,1182,1
31946,0,0.09,0,0,56.4,0,531,0
31947,2,0.168,2,1,61.2,0,741,0
31948,1,0.32,3,0,82.7,0,2027,1
31949,3,0.163,0,0,62.9,1,823,0
31950,2,0.322,0,0,55.5,0,1014,0
31951,2,0.25,2,1,84.4,0,1840,1
31952,0,0.226,2,0,85.8,0,1429,0
31953,2,0.168,2,1,79.1,4,1215,1
31954,2,0.084,2,1,65.4,0,1019,0
31955,2,0.085,2,0,83.0,1,2131,0
31956,3,0.218,0,1,53.5,0,760,0
31957,2,0.572,1,0,25.4,0,1509,1
31958,4,0.34,1,1,54.4,0,993,1
31959,2,0.199,2,0,54.6,0,1759,0
31960,1,0.308,0,0,54.3,1,1869,0
31961,1,0.27,2,0,45.9,1,1304,0
31962,3,0.037,1,1,78.9,0,2516,0
31963,0,0.07,0,0,71.5,0,1959,0
31964,2,0.01,2,1,59.4,0,986,0
31965,2,0.337,1,0,49.3,0,1403,1
31966,4,0.14,1,1,73.8,0,1445,1
31967,1,0.139,4,0,53.6,0,2346,0
31968,3,0.111,1,0,66.2,0,435,0
31969,2,0.129,1,0,66.8,0,2556,1
31970,2,0.211,1,1,52.9,0,407,0
31971,0,0.155,1,0,75.0,0,1647,1
31972,2,0.131,1,0,60.8,0,1639,0
31973,3,0.194,4,1,76.3,1,1050,0
31974,1,0.055,1,0,82.6,0,1818,0
31975,2,0.014,2,1,26.0,1,527,1
31976,1,0.108,2,1,85.9,1,693,1
31977,3,0.115,1,0,58.5,0,577,0
31978,0,0.098,1,0,72.5,0,762,0
31979,4,0.048,0,0,88.9,1,2494,0
31980,4,0.073,2,1,73.3,0,2856,0
31981,1,0.149,1,1,74.3,0,1133,0
31982,1,0.258,2,0,72.3,0,1375,1
31983,3,0.369,1,0,84.6,0,4600,1
31984,0,0.305,1,0,21.2,0,904,1
31985,2,0.157,1,0,56.8,0,755,0
31986,3,0.05,0,0,38.0,0,2290,0
31987,1,0.037,0,1,86.2,1,838,0
31988,3,0.196,1,0,62.9,2,615,0
31989,0,0.178,1,0,92.0,1,2222,0
31990,0,0.266,0,0,65.9,1,3128,0
31991,3,0.145,1,1,41.8,0,857,1
31992,1,0.304,1,0,85.7,0,1183,0
31993,2,0.078,2,1,77.0,3,2252,1
31994,3,0.27,2,1,89.1,2,712,1
31995,1,0.103,0,1,46.3,1,2333,1
31996,5,0.256,0,0,73.4,1,3338,0
31997,2,0.042,1,1,75.3,0,511,0
31998,5,0.424,1,0,62.7,0,474,0
31999,3,0.457,0,0,40.5,0,392,1
32000,1,0.221,1,1,55.5,0,843,1
32001,3,0.28,0,1,80.4,0,502,0
32002,0,0.019,2,0,42.7,0,2589,0
32003,1,0.266,1,1,64.9,2,617,1
32004,1,0.038,0,1,75.8,0,912,0
32005,1,0.073,2,1,88.0,0,1559,0
32006,4,0.242,0,1,80.7,0,680,0
32007,2,0.308,2,0,77.9,1,1218,1
32008,3,0.319,1,0,43.3,2,1904,1
32009,2,0.12,0,0,76.0,1,8000,1
32010,1,0.045,0,0,67.3,0,1579,0
32011,1,0.128,1,1,80.1,0,401,0
32012,2,0.211,4,1,73.4,0,1964,0
32013,2,0.062,2,0,64.8,0,1502,0
32014,1,0.348,2,1,56.3,1,1719,0
32015,2,0.059,2,0,82.6,1,1131,0
32016,1,0.195,1,1,15.6,1,2241,1
32017,2,0.34,2,0,65.5,1,1016,1
32018,0,0.251,1,1,73.2,0,1501,1
32019,0,0.304,2,0,68.4,0,1397,0
32020,2,0.042,1,0,54.2,0,1304,0
32021,2,0.161,1,0,42.1,4,964,0
32022,1,0.115,1,1,37.3,2,2648,0
32023,1,0.49,1,0,43.8,2,3177,0
32024,4,0.229,0,0,72.0,1,4689,0
32025,0,0.159,1,1,79.7,3,1328,1
32026,2,0.03,0,1,74.3,0,1422,0
32027,1,0.323,1,1,76.6,0,1484,1
32028,0,0.113,1,1,64.7,1,698,0
32029,1,0.235,1,0,82.5,0,2255,1
32030,4,0.468,1,1,75.9,1,1008,1
32031,1,0.14,0,0,84.7,0,1838,0
32032,4,0.183,1,1,83.5,3,542,0
32033,4,0.31,3,1,39.3,2,1807,1
32034,1,0.019,4,1,55.1,1,2988,1
32035,4,0.039,1,1,96.0,0,773,1
32036,0,0.08,1,1,66.2,0,901,0
32037,2,0.2,1,1,52.5,2,884,0
32038,3,0.098,0,0,79.8,1,884,0
32039,1,0.025,2,0,78.6,0,3152,1
32040,5,0.275,2,1,92.3,0,1346,1
32041,3,0.182,2,1,90.5,0,634,0
32042,2,0.312,0,1,94.7,1,703,0
32043,2,0.132,0,0,43.2,0,297,0
32044,0,0.48,3,0,91.6,0,729,0
32045,3,0.126,2,1,80.8,0,519,1
32046,2,0.265,3,1,71.0,0,535,1
32047,0,0.176,1,0,81.1,2,929,0
32048,1,0.206,3,0,65.5,1,584,0
32049,2,0.313,0,0,53.1,0,1113,0
32050,1,0.065,0,0,77.0,0,1601,0
32051,2,0.156,3,1,93.7,1,1530,0
32052,0,0.198,0,0,41.1,2,1441,0
32053,2,0.212,2,0,71.7,0,210,0
32054,3,0.409,1,0,75.1,1,870,1
32055,2,0.158,0,1,57.6,3,2967,0
32056,1,0.164,1,1,91.9,0,5405,0
32057,4,0.077,2,1,97.7,1,2135,1
32058,2,0.231,1,1,65.2,0,1263,0
32059,5,0.315,2,0,65.4,0,677,0
32060,2,0.307,0,1,83.4,2,2908,0
32061,0,0.073,0,0,68.5,2,1088,0
32062,2,0.015,0,0,70.5,0,1019,1
32063,2,0.07,1,0,67.2,1,2709,0
32064,5,0.157,0,1,41.1,1,140,1
32065,1,0.131,1,0,75.4,2,1154,1
32066,0,0.164,1,0,95.1,1,432,0
32067,2,0.277,3,0,39.3,1,1785,0
32068,1,0.153,0,1,64.9,1,3761,1
32069,5,0.356,2,0,81.0,0,1712,0
32070,4,0.019,1,0,56.1,0,4813,0
32071,1,0.48,0,0,56.5,2,1403,1
32072,0,0.17,3,0,82.8,3,3329,0
32073,4,0.405,1,1,59.8,0,398,1
32074,1,0.162,0,0,62.3,1,1404,0
32075,1,0.103,0,0,62.7,0,480,0
32076,2,0.164,0,1,90.2,1,1585,1
32077,0,0.369,6,1,77.8,0,969,0
32078,4,0.289,0,1,35.2,3,1055,1
32079,0,0.209,0,0,74.4,1,1044,1
32080,4,0.666,2,0,74.3,1,2526,1
32081,2,0.162,2,1,76.3,0,1387,0
32082,2,0.221,2,0,42.7,0,1382,1
32083,0,0.314,0,0,82.6,0,1226,0
32084,3,0.384,2,1,64.5,0,2004,0
32085,3,0.317,0,0,57.4,0,1039,0
32086,3,0.191,1,1,63.6,2,559,1
32087,3,0.218,3,1,58.5,0,2374,0
32088,0,0.197,2,1,57.9,0,890,0
32089,2,0.055,1,1,72.5,2,1474,1
32090,2,0.131,2,1,77.4,1,2068,0
32091,4,0.401,1,1,45.3,0,573,0
32092,4,0.381,1,1,80.1,1,684,0
32093,1,0.161,2,0,94.9,0,445,0
32094,4,0.384,1,0,74.9,0,950,0
32095,1,0.142,1,1,52.4,0,2542,1
32096,3,0.087,2,0,42.1,0,1191,0
32097,1,0.349,2,0,82.0,2,3259,0
32098,2,0.136,0,0,78.0,3,1523,0
32099,3,0.328,3,0,50.9,0,813,1
32100,1,0.159,2,1,51.5,2,752,1
32101,3,0.58,1,1,45.6,1,3669,0
32102,1,0.322,2,0,78.0,0,2094,0
32103,2,0.154,2,0,49.9,0,1068,0
32104,3,0.079,0,1,45.8,0,1332,1
32105,0,0.412,2,0,72.9,0,888,0
32106,3,0.31,1,0,69.4,0,207,1
32107,0,0.112,2,0,59.0,0,1288,0
32108,2,0.038,2,0,60.0,0,507,0
32109,1,0.327,0,1,68.9,0,941,0
32110,1,0.266,3,0,63.9,0,502,0
32111,2,0.176,0,1,59.0,0,1064,0
32112,2,0.069,1,1,93.9,0,604,0
32113,1,0.017,3,0,83.0,0,1271,0
32114,2,0.208,1,0,92.0,0,1971,0
32115,2,0.102,3,0,40.5,0,1509,0
32116,0,0.161,2,1,66.9,0,432,0
32117,2,0.049,1,0,60.5,0,378,0
32118,2,0.409,2,1,61.9,0,494,0
32119,0,0.124,3,1,53.8,4,2485,1
32120,1,0.058,1,0,67.6,1,5609,0
32121,4,0.195,2,1,97.1,1,757,1
32122,4,0.103,0,0,55.2,1,592,0
32123,3,0.549,1,0,35.3,1,3200,1
32124,2,0.228,1,0,61.5,0,904,0
32125,3,0.461,1,1,79.9,2,1147,0
32126,0,0.168,2,0,52.8,0,1358,1
32127,3,0.189,0,1,65.2,0,751,0
32128,1,0.113,2,1,60.4,0,704,1
32129,5,0.514,1,0,61.5,0,1148,1
32130,1,0.169,2,0,57.4,1,909,1
32131,2,0.063,2,0,92.0,0,348,0
32132,2,0.227,1,0,91.0,0,646,0
32133,1,0.191,0,0,82.3,1,1100,0
32134,6,0.036,0,1,70.7,2,822,1
32135,1,0.34,2,0,80.7,0,1716,0
32136,1,0.111,3,1,83.1,0,703,0
32137,0,0.254,1,1,66.0,1,4310,1
32138,1,0.186,3,0,67.2,0,1257,0
32139,3,0.092,0,1,45.7,0,1277,0
32140,3,0.238,0,0,60.2,0,846,0
32141,0,0.367,0,0,73.6,0,1006,0
32142,2,0.44,1,1,50.9,0,323,1
32143,4,0.226,0,1,82.0,1,1212,0
32144,3,0.085,1,1,74.5,0,4806,0
32145,2,0.292,1,0,78.4,0,2270,0
32146,3,0.456,3,0,93.5,0,387,0
32147,2,0.111,2,1,68.0,0,1485,0
32148,1,0.102,1,1,38.7,1,1656,1
32149,5,0.329,0,1,54.0,2,3509,1
32150,2,0.164,1,0,78.6,0,698,1
32151,2,0.127,1,0,45.9,1,6001,0
32152,6,0.239,0,0,54.3,0,1311,1
32153,2,0.199,0,1,22.2,0,678,1
32154,4,0.061,0,0,74.2,0,387,0
32155,1,0.188,1,1,80.4,0,1115,0
32156,2,0.117,4,1,96.8,1,1401,0
32157,2,0.106,2,1,83.6,1,545,0
32158,1,0.113,1,1,64.1,2,1876,0
32159,3,0.224,2,0,67.9,0,1752,0
32160,1,0.118,3,0,91.0,1,1219,0
32161,1,0.086,0,1,65.7,0,664,1
32162,4,0.014,3,0,41.8,0,1228,0
32163,3,0.371,0,1,77.8,0,4400,0
32164,4,0.439,1,0,80.7,1,634,0
32165,1,0.236,2,0,72.7,2,354,1
32166,2,0.623,0,1,56.1,1,934,1
32167,4,0.204,4,0,58.6,1,687,1
32168,2,0.007,1,0,77.2,2,331,0
32169,0,0.201,0,1,50.0,1,1612,1
32170,0,0.149,1,1,91.9,0,481,0
32171,2,0.092,1,0,86.0,1,448,0
32172,1,0.33,3,0,91.0,0,2152,0
32173,0,0.086,0,1,82.4,0,3232,1
32174,2,0.19,0,1,75.4,3,7413,0
32175,1,0.043,1,0,41.9,0,407,1
32176,5,0.118,2,1,73.9,1,1596,0
32177,5,0.344,1,0,67.5,1,454,1
32178,4,0.3,2,0,36.4,1,1274,1
32179,2,0.12,1,1,65.5,0,1086,1
32180,1,0.048,4,0,66.1,1,271,0
32181,1,0.566,2,1,82.5,3,1754,1
32182,0,0.089,1,1,50.9,1,1211,0
32183,3,0.159,1,0,62.4,0,1851,0
32184,3,0.142,0,0,72.1,2,502,1
32185,2,0.117,1,1,76.4,0,5325,1
32186,3,0.167,2,1,69.5,0,1458,0
32187,1,0.127,2,0,57.6,2,1531,1
32188,1,0.328,1,0,40.8,0,3186,0
32189,4,0.197,1,0,65.8,0,1200,1
32190,2,0.18,0,0,71.3,1,648,0
32191,1,0.216,1,0,78.8,4,2599,0
32192,4,0.261,2,0,68.4,1,1090,0
32193,4,0.316,1,0,56.7,0,2383,1
32194,1,0.021,0,1,87.6,1,1117,0
32195,2,0.052,2,0,92.2,0,5541,0
32196,0,0.004,1,0,90.8,0,1165,0
32197,1,0.029,1,1,34.2,0,775,1
32198,1,0.224,2,1,72.1,0,1521,1
32199,3,0.082,2,0,30.8,4,862,0
32200,2,0.078,3,1,45.0,0,653,0
32201,0,0.125,1,0,40.3,1,3078,0
32202,2,0.204,2,1,53.0,0,491,1
32203,2,0.115,2,0,46.3,0,2466,0
32204,1,0.161,0,0,52.7,1,3679,0
32205,2,0.167,2,0,67.5,0,943,1
32206,2,0.394,2,0,37.2,0,1447,1
32207,1,0.243,2,1,58.4,0,668,0
32208,2,0.037,1,1,89.4,0,2666,0
32209,0,0.244,3,1,46.3,2,485,0
32210,0,0.238,0,0,62.1,0,2402,0
32211,0,0.291,0,1,82.8,0,1200,1
32212,2,0.141,2,0,69.2,0,659,0
32213,2,0.074,0,1,64.6,1,732,1
32214,3,0.234,0,0,26.2,1,1680,1
32215,2,0.128,1,0,60.9,0,518,0
32216,1,0.164,1,0,42.0,0,1751,0
32217,0,0.198,2,1,64.1,0,1343,0
32218,2,0.405,2,0,53.7,2,903,0
32219,2,0.246,0,1,82.4,0,1676,0
32220,0,0.382,3,0,73.2,0,681,0
32221,0,0.165,2,0,85.9,1,981,0
32222,3,0.231,0,1,76.8,1,908,0
32223,0,0.08,1,1,90.8,0,489,0
32224,2,0.224,0,0,82.8,0,942,1
32225,2,0.026,0,1,63.0,0,397,0
32226,3,0.182,1,1,80.2,0,805,1
32227,2,0.018,1,0,82.4,2,355,0
32228,3,0.024,1,0,62.7,1,582,1
32229,2,0.155,0,0,55.6,2,624,1
32230,3,0.09,1,0,74.2,0,1592,0
32231,4,0.206,1,0,88.7,1,608,0
32232,2,0.23,2,1,78.4,0,496,1
32233,2,0.064,1,1,68.5,0,910,0
32234,1,0.189,2,0,54.7,0,4494,0
32235,2,0.162,2,0,61.9,0,372,0
32236,1,0.335,2,0,58.3,0,1942,1
32237,4,0.388,0,0,73.4,0,1525,1
32238,0,0.123,1,1,70.3,0,5146,1
32239,3,0.389,2,0,44.8,0,1465,0
32240,0,0.166,3,0,89.7,0,1231,1
32241,2,0.079,1,1,70.6,1,1226,0
32242,2,0.054,2,0,77.9,0,1164,0
32243,2,0.148,1,1,70.6,0,1953,0
32244,2,0.181,0,0,84.5,1,821,0
32245,1,0.526,1,1,41.2,0,8000,1
32246,2,0.378,0,0,81.5,0,2181,0
32247,1,0.278,1,1,87.8,0,1046,0
32248,2,0.57,0,0,24.6,3,1004,0
32249,1,0.079,0,0,63.3,0,1182,0
32250,3,0.153,1,0,71.3,1,1159,0
32251,1,0.071,2,0,53.2,0,1876,0
32252,3,0.097,2,0,48.4,1,1474,0
32253,2,0.13,1,0,45.5,1,3338,0
32254,0,0.16,1,0,88.6,3,612,1
32255,4,0.022,0,1,76.7,2,1172,0
32256,4,0.198,1,1,49.3,3,608,0
32257,2,0.298,2,1,72.4,0,863,1
32258,3,0.261,2,1,51.7,0,839,1
32259,1,0.122,0,0,26.7,1,2082,1
32260,3,0.098,0,0,67.5,0,771,0
32261,1,0.02,2,1,84.3,0,3210,1
32262,2,0.084,1,0,99.7,0,3339,0
32263,2,0.085,1,1,47.8,1,1994,0
32264,2,0.29,2,0,85.8,1,544,0
32265,2,0.082,1,0,45.4,1,3305,1
32266,0,0.126,0,1,96.4,0,895,0
32267,6,0.171,4,0,41.6,1,958,1
32268,4,0.162,1,1,80.9,0,1737,0
32269,1,0.253,3,0,41.5,2,663,1
32270,1,0.174,3,0,73.3,0,2898,0
32271,4,0.122,2,1,67.5,1,2115,0
32272,2,0.451,0,1,83.8,3,8000,0
32273,2,0.059,1,0,90.0,0,1494,0
32274,3,0.235,2,0,87.6,0,1104,0
32275,2,0.095,0,0,80.3,0,4931,0
32276,0,0.068,0,0,46.2,0,328,0
32277,0,0.014,3,0,83.5,1,1422,0
32278,5,0.264,3,1,46.8,4,1102,1
32279,2,0.123,4,0,52.2,2,2869,1
32280,3,0.167,1,0,56.8,3,8000,1
32281,0,0.061,0,1,53.9,0,756,1
32282,2,0.142,1,1,63.5,0,2723,1
32283,2,0.186,3,0,82.4,0,3212,0
32284,1,0.403,2,1,85.2,1,3042,0
32285,3,0.526,2,1,93.9,1,1438,0
32286,1,0.14,3,0,60.8,1,2000,0
32287,1,0.17,2,1,77.0,0,623,0
32288,5,0.153,1,0,90.4,1,4199,0
32289,2,0.138,1,1,29.0,0,569,1
32290,3,0.068,2,1,86.6,0,614,0
32291,2,0.036,0,1,78.3,1,994,0
32292,3,0.14,2,1,65.8,2,813,0
32293,4,0.128,2,0,49.1,0,1643,0
32294,3,0.097,1,1,79.3,0,972,1
32295,3,0.208,2,1,59.4,0,660,0
32296,1,0.185,2,0,41.0,2,553,0
32297,4,0.064,0,0,35.5,1,2784,0
32298,2,0.321,0,0,91.1,1,1754,0
32299,2,0.205,1,0,78.3,0,487,1
32300,2,0.156,4,0,84.4,0,1895,1
32301,0,0.191,0,1,65.6,0,969,0
32302,2,0.28,1,0,45.4,1,402,1
32303,0,0.274,2,0,93.9,2,509,1
32304,2,0.207,1,1,75.3,0,2469,0
32305,0,0.131,1,1,98.5,3,3120,0
32306,0,0.418,2,1,71.9,1,1983,0
32307,2,0.121,0,1,76.7,1,726,0
32308,1,0.12,1,1,75.4,2,1738,1
32309,4,0.357,0,1,13.6,0,1710,1
32310,2,0.076,0,0,48.2,0,211,1
32311,0,0.224,2,1,76.9,0,1823,1
32312,6,0.702,3,0,41.7,0,1387,1
32313,6,0.047,1,1,80.5,2,6257,0
32314,0,0.067,4,1,48.4,0,4877,0
32315,1,0.326,1,1,24.2,0,1147,1
32316,0,0.321,0,1,34.8,1,1655,1
32317,2,0.28,1,1,79.6,1,1322,1
32318,0,0.093,5,1,79.5,0,874,0
32319,5,0.032,1,0,90.4,0,467,0
32320,3,0.081,3,0,87.0,0,759,1
32321,4,0.439,1,1,88.7,0,882,1
32322,3,0.033,2,1,36.2,0,2797,0
32323,2,0.191,1,0,83.1,0,1407,0
32324,1,0.168,1,0,76.0,1,816,0
32325,3,0.113,1,0,88.0,1,724,1
32326,0,0.116,1,1,42.9,1,1650,1
32327,0,0.069,0,1,91.9,0,973,0
32328,2,0.333,0,0,74.0,0,580,1
32329,0,0.235,1,0,88.9,0,632,0
32330,0,0.065,3,0,69.2,1,4163,0
32331,3,0.332,1,0,97.3,1,1109,0
32332,2,0.005,1,0,71.3,1,2620,0
32333,1,0.131,1,1,37.2,0,352,1
32334,3,0.333,0,1,69.6,0,2774,1
32335,2,0.321,3,0,46.9,0,2090,0
32336,2,0.054,1,0,84.0,2,2262,0
32337,3,0.155,2,1,71.0,1,396,0
32338,4,0.139,0,0,50.4,0,1239,0
32339,2,0.07,0,0,97.6,1,683,0
32340,0,0.23,5,0,54.9,0,534,0
32341,1,0.173,3,1,80.9,0,325,0
32342,1,0.174,2,0,30.6,0,570,1
32343,2,0.026,1,1,85.3,1,542,1
32344,2,0.262,0,1,46.8,1,2101,1
32345,1,0.112,1,0,66.3,0,792,1
32346,4,0.205,3,1,91.6,1,1087,1
32347,4,0.121,1,1,76.3,0,2810,0
32348,0,0.393,0,1,78.6,1,1274,1
32349,5,0.082,0,0,74.0,0,734,0
32350,1,0.057,0,0,79.1,0,1398,0
32351,0,0.039,0,1,41.0,2,700,0
32352,2,0.074,1,0,79.9,0,355,0
32353,2,0.531,3,1,52.1,1,1574,1
32354,2,0.165,2,1,82.5,1,1907,0
32355,2,0.129,1,1,73.6,4,1058,1
32356,0,0.086,2,1,78.4,0,1106,0
32357,2,0.121,1,1,42.7,2,901,0
32358,3,0.108,2,1,82.5,0,3580,0
32359,2,0.308,2,0,68.5,0,1495,0
32360,2,0.186,1,0,61.4,0,1108,1
32361,5,0.054,0,0,49.8,1,2388,0
32362,1,0.167,0,0,60.1,0,2543,1
32363,0,0.28,1,0,62.9,0,1654,0
32364,3,0.319,3,1,66.5,3,2385,0
32365,3,0.171,1,1,62.3,1,1789,0
32366,1,0.008,2,0,83.6,0,1255,0
32367,4,0.215,1,1,83.5,0,2429,0
32368,2,0.353,0,1,92.1,4,630,1
32369,0,0.339,3,1,89.8,1,621,0
32370,0,0.044,1,1,35.9,3,1715,1
32371,6,0.058,1,1,57.3,0,754,0
32372,0,0.597,1,1,43.7,0,2154,1
32373,1,0.222,1,0,56.1,1,1444,1
32374,0,0.199,1,0,41.0,1,5163,0
32375,4,0.104,2,0,71.0,2,607,1
32376,5,0.03,1,1,41.2,0,2327,0
32377,5,0.088,1,1,77.6,0,857,0
32378,0,0.195,2,1,47.0,0,1488,0
32379,2,0.207,0,1,71.2,0,2018,1
32380,0,0.12,0,0,74.3,4,1599,1
32381,2,0.183,2,0,74.1,1,1728,0
32382,2,0.141,2,1,49.5,0,1628,1
32383,1,0.08,0,1,43.5,1,1025,1
32384,3,0.148,3,0,87.5,0,2209,0
32385,3,0.174,3,0,58.6,0,2293,0
32386,2,0.156,0,1,74.7,0,961,1
32387,4,0.108,1,0,70.0,1,701,0
32388,2,0.173,0,0,58.4,1,1470,1
32389,4,0.169,1,0,88.6,0,1406,0
32390,0,0.01,1,1,51.7,0,395,1
32391,1,0.252,0,0,55.6,0,1424,0
32392,2,0.099,3,1,54.4,0,692,0
32393,0,0.024,1,0,67.7,0,317,0
32394,2,0.112,1,0,82.6,1,1597,0
32395,1,0.064,1,0,66.9,1,520,0
32396,2,0.08,1,0,57.9,0,2990,0
32397,2,0.081,2,1,66.3,1,2100,1
32398,2,0.189,0,1,87.0,0,1441,0
32399,3,0.284,1,1,59.4,0,3211,1
32400,0,0.137,1,1,71.0,1,2381,1
32401,0,0.308,3,0,71.6,0,649,1
32402,1,0.19,3,0,40.8,0,2463,0
32403,3,0.058,2,0,75.0,0,751,0
32404,2,0.109,0,0,39.8,1,2307,0
32405,2,0.216,2,0,83.5,0,903,0
32406,3,0.105,2,0,45.5,0,501,0
32407,4,0.2,0,0,32.9,1,1634,0
32408,3,0.224,0,0,50.3,0,865,0
32409,2,0.127,3,0,53.9,3,2582,0
32410,0,0.084,0,0,88.8,0,3025,0
32411,3,0.376,0,0,65.0,0,362,0
32412,1,0.106,1,0,20.0,1,1212,0
32413,1,0.17,1,0,23.7,0,1911,1
32414,4,0.103,0,1,77.0,0,1323,0
32415,5,0.252,1,1,76.9,0,1342,0
32416,3,0.099,0,0,84.9,0,1464,0
32417,3,0.115,1,0,53.5,3,395,0
32418,1,0.477,0,0,77.0,0,3709,1
32419,3,0.074,0,0,85.4,2,1925,0
32420,0,0.08,1,0,67.2,0,769,0
32421,1,0.141,1,0,26.1,1,717,0
32422,3,0.027,2,0,74.4,1,2223,1
32423,1,0.16,1,0,57.0,0,1456,0
32424,0,0.023,2,1,63.3,3,1564,0
32425,2,0.025,0,0,87.9,1,1786,0
32426,3,0.075,1,0,67.7,1,1421,0
32427,2,0.115,1,1,79.0,0,325,1
32428,4,0.017,2,0,51.8,0,910,0
32429,1,0.203,1,0,30.7,0,1792,0
32430,1,0.161,1,0,36.9,0,1903,0
32431,1,0.071,2,1,61.6,0,870,0
32432,2,0.015,0,1,68.8,1,1182,0
32433,1,0.23,2,1,66.6,0,2736,1
32434,2,0.09,0,1,53.1,0,3242,0
32435,2,0.01,1,1,55.3,2,1528,1
32436,2,0.166,5,0,92.4,0,2258,1
32437,3,0.232,0,1,63.7,2,1554,1
32438,1,0.435,3,1,41.0,1,1986,1
32439,6,0.326,0,0,83.0,1,1204,0
32440,4,0.037,1,0,60.3,0,795,0
32441,1,0.05,3,0,70.8,0,4425,0
32442,2,0.127,3,0,61.4,0,4272,0
32443,2,0.069,0,1,58.2,2,1236,0
32444,1,0.112,0,1,84.9,0,1599,0
32445,1,0.455,1,0,98.7,0,1367,0
32446,3,0.525,1,0,96.7,0,1258,0
32447,2,0.214,1,0,69.1,0,1297,0
32448,2,0.157,1,0,71.9,2,2757,0
32449,5,0.126,2,0,38.1,0,574,0
32450,2,0.281,1,1,93.9,0,791,1
32451,2,0.241,2,1,67.2,0,2331,0
32452,2,0.254,0,0,52.0,3,1381,0
32453,1,0.029,0,0,72.1,1,3003,0
32454,1,0.061,1,1,57.7,0,1310,1
32455,1,0.26,2,1,18.9,3,1599,1
32456,3,0.114,0,1,63.3,0,1079,1
32457,0,0.219,0,0,76.1,2,3213,1
32458,4,0.111,3,0,52.2,0,2294,0
32459,1,0.015,3,0,75.7,0,566,1
32460,1,0.18,0,0,53.5,0,1928,0
32461,3,0.05,2,0,44.9,0,2576,0
32462,2,0.198,0,1,58.2,1,1218,0
32463,3,0.131,1,1,81.7,1,2033,0
32464,1,0.162,0,1,85.7,0,3105,1
32465,1,0.269,4,0,61.8,0,1166,0
32466,2,0.316,0,0,88.0,2,1589,1
32467,2,0.352,1,0,82.4,0,894,0
32468,0,0.322,2,0,84.0,1,1820,0
32469,3,0.151,1,0,45.7,1,647,1
32470,3,0.233,0,0,89.7,0,1998,0
32471,0,0.251,1,0,64.6,1,3678,1
32472,2,0.144,0,0,96.0,2,677,0
32473,2,0.101,2,1,95.8,3,3204,0
32474,2,0.042,0,0,51.4,0,1243,0
32475,0,0.2,3,1,84.8,0,813,1
32476,0,0.038,3,1,57.4,0,1102,0
32477,2,0.646,2,0,53.6,0,1306,1
32478,3,0.115,1,0,83.7,0,970,0
32479,2,0.392,1,1,61.4,0,2840,1
32480,2,0.184,2,0,74.8,0,1056,0
32481,4,0.058,1,0,44.8,1,1598,0
32482,2,0.269,0,0,62.5,3,5641,0
32483,3,0.126,0,1,45.9,0,1135,1
32484,0,0.039,3,0,77.4,0,910,0
32485,3,0.081,1,0,79.4,0,981,0
32486,3,0.121,0,1,85.6,3,2792,0
32487,1,0.074,1,0,71.7,0,1196,0
32488,2,0.159,1,1,71.0,0,1533,0
32489,4,0.125,0,1,31.5,0,780,1
32490,0,0.004,1,1,92.9,1,1033,0
32491,1,0.008,2,0,53.5,1,2496,0
32492,4,0.153,3,1,84.6,0,457,0
32493,1,0.005,2,0,7.3,0,366,0
32494,1,0.472,0,0,95.2,3,892,0
32495,1,0.156,0,1,35.1,1,956,0
32496,2,0.068,1,0,35.0,0,1046,0
32497,1,0.163,1,1,65.2,0,1066,1
32498,0,0.01,0,1,58.6,0,1272,0
32499,3,0.045,3,1,80.6,0,944,1
32500,0,0.318,0,0,87.1,2,3265,0
