run_id,machine_age_years,operator_experience_years,batch_size,material_variance,ambient_temp_c,cycle_time_seconds,prior_failures_this_shift,failed_inspection
80001,1.4,4.0,150,1.85,19.3,252,0,0
80002,16.2,4.2,80,0.1,18.7,297,1,0
80003,13.6,0.6,25,0.94,17.0,134,0,0
80004,6.6,8.1,40,0.33,22.2,289,0,0
80005,21.7,2.1,100,0.2,19.4,294,0,0
80006,14.2,3.8,40,1.11,19.1,81,1,0
80007,8.3,12.4,20,0.44,18.7,222,0,0
80008,8.6,9.8,80,1.95,20.8,230,1,0
80009,13.1,3.4,100,2.18,17.4,219,1,0
80010,1.9,0.7,200,0.19,23.6,225,0,0
80011,21.7,6.8,80,0.19,19.2,267,0,0
80012,11.7,1.0,25,0.34,18.8,165,0,0
80013,10.3,1.3,50,4.07,16.5,286,0,0
80014,6.7,3.1,80,0.94,28.3,254,0,0
80015,7.7,9.8,80,0.57,21.2,254,0,0
80016,7.6,2.9,100,0.1,20.4,240,0,0
80017,21.1,3.9,25,0.83,18.7,321,0,0
80018,7.5,4.2,50,4.37,26.7,295,0,0
80019,15.9,9.4,150,1.45,23.1,256,1,0
80020,11.7,1.0,20,0.93,25.0,255,0,0
80021,3.7,8.1,40,4.13,24.0,290,1,1
80022,11.0,2.8,10,0.3,24.4,206,1,0
80023,2.1,0.2,25,0.86,20.6,144,0,0
80024,12.6,5.3,40,0.4,24.3,292,1,0
80025,15.7,0.5,10,3.33,25.3,169,0,0
80026,8.1,7.7,100,1.3,24.7,235,0,0
80027,7.9,10.4,50,1.3,24.6,311,0,0
80028,1.9,0.5,80,1.0,22.0,84,0,0
80029,6.8,1.3,50,2.11,21.3,225,0,0
80030,7.5,1.4,20,0.53,24.0,165,0,0
80031,6.4,1.9,50,1.79,23.6,228,1,0
80032,13.9,2.2,50,0.88,22.4,292,1,1
80033,4.7,1.9,80,0.19,25.3,256,0,0
80034,19.1,7.6,50,0.1,22.9,163,0,0
80035,5.1,10.8,20,1.27,18.8,123,1,0
80036,11.0,0.6,50,1.55,18.5,255,0,0
80037,20.6,4.7,200,2.68,23.7,125,0,0
80038,18.1,3.2,40,1.82,20.1,292,1,0
80039,11.6,3.5,100,1.08,28.0,311,0,0
80040,11.1,5.5,50,1.86,22.6,318,0,0
80041,2.2,9.4,20,0.62,19.4,187,1,0
80042,20.9,5.2,40,0.74,17.8,140,1,0
80043,2.4,5.7,100,0.58,26.7,327,2,0
80044,15.1,13.7,40,1.53,16.4,281,2,0
80045,15.9,5.7,25,0.1,22.3,293,0,0
80046,20.1,8.3,25,2.24,23.8,294,2,0
80047,2.1,6.0,50,1.24,16.0,238,0,0
80048,21.7,5.6,50,2.16,17.9,163,1,1
80049,5.6,5.0,40,1.16,19.0,274,1,0
80050,2.3,5.5,50,0.4,29.3,251,1,0
80051,1.9,14.4,80,5.14,21.9,259,0,0
80052,5.3,3.1,100,1.85,23.2,412,0,0
80053,4.2,1.3,80,0.99,27.9,172,0,0
80054,10.7,1.0,40,0.55,20.9,219,0,0
80055,11.2,1.1,50,3.16,14.2,134,0,0
80056,4.1,24.1,20,0.67,14.0,321,0,0
80057,2.3,8.3,100,0.55,18.4,151,0,0
80058,14.7,0.5,80,0.9,24.3,185,0,0
80059,9.1,7.4,80,0.1,27.7,234,0,0
80060,2.4,7.5,50,0.94,24.0,273,0,0
80061,21.1,12.9,50,0.53,19.8,245,0,0
80062,15.8,6.8,25,0.1,18.8,300,0,0
80063,4.6,3.5,20,0.12,28.7,317,0,0
80064,3.7,3.0,40,0.33,31.5,289,0,0
80065,2.6,1.0,80,1.31,22.3,278,0,0
80066,14.3,17.8,20,11.37,24.3,142,0,0
80067,12.8,4.9,50,0.69,22.6,360,0,0
80068,19.1,5.9,25,1.33,21.1,256,0,0
80069,10.1,3.2,10,0.29,22.0,358,0,0
80070,9.0,0.5,50,2.22,16.9,269,1,0
80071,5.9,3.7,40,0.8,19.1,219,0,0
80072,11.0,0.2,40,1.54,23.1,234,0,0
80073,15.5,1.8,50,4.86,26.6,241,0,0
80074,14.3,4.8,80,2.07,22.2,274,0,0
80075,14.1,3.8,10,0.1,31.6,243,0,0
80076,12.1,4.9,100,2.97,19.0,259,0,0
80077,6.3,8.3,20,0.1,22.9,237,1,0
80078,9.5,14.9,40,3.08,25.3,188,0,0
80079,20.2,9.1,100,0.21,20.3,229,0,0
80080,14.3,3.4,20,0.62,26.2,228,0,0
80081,14.4,2.5,150,1.43,29.7,281,0,0
80082,10.6,3.4,40,1.92,17.8,257,0,0
80083,15.3,24.7,200,1.09,20.9,143,0,0
80084,10.3,3.0,25,0.73,17.1,219,0,0
80085,17.3,0.5,50,1.92,17.0,236,0,0
80086,2.5,9.0,80,0.28,26.5,300,1,0
80087,20.3,4.8,80,2.87,24.8,234,0,0
80088,13.1,12.1,20,1.02,19.2,274,0,0
80089,1.3,0.3,20,0.47,24.8,241,1,0
80090,1.5,6.1,80,2.3,16.2,203,0,0
80091,15.6,0.5,50,1.28,22.4,329,0,0
80092,3.0,13.3,40,1.0,20.8,171,0,0
80093,7.6,10.0,20,0.77,22.5,185,2,0
80094,1.5,0.2,25,1.7,20.6,186,0,0
80095,15.9,1.9,200,1.17,19.9,225,0,0
80096,17.2,4.7,80,1.35,25.4,334,0,0
80097,2.7,1.4,50,1.56,21.7,284,0,0
80098,12.0,6.5,80,0.75,23.5,218,1,0
80099,10.6,0.5,10,3.54,19.2,201,1,1
80100,16.1,10.2,80,0.1,15.7,262,0,1
80101,7.8,2.0,100,0.1,20.8,60,0,0
80102,19.5,0.3,50,1.16,17.3,308,1,0
80103,15.3,29.2,80,0.11,21.1,222,2,0
80104,12.1,0.2,40,0.75,25.3,193,0,0
80105,7.5,3.4,40,4.33,19.4,258,0,0
80106,19.5,5.6,80,0.6,27.0,230,1,0
80107,7.7,5.7,25,0.27,22.8,262,0,0
80108,13.1,9.7,80,4.5,29.9,250,0,0
80109,15.5,14.8,100,1.3,22.2,288,0,0
80110,9.9,1.1,50,3.6,23.7,201,0,0
80111,16.1,3.9,80,1.94,14.5,218,0,0
80112,3.4,2.2,25,0.35,19.5,172,0,0
80113,21.8,6.6,40,3.56,20.4,175,0,0
80114,9.5,1.0,80,0.93,27.9,325,1,1
80115,15.2,8.3,40,0.16,19.3,324,0,0
80116,15.5,3.6,80,5.99,26.2,176,0,0
80117,11.2,0.9,20,0.1,26.8,208,0,0
80118,7.3,2.2,25,0.42,18.4,161,0,0
80119,5.6,0.4,80,1.72,24.2,228,0,0
80120,8.6,3.6,80,0.14,22.1,283,0,0
80121,4.7,0.8,40,1.81,24.2,193,2,0
80122,4.4,9.4,80,0.11,22.4,214,0,0
80123,17.3,2.5,25,1.32,20.7,156,0,0
80124,18.9,6.1,50,0.38,18.0,137,0,0
80125,8.1,2.0,50,0.46,25.4,412,1,0
80126,9.2,7.3,40,1.06,17.4,275,1,0
80127,12.3,9.9,80,1.13,25.3,232,1,0
80128,11.3,1.3,10,0.4,20.1,202,0,0
80129,13.7,1.1,50,7.87,27.4,276,1,1
80130,11.0,0.3,80,0.1,25.6,334,0,0
80131,7.7,7.8,40,1.08,25.2,325,0,0
80132,12.7,0.6,20,0.61,22.3,236,0,0
80133,8.9,10.1,50,4.73,24.1,156,0,0
80134,18.1,23.0,50,0.1,22.3,187,0,0
80135,5.3,0.7,25,0.71,22.0,108,0,0
80136,11.6,2.2,20,1.64,25.8,322,0,0
80137,17.8,0.3,50,1.08,22.3,248,0,0
80138,1.7,2.4,40,0.5,22.8,160,0,0
80139,20.2,7.7,200,0.35,27.7,307,0,0
80140,5.8,6.3,40,1.2,27.8,222,0,0
80141,21.4,8.8,50,1.85,15.7,252,0,0
80142,1.7,7.7,100,0.35,14.0,241,0,0
80143,10.0,12.1,50,1.33,25.8,302,1,0
80144,12.0,10.7,20,0.7,26.4,198,2,0
80145,6.7,0.4,80,3.02,20.2,211,0,0
80146,18.6,3.2,20,1.11,26.9,207,0,1
80147,3.4,12.8,50,1.76,19.6,291,0,0
80148,4.1,1.4,80,0.22,20.5,242,0,0
80149,2.0,0.4,200,1.42,27.3,225,0,0
80150,4.9,6.3,80,1.81,19.1,366,0,0
80151,14.3,24.5,40,2.3,21.2,149,0,0
80152,5.2,16.0,25,0.84,21.9,248,0,0
80153,3.8,5.2,80,1.23,25.4,262,0,0
80154,1.6,3.5,25,1.37,18.7,325,0,0
80155,6.6,6.2,40,0.31,18.4,194,0,0
80156,7.2,0.4,200,3.13,20.6,232,0,0
80157,18.7,5.7,40,1.73,20.7,319,0,0
80158,2.9,25.4,50,2.97,23.2,371,0,0
80159,18.1,9.0,80,0.1,18.7,333,0,0
80160,9.5,3.6,25,1.79,22.1,281,1,0
80161,8.5,19.9,80,0.63,20.3,381,0,0
80162,12.3,2.9,25,1.83,21.7,162,0,0
80163,19.8,5.7,50,3.3,25.1,362,1,1
80164,20.3,2.7,100,0.74,26.7,166,0,0
80165,19.4,0.6,25,0.15,22.5,333,0,0
80166,15.9,7.5,25,1.37,27.0,96,0,0
80167,12.8,4.4,25,0.91,16.9,347,0,0
80168,16.0,7.0,20,0.1,23.4,204,0,0
80169,3.2,8.2,40,0.47,27.4,240,0,0
80170,2.2,5.5,20,0.64,21.4,297,0,0
80171,9.3,2.9,25,7.86,26.0,182,0,0
80172,8.0,1.1,40,0.13,21.7,308,0,0
80173,15.1,0.7,50,0.97,23.2,191,0,0
80174,14.6,23.0,25,3.45,21.5,229,0,0
80175,1.1,7.4,80,0.24,16.8,383,0,0
80176,17.7,0.7,80,1.72,22.6,251,0,0
80177,9.7,10.0,80,0.21,23.9,206,0,0
80178,12.2,2.2,40,0.91,19.4,182,1,0
80179,18.5,1.0,100,1.04,21.3,201,1,0
80180,20.9,12.1,200,0.71,20.5,118,0,0
80181,14.7,0.6,80,0.44,24.5,60,0,0
80182,6.8,3.3,100,1.37,24.9,295,0,0
80183,15.7,17.1,50,0.1,21.0,106,0,0
80184,18.1,6.4,10,0.96,19.4,294,0,0
80185,7.2,6.6,80,0.34,25.8,141,0,0
80186,0.9,1.3,10,6.26,21.6,143,0,0
80187,10.2,1.5,80,0.97,26.8,191,1,0
80188,8.3,5.3,25,1.68,18.7,268,0,0
80189,16.8,6.6,40,0.12,23.3,414,1,0
80190,13.0,23.3,80,2.31,19.0,250,0,0
80191,3.8,4.5,40,5.1,19.5,274,1,0
80192,4.9,12.3,50,0.5,25.1,275,1,0
80193,13.6,2.3,20,0.94,17.7,337,1,1
80194,16.3,3.7,50,1.51,23.6,277,0,0
80195,13.7,4.6,80,2.15,25.2,227,0,0
80196,9.0,9.8,50,0.35,22.4,162,0,0
80197,15.4,1.3,40,2.82,21.8,193,0,0
80198,20.7,2.3,50,0.11,24.6,148,1,0
80199,16.0,14.2,40,1.1,15.3,413,0,0
80200,19.2,17.6,200,1.36,27.2,295,1,1
80201,21.1,8.3,40,0.38,23.6,236,0,0
80202,15.7,12.0,80,1.45,22.7,184,0,0
80203,17.5,5.8,100,0.27,20.8,235,0,0
80204,3.1,8.7,25,0.26,23.0,312,1,0
80205,18.9,0.6,50,2.41,27.9,331,0,0
80206,8.9,3.4,100,1.67,25.4,258,0,0
80207,11.5,0.2,40,0.66,17.9,185,0,0
80208,7.4,0.7,50,0.55,18.6,192,0,0
80209,4.7,1.0,100,1.24,22.6,245,0,0
80210,19.9,7.6,50,0.38,18.4,286,0,0
80211,21.3,0.6,80,0.1,18.6,116,0,0
80212,14.9,6.5,50,0.82,22.7,380,0,0
80213,2.7,4.4,20,0.46,22.5,194,0,0
80214,9.2,14.9,25,7.4,22.7,286,1,0
80215,6.2,0.9,25,2.92,23.5,234,0,0
80216,18.6,0.9,25,0.2,19.5,205,0,0
80217,12.8,25.3,50,3.78,19.5,243,0,0
80218,5.8,4.9,25,2.15,19.8,278,0,0
80219,13.7,3.5,20,0.33,28.5,253,0,0
80220,14.6,4.8,200,0.67,19.1,369,0,0
80221,13.6,0.3,200,1.16,19.1,166,1,0
80222,13.3,2.1,20,0.42,14.0,320,0,0
80223,5.1,3.9,50,0.26,21.9,291,0,0
80224,3.8,5.7,100,0.97,19.8,282,0,0
80225,7.3,31.0,80,2.21,25.2,164,1,0
80226,1.4,1.6,25,1.27,21.3,253,1,0
80227,4.4,10.0,20,8.07,20.8,225,0,0
80228,21.3,0.9,50,0.1,22.0,328,0,0
80229,1.4,25.1,25,0.1,18.3,247,0,0
80230,14.6,11.5,10,1.07,18.6,240,0,0
80231,9.3,30.4,25,0.94,24.4,214,1,0
80232,4.3,7.0,40,3.15,19.5,234,0,0
80233,13.4,7.8,25,0.89,19.5,283,0,0
80234,10.3,3.5,80,1.1,23.8,157,0,0
80235,19.3,5.7,100,1.41,26.7,234,0,0
80236,11.6,21.1,150,2.64,21.5,140,1,0
80237,3.7,11.0,80,2.25,25.2,300,0,0
80238,16.6,13.0,100,0.62,16.5,322,0,0
80239,21.8,2.2,20,0.97,22.8,199,0,0
80240,18.2,5.7,150,0.97,29.7,319,0,0
80241,5.6,1.5,25,0.23,22.1,362,0,0
80242,6.5,8.1,25,0.62,22.9,268,0,0
80243,1.3,6.9,40,3.68,17.1,249,1,0
80244,10.1,10.5,20,2.25,18.9,367,0,0
80245,8.4,6.0,20,0.1,22.1,271,0,0
80246,17.3,0.3,20,1.28,17.0,287,0,1
80247,1.5,6.9,25,1.25,22.4,288,0,0
80248,6.3,21.5,150,1.01,24.6,265,0,0
80249,3.0,13.7,25,0.63,18.1,212,0,0
80250,8.5,3.2,80,1.43,20.5,60,0,0
80251,8.9,2.3,80,1.48,20.1,242,1,0
80252,9.3,2.0,40,0.13,18.3,278,0,0
80253,19.7,35.0,100,1.81,21.4,250,0,0
80254,10.9,13.6,10,0.1,21.1,104,0,0
80255,14.0,0.8,150,2.53,31.8,133,0,0
80256,5.1,8.1,80,3.6,16.4,211,1,0
80257,5.2,0.7,80,1.98,18.7,178,0,0
80258,17.5,3.0,10,0.3,16.0,250,0,0
80259,2.0,1.6,100,2.3,22.0,328,0,0
80260,20.3,6.2,50,0.77,21.6,345,0,0
80261,21.2,2.4,100,0.6,22.9,244,1,1
80262,1.2,8.7,80,0.18,20.9,289,0,0
80263,5.8,7.2,150,0.79,26.5,246,1,0
80264,0.8,1.6,25,0.66,23.0,233,0,0
80265,9.3,16.4,25,3.29,27.1,228,0,0
80266,17.7,11.3,25,3.91,26.2,248,0,0
80267,5.1,7.1,40,4.22,20.0,246,0,0
80268,9.7,1.3,100,1.27,16.9,162,0,0
80269,3.4,3.2,80,0.54,24.5,193,0,0
80270,3.8,8.4,150,1.68,21.1,253,0,0
80271,5.9,1.9,20,1.43,23.5,157,0,0
80272,8.8,0.8,40,0.83,21.2,252,0,0
80273,2.9,2.5,100,0.86,24.3,280,0,1
80274,3.0,25.2,150,0.86,16.9,280,0,0
80275,3.6,9.0,25,2.95,25.6,121,0,0
80276,15.2,4.3,25,0.11,22.4,213,0,0
80277,12.3,1.4,40,1.14,21.4,355,0,1
80278,19.1,5.4,40,3.53,26.3,250,0,0
80279,14.0,6.5,40,1.31,17.7,215,0,0
80280,20.0,8.1,25,5.79,14.0,180,0,0
80281,14.0,5.6,100,0.95,19.7,180,0,0
80282,18.2,4.4,50,2.93,22.5,111,0,0
80283,10.3,1.8,50,0.24,23.9,358,0,0
80284,15.0,1.1,80,1.24,26.2,117,0,0
80285,20.7,7.3,25,3.94,26.6,313,0,0
80286,1.1,4.0,40,1.24,23.3,314,0,0
80287,0.9,5.2,10,1.13,24.2,313,0,0
80288,7.9,16.8,100,0.24,17.5,162,0,0
80289,14.9,7.4,10,0.87,24.1,153,0,0
80290,4.9,2.8,50,1.38,24.2,328,0,0
80291,12.0,0.4,25,0.57,24.4,250,0,0
80292,12.1,11.3,40,1.85,16.2,236,0,0
80293,9.2,1.3,50,2.19,21.6,299,0,0
80294,10.4,1.8,50,0.47,24.5,166,0,0
80295,11.3,6.6,25,1.37,14.5,321,1,0
80296,20.7,13.6,50,2.02,21.3,242,1,0
80297,16.6,2.2,40,0.25,20.0,226,0,0
80298,12.6,9.1,25,1.58,23.1,170,1,0
80299,16.8,9.8,150,0.18,21.8,218,0,0
80300,21.6,5.3,100,3.76,19.9,230,0,0
80301,8.0,6.8,150,0.89,19.4,213,0,0
80302,20.6,3.8,40,0.15,22.8,231,1,1
80303,20.5,1.0,100,1.48,18.1,200,0,0
80304,5.6,3.8,50,0.64,21.3,175,0,0
80305,21.4,1.4,50,2.67,19.5,317,0,0
80306,16.9,5.5,150,0.27,22.1,394,1,0
80307,13.3,6.3,50,5.59,17.8,362,0,0
80308,8.1,2.9,100,0.72,21.1,202,0,0
80309,19.8,1.0,80,1.66,21.3,178,0,0
80310,13.9,2.1,50,0.1,25.6,296,0,0
80311,15.3,2.8,200,0.85,24.1,167,0,0
80312,12.7,5.0,50,0.23,28.6,261,0,0
80313,22.0,17.1,200,0.17,22.3,160,2,0
80314,11.0,6.2,25,0.52,24.0,189,0,0
80315,7.2,1.1,20,2.55,18.4,242,0,0
80316,3.5,2.4,25,2.23,27.5,148,0,0
80317,11.3,2.0,40,0.21,27.5,214,0,0
80318,6.4,3.4,50,3.87,22.1,344,0,1
80319,3.6,19.1,200,0.28,25.0,253,0,0
80320,17.5,9.4,50,4.69,21.2,263,0,0
80321,20.2,1.6,100,0.57,19.4,405,0,0
80322,19.5,7.4,10,0.39,21.9,258,0,0
80323,12.4,8.4,40,2.31,25.0,221,1,0
80324,4.3,7.3,10,1.56,23.4,184,0,0
80325,6.3,0.7,80,0.55,22.6,377,0,0
80326,11.4,5.8,150,0.1,28.1,206,0,0
80327,1.7,1.3,80,0.84,23.3,255,0,0
80328,8.2,7.5,200,0.86,28.9,326,0,0
80329,15.4,1.0,80,2.03,24.9,162,0,0
80330,21.5,3.5,20,0.9,24.2,293,0,0
80331,0.5,13.2,50,0.12,24.7,211,0,0
80332,7.7,7.8,10,0.1,20.1,113,0,0
80333,18.3,7.8,100,2.0,20.2,171,0,0
80334,21.3,5.1,80,1.3,21.8,342,1,0
80335,1.4,2.0,20,0.11,29.3,258,1,0
80336,5.8,1.0,20,0.65,22.9,203,0,0
80337,3.0,5.5,25,3.75,20.4,222,1,1
80338,19.4,4.3,25,0.18,25.2,134,0,0
80339,15.3,1.7,100,0.23,22.9,252,0,0
80340,18.0,3.0,40,2.56,21.9,168,1,1
80341,6.1,0.8,10,0.29,19.5,272,0,0
80342,19.9,12.8,25,1.15,17.8,224,0,0
80343,15.8,4.6,25,0.68,24.7,221,0,0
80344,13.1,2.5,10,0.37,20.1,323,0,0
80345,5.8,7.6,100,0.98,16.7,299,0,0
80346,8.9,10.7,50,0.11,25.8,257,0,0
80347,10.3,5.9,25,3.59,19.8,238,0,0
80348,10.7,2.8,200,0.99,22.3,249,0,0
80349,7.9,0.2,150,1.69,20.3,209,0,0
80350,19.1,1.3,25,4.25,28.0,465,0,0
80351,3.6,8.7,20,0.68,20.5,243,0,0
80352,1.5,15.2,25,0.2,26.5,224,0,0
80353,21.3,0.4,40,0.21,27.4,215,2,0
80354,18.3,3.8,40,1.12,22.7,212,0,0
80355,19.3,5.8,20,1.38,19.2,227,0,0
80356,12.1,8.4,40,3.47,15.4,286,0,0
80357,18.1,0.7,25,6.98,22.8,226,0,0
80358,21.9,5.6,25,1.48,27.6,268,0,0
80359,16.7,1.3,100,0.37,19.5,178,0,0
80360,19.5,7.0,80,6.38,26.1,235,0,0
80361,11.9,4.4,40,1.59,20.6,250,0,0
80362,4.5,22.5,150,0.42,25.3,232,0,0
80363,3.7,2.9,40,0.37,26.2,247,0,0
80364,6.6,4.8,150,0.4,21.8,341,0,0
80365,19.7,7.3,200,2.43,24.7,241,2,1
80366,21.0,1.9,200,4.82,22.2,60,0,0
80367,19.6,4.5,20,1.16,19.7,248,0,0
80368,13.5,3.6,10,0.66,15.5,289,0,0
80369,7.5,14.5,40,0.14,16.3,402,0,0
80370,18.1,1.1,40,2.38,18.2,168,0,0
80371,20.6,1.7,100,0.22,28.2,208,0,0
80372,8.7,7.3,40,0.36,22.9,313,0,0
80373,20.5,1.2,50,1.21,22.6,175,0,0
80374,10.2,2.8,10,3.31,21.8,247,1,0
80375,16.5,3.1,25,0.69,18.6,219,0,0
80376,20.3,7.8,150,1.54,21.9,307,1,0
80377,9.1,4.4,80,0.97,18.1,237,1,0
80378,19.2,13.1,80,4.71,23.8,324,1,0
80379,9.4,29.1,10,0.28,16.7,342,0,0
80380,12.2,0.2,20,0.42,21.0,268,1,0
80381,18.3,20.4,80,1.01,24.7,200,1,0
80382,19.5,4.9,25,5.05,24.2,325,0,0
80383,19.7,0.2,200,0.46,22.4,187,0,0
80384,21.2,1.2,25,0.2,22.1,220,1,0
80385,17.6,0.5,100,0.34,26.8,220,0,0
80386,21.8,2.3,25,2.13,22.5,301,0,0
80387,17.5,9.9,50,2.87,19.5,139,1,0
80388,14.5,0.6,80,3.28,23.4,275,0,0
80389,16.5,1.8,40,0.73,21.6,248,0,0
80390,15.8,2.9,80,1.87,21.3,300,0,1
80391,0.5,14.4,80,0.38,23.1,172,0,0
80392,1.6,0.4,80,0.13,18.8,141,0,0
80393,5.1,0.2,80,0.51,17.7,76,0,0
80394,10.8,1.1,20,0.58,19.7,334,0,0
80395,17.3,4.9,80,0.11,14.9,335,1,1
80396,15.3,1.3,20,1.05,27.5,375,1,0
80397,5.8,1.3,10,2.37,28.2,234,0,0
80398,18.3,1.7,200,2.03,22.6,228,0,0
80399,18.5,2.3,25,6.14,18.7,290,0,0
80400,20.3,0.2,25,0.3,24.6,292,0,1
80401,10.0,15.6,50,2.54,23.6,137,0,0
80402,12.2,2.4,50,0.21,28.0,234,1,0
80403,18.5,2.8,80,3.83,17.5,252,1,0
80404,21.8,3.9,25,0.53,17.9,277,1,1
80405,9.7,2.7,50,0.13,17.3,252,0,0
80406,21.5,0.3,80,1.84,20.8,134,0,0
80407,20.1,3.7,20,0.38,18.1,287,0,0
80408,1.5,1.8,50,5.04,23.3,189,0,0
80409,4.8,2.1,80,1.93,29.3,219,0,0
80410,5.1,5.8,40,0.38,26.9,131,0,0
80411,1.1,0.9,100,2.13,16.7,183,0,0
80412,11.2,10.8,80,1.13,23.6,240,0,0
80413,2.1,1.0,20,0.45,22.9,225,0,0
80414,5.8,1.3,20,0.59,25.3,184,0,0
80415,6.5,0.7,50,1.64,22.2,318,0,0
80416,13.3,0.5,25,2.95,20.6,378,0,0
80417,21.1,1.6,40,0.86,20.8,254,0,0
80418,1.9,4.8,40,1.95,14.6,80,0,0
80419,12.6,15.8,50,0.84,20.7,187,1,0
80420,20.4,1.1,25,0.16,21.4,290,0,0
80421,21.7,4.5,20,1.55,24.8,251,1,0
80422,6.1,1.1,50,3.59,22.9,227,1,0
80423,6.0,2.6,40,1.05,20.3,290,0,0
80424,5.5,0.4,50,0.74,25.7,257,0,0
80425,4.4,3.0,25,0.72,22.7,331,0,0
80426,11.7,5.5,50,0.97,17.5,195,1,0
80427,6.2,7.0,80,2.36,19.6,269,1,0
80428,11.0,12.8,25,1.57,19.5,176,0,0
80429,3.3,7.8,100,0.16,22.4,132,0,0
80430,18.6,7.7,80,1.38,18.7,130,0,0
80431,5.9,0.3,25,4.18,25.2,168,0,0
80432,17.4,8.9,80,1.28,23.1,324,0,1
80433,2.7,1.5,10,1.7,20.8,60,0,0
80434,10.8,0.7,40,3.03,21.8,112,1,0
80435,19.0,1.8,50,0.36,20.4,224,0,0
80436,2.0,3.2,150,0.92,22.5,254,1,0
80437,9.9,3.7,25,0.13,21.2,250,0,0
80438,14.3,12.5,20,0.69,26.0,235,0,0
80439,17.1,1.6,80,0.91,16.8,189,0,1
80440,14.0,0.2,50,2.58,20.2,301,0,0
80441,8.0,0.7,25,0.2,22.7,264,0,0
80442,7.2,0.4,200,0.13,14.8,326,0,0
80443,17.4,10.6,25,2.82,25.0,259,1,0
80444,3.8,8.4,150,0.43,23.3,329,0,0
80445,2.5,12.8,80,1.6,24.7,224,0,0
80446,6.3,0.5,20,2.61,14.0,183,0,0
80447,15.6,12.8,100,0.59,25.6,219,0,0
80448,15.3,4.7,40,0.23,27.5,197,0,0
80449,12.5,2.0,50,0.75,24.2,334,0,0
80450,5.6,2.8,80,0.36,26.0,336,1,0
80451,6.3,8.5,25,0.81,22.6,171,0,0
80452,13.1,8.7,50,6.43,23.3,229,0,0
80453,1.9,10.4,50,0.17,23.0,272,0,0
80454,20.6,2.9,80,3.51,32.3,173,0,0
80455,20.6,5.3,25,0.1,22.0,176,1,1
80456,2.0,7.8,80,0.24,20.7,344,0,0
80457,20.3,10.9,200,1.24,20.2,314,0,0
80458,9.4,5.9,200,2.33,27.1,148,0,0
80459,11.1,1.2,25,0.24,20.6,158,0,0
80460,11.4,1.3,100,0.1,24.6,273,1,1
80461,15.6,9.6,50,1.54,20.4,338,0,0
80462,21.5,7.6,100,1.68,26.7,291,1,0
80463,12.2,0.2,50,0.13,24.9,188,0,0
80464,12.1,5.5,40,0.15,24.1,206,0,0
80465,20.7,1.2,50,0.19,28.4,122,0,0
80466,14.5,11.7,50,0.49,17.6,361,0,0
80467,4.0,8.7,80,0.89,29.2,124,0,0
80468,20.9,4.2,50,1.68,27.4,253,0,0
80469,2.5,8.3,25,0.34,26.0,213,0,0
80470,21.3,2.9,40,0.34,22.6,347,0,0
80471,19.1,14.9,80,0.73,26.2,335,1,0
80472,4.6,8.1,100,0.31,23.3,147,0,0
80473,3.3,3.9,25,3.41,23.9,207,0,0
80474,12.7,0.5,80,1.26,31.2,253,0,0
80475,20.7,2.6,40,1.99,20.2,261,0,0
80476,10.7,2.6,80,1.66,19.2,186,0,0
80477,15.0,5.5,20,5.77,22.2,336,0,0
80478,4.3,3.7,50,2.58,18.6,205,0,0
80479,1.5,3.6,150,1.16,19.4,289,1,0
80480,9.1,2.0,25,0.26,22.5,248,0,0
80481,3.8,2.9,100,0.1,23.1,80,0,0
80482,1.4,2.6,40,4.93,28.4,387,1,0
80483,0.7,14.5,40,2.05,19.5,349,0,0
80484,9.5,0.2,40,1.12,23.6,352,0,0
80485,8.5,4.9,40,0.86,16.4,289,0,0
80486,15.4,9.3,10,2.3,24.8,420,0,0
80487,14.3,3.4,80,0.96,23.7,186,0,0
80488,13.8,26.6,80,0.32,18.6,172,0,0
80489,13.9,0.4,200,0.1,23.3,195,0,0
80490,5.0,6.3,10,3.91,19.9,188,0,0
80491,18.5,15.2,100,1.16,14.0,286,0,0
80492,0.9,4.0,20,2.74,15.8,287,0,0
80493,7.5,4.3,200,0.8,15.3,237,1,0
80494,3.6,2.3,200,0.81,23.3,216,0,0
80495,16.4,6.5,200,0.4,20.4,206,0,0
80496,11.2,0.2,40,1.19,22.5,216,0,0
80497,4.4,1.5,80,1.54,22.9,260,0,0
80498,4.9,4.7,40,0.12,21.6,205,0,0
80499,9.7,0.2,40,0.73,21.3,305,0,0
80500,5.4,0.9,40,1.01,25.3,212,0,0
80501,6.1,9.5,25,5.52,17.7,278,0,0
80502,19.6,2.1,40,0.1,22.5,332,1,0
80503,8.4,1.5,50,0.99,23.8,291,0,0
80504,3.8,0.2,200,0.96,23.7,227,1,0
80505,8.0,8.1,50,1.42,18.2,394,1,0
80506,19.9,2.8,25,1.72,18.4,315,1,0
80507,7.8,0.7,20,4.05,17.1,272,0,0
80508,10.8,19.3,50,1.53,18.3,303,0,0
80509,2.8,2.1,20,1.39,23.6,270,1,0
80510,2.0,0.9,80,1.85,23.8,162,0,0
80511,9.2,5.5,10,3.28,20.7,313,1,0
80512,1.2,8.3,100,0.45,20.8,135,0,0
80513,20.7,0.6,80,1.05,17.7,221,0,1
80514,1.3,11.3,50,1.1,26.0,273,0,0
80515,10.9,0.2,150,4.45,14.0,134,0,0
80516,8.0,3.3,25,1.7,26.4,212,0,0
80517,2.0,1.9,150,1.12,26.8,209,0,0
80518,10.5,2.9,20,0.63,20.3,279,0,0
80519,5.6,2.9,20,1.31,23.7,230,0,0
80520,14.6,2.2,25,2.19,24.8,159,0,0
80521,0.8,6.1,100,0.1,21.8,400,0,0
80522,17.1,0.2,25,2.45,21.4,384,0,0
80523,3.5,1.3,50,0.28,24.4,98,0,0
80524,14.0,12.2,80,2.18,18.8,246,0,0
80525,21.3,7.7,50,0.36,21.0,270,0,1
80526,14.0,9.5,80,2.84,25.2,314,1,0
80527,12.0,2.8,40,2.38,23.7,229,1,0
80528,10.5,2.5,80,2.34,21.9,289,0,0
80529,12.0,1.7,150,1.08,24.3,185,0,0
80530,10.0,9.1,40,3.16,19.8,294,0,0
80531,12.9,0.8,40,1.9,21.9,278,0,0
80532,14.7,14.6,50,3.13,27.5,256,1,0
80533,2.7,15.1,25,1.39,30.7,249,0,0
80534,21.7,3.3,40,4.88,21.1,310,0,0
80535,16.0,2.7,50,2.59,25.9,258,0,0
80536,15.8,19.3,100,1.38,19.1,278,0,0
80537,10.5,3.4,50,0.37,22.0,226,0,0
80538,6.1,13.9,40,2.23,21.0,204,0,0
80539,1.7,4.2,25,0.19,20.0,293,2,0
80540,12.1,4.8,10,5.0,25.6,192,0,1
80541,3.7,8.0,50,4.36,21.7,388,0,0
80542,1.9,10.4,10,0.96,23.8,328,1,0
80543,20.7,35.0,80,0.89,29.2,205,0,0
80544,20.6,2.3,80,1.27,20.1,192,0,0
80545,12.7,4.8,25,4.04,24.7,218,0,0
80546,9.1,3.9,50,0.1,20.0,261,0,0
80547,8.4,1.7,100,0.49,21.6,314,0,0
80548,7.4,0.4,40,2.15,26.5,314,1,1
80549,11.5,9.4,100,0.1,21.4,376,0,0
80550,6.1,5.8,25,0.35,22.1,246,0,0
80551,7.3,1.1,100,1.47,23.1,228,0,0
80552,17.0,1.5,200,0.56,19.5,244,0,0
80553,18.0,5.2,25,0.22,19.5,221,0,0
80554,18.0,11.9,10,0.68,26.1,192,0,0
80555,2.2,1.9,150,0.15,26.1,298,0,0
80556,20.6,1.8,150,0.74,26.8,211,1,0
80557,1.8,12.5,100,6.26,19.9,242,0,0
80558,10.0,13.4,25,1.76,23.8,202,0,0
80559,0.6,2.1,200,0.1,28.1,123,0,0
80560,1.1,0.2,150,2.09,26.0,286,2,0
80561,9.3,9.4,200,0.1,19.3,150,0,0
80562,14.8,2.0,25,0.33,23.4,261,0,0
80563,20.5,13.5,40,0.65,17.1,124,0,0
80564,1.4,5.1,80,0.69,24.1,399,0,0
80565,4.4,10.8,40,0.29,25.6,377,0,0
80566,13.9,5.3,50,4.09,23.7,131,0,0
80567,20.7,6.9,20,1.07,20.5,222,0,0
80568,18.6,10.7,20,1.74,20.4,143,0,0
80569,5.0,14.2,150,0.1,26.3,164,0,0
80570,7.8,16.6,40,0.84,19.7,280,1,0
80571,11.7,11.7,10,0.3,24.6,132,0,0
80572,7.0,8.1,25,2.39,28.8,302,0,0
80573,0.5,1.3,80,2.11,23.8,222,0,0
80574,5.4,4.7,50,1.14,20.1,256,0,0
80575,17.3,0.6,20,0.78,25.0,201,1,1
80576,14.4,10.7,100,9.0,15.1,139,0,0
80577,20.8,14.2,25,1.97,22.4,310,0,0
80578,1.1,2.5,40,0.21,19.0,274,0,0
80579,21.7,1.1,25,1.0,21.3,255,0,0
80580,2.6,2.5,50,1.31,14.6,159,0,0
80581,1.4,18.7,50,3.37,25.9,290,1,0
80582,5.9,0.5,20,0.1,17.3,233,1,0
80583,0.9,0.9,25,0.87,22.3,256,0,0
80584,4.3,4.4,25,2.04,23.5,302,1,0
80585,6.5,2.9,80,1.09,24.6,329,0,0
80586,14.7,7.1,25,1.05,18.4,337,1,0
80587,10.7,6.0,10,8.56,21.5,238,0,0
80588,20.5,5.0,50,0.18,21.9,217,0,0
80589,5.5,0.4,50,0.1,22.0,328,0,0
80590,12.6,10.2,25,0.51,22.5,235,0,0
80591,13.8,5.7,25,1.55,25.9,89,1,0
80592,16.8,19.4,80,3.33,19.9,200,0,0
80593,10.0,5.1,50,0.67,19.3,214,0,0
80594,19.8,19.8,40,0.14,26.6,345,0,0
80595,0.8,2.8,100,2.59,27.9,346,1,0
80596,4.5,0.2,25,0.41,28.2,123,0,0
80597,15.5,8.0,50,4.09,21.7,257,0,0
80598,20.7,18.1,100,3.3,21.7,232,0,0
80599,18.8,14.0,10,0.93,19.6,207,0,0
80600,20.2,0.7,20,0.53,20.1,237,0,0
80601,9.7,5.6,25,1.61,20.9,284,1,0
80602,21.8,2.2,80,0.74,23.6,229,0,0
80603,10.7,2.7,25,2.26,20.9,220,0,0
80604,2.8,1.5,50,0.9,18.9,179,0,0
80605,17.7,0.4,25,0.21,16.9,365,0,0
80606,9.6,1.6,100,1.64,27.6,256,1,0
80607,0.8,2.9,80,0.73,21.9,244,1,0
80608,2.9,21.6,40,3.64,22.5,238,0,0
80609,17.6,1.2,200,0.23,14.3,248,1,0
80610,17.2,4.5,200,0.1,17.8,233,0,0
80611,13.9,1.9,80,1.15,24.0,214,1,0
80612,1.4,9.7,40,1.8,16.8,317,0,0
80613,5.6,4.5,50,0.67,19.3,194,0,0
80614,2.0,0.9,200,1.06,21.7,349,0,0
80615,8.4,10.2,200,0.84,16.6,143,0,0
80616,15.0,18.6,80,1.99,24.7,144,0,0
80617,5.0,18.5,50,1.02,21.8,227,1,0
80618,18.9,0.2,10,0.11,20.4,239,0,0
80619,6.5,0.3,20,2.94,22.0,294,0,0
80620,21.8,0.2,50,1.71,20.6,264,1,1
80621,19.9,1.6,200,2.23,26.7,168,1,0
80622,5.7,6.4,80,0.63,25.0,268,0,0
80623,7.6,2.4,150,0.11,31.0,345,0,0
80624,9.0,1.7,25,2.6,22.0,195,2,0
80625,13.9,0.5,50,1.75,29.8,78,1,0
80626,5.4,1.1,200,1.81,19.1,60,0,0
80627,21.9,1.8,20,0.36,26.3,222,0,1
80628,16.0,1.3,50,2.76,22.2,330,1,0
80629,5.6,0.4,20,0.13,22.5,167,0,0
80630,15.2,1.4,25,1.2,22.5,180,0,0
80631,17.8,1.4,40,1.1,24.8,424,0,0
80632,13.9,12.1,200,0.79,22.3,186,0,0
80633,5.3,4.7,40,0.1,14.9,196,0,0
80634,16.6,3.0,200,0.17,21.2,107,0,0
80635,12.1,0.9,150,1.82,21.8,191,0,0
80636,2.4,17.0,40,0.11,22.5,265,1,0
80637,9.6,1.5,20,0.75,25.2,243,0,0
80638,1.0,2.1,20,0.48,21.6,236,0,0
80639,20.5,4.2,25,2.33,19.9,157,0,0
80640,14.4,8.5,80,5.2,25.9,317,1,0
80641,17.6,5.8,50,0.87,23.5,70,0,0
80642,16.2,0.5,80,0.76,22.2,177,1,0
80643,14.7,1.5,50,1.12,21.3,331,0,1
80644,20.5,3.3,50,0.31,20.7,323,0,1
80645,19.6,8.3,50,0.3,19.6,258,0,0
80646,14.6,9.0,25,4.17,18.1,281,0,0
80647,10.6,3.0,40,0.1,24.3,163,0,0
80648,19.0,3.6,25,0.1,24.0,151,1,0
80649,1.8,9.1,40,0.77,20.3,118,0,0
80650,14.3,5.5,50,4.27,18.6,267,0,0
80651,12.3,0.5,20,0.13,19.8,344,0,0
80652,6.1,1.9,25,0.79,23.4,241,1,0
80653,1.2,1.3,50,1.06,25.9,232,0,0
80654,11.4,0.2,40,0.64,17.6,242,1,0
80655,19.9,3.1,50,12.0,24.4,303,0,0
80656,4.6,9.7,100,0.1,27.2,332,1,0
80657,13.5,16.5,20,0.14,24.4,94,0,0
80658,17.5,14.3,100,0.9,19.3,302,0,0
80659,7.2,20.2,10,10.02,18.0,267,0,0
80660,13.5,8.3,25,0.1,21.3,264,1,0
80661,21.6,4.0,20,0.51,27.0,141,0,0
80662,1.2,4.3,20,3.21,24.6,288,0,0
80663,15.5,1.4,50,0.27,21.2,320,0,0
80664,16.8,1.3,200,2.96,26.3,221,1,1
80665,16.1,8.6,50,0.32,20.5,243,0,0
80666,7.7,6.3,40,0.16,20.5,207,0,0
80667,10.1,0.8,25,1.11,21.2,285,1,0
80668,7.1,6.8,200,2.73,17.9,191,0,0
80669,3.2,10.3,40,0.64,19.4,260,0,0
80670,20.3,2.2,40,1.57,16.6,291,0,0
80671,18.1,10.5,20,0.1,18.9,151,0,0
80672,13.0,3.5,50,1.45,33.1,241,1,0
80673,12.5,8.6,200,2.27,24.8,234,0,0
80674,18.9,2.4,50,1.1,20.9,262,0,0
80675,18.7,8.6,50,0.81,21.0,218,0,0
80676,20.1,11.4,80,0.34,18.9,276,0,0
80677,10.1,1.8,40,0.19,26.3,171,0,0
80678,0.8,9.6,25,7.44,19.5,305,0,0
80679,3.3,1.1,40,0.22,22.4,227,0,0
80680,1.2,1.6,150,2.43,21.2,294,0,0
80681,11.3,0.3,25,2.38,22.5,157,0,0
80682,1.0,0.6,20,3.44,17.5,305,0,0
80683,2.6,8.9,50,3.98,23.2,357,0,0
80684,13.6,2.5,80,0.26,17.9,310,1,0
80685,6.7,6.2,80,0.69,22.1,252,0,0
80686,3.5,4.0,25,0.92,26.8,222,0,0
80687,5.6,1.6,40,2.8,24.3,264,0,0
80688,1.8,2.1,10,1.95,22.5,176,0,0
80689,17.8,8.5,40,0.61,15.5,278,1,0
80690,8.2,2.4,80,3.06,27.9,204,0,0
80691,13.8,0.8,25,0.79,26.0,225,0,0
80692,1.7,3.5,40,4.0,21.0,240,0,1
80693,18.9,1.3,20,0.1,24.2,175,0,0
80694,19.4,35.0,100,0.15,27.2,311,0,0
80695,6.2,18.1,50,5.01,23.5,326,1,0
80696,6.0,7.1,20,3.75,23.9,182,0,0
80697,10.6,6.5,25,1.47,22.9,266,1,0
80698,17.5,1.0,40,1.6,21.2,299,0,0
80699,18.1,3.9,80,0.47,19.6,286,0,0
80700,7.6,14.5,100,0.31,22.5,265,0,0
80701,3.9,11.0,25,0.37,21.3,174,0,0
80702,14.3,4.9,100,0.3,27.9,213,0,0
80703,20.9,4.8,25,0.1,21.4,205,0,0
80704,9.9,4.8,40,0.35,29.4,296,0,0
80705,19.7,0.5,100,0.23,18.4,121,1,0
80706,8.3,6.7,25,1.08,28.7,218,0,0
80707,19.3,2.6,80,2.06,25.6,240,0,0
80708,11.1,21.9,50,0.38,15.6,249,2,0
80709,13.6,4.0,25,2.44,19.9,284,0,0
80710,9.9,2.3,10,1.66,19.8,118,1,0
80711,13.5,7.6,20,0.1,18.6,250,0,0
80712,3.1,1.4,100,0.77,25.0,274,0,0
80713,9.1,0.2,25,2.79,22.7,163,0,0
80714,12.8,3.0,20,2.39,23.1,336,0,0
80715,15.3,0.6,40,4.62,14.0,394,0,0
80716,21.2,2.9,50,0.27,18.8,232,0,0
80717,6.7,6.1,80,2.29,21.4,219,0,0
80718,19.7,0.8,80,2.43,31.5,93,0,0
80719,21.3,1.1,200,0.59,21.6,227,0,0
80720,11.6,0.8,100,0.54,21.6,336,0,0
80721,12.6,0.4,25,0.2,22.7,221,1,0
80722,16.6,2.3,150,0.12,27.5,221,0,0
80723,15.5,3.2,20,0.19,25.2,227,0,0
80724,10.6,3.3,25,0.44,25.6,278,0,0
80725,16.3,1.4,40,1.34,24.0,230,0,0
80726,20.5,5.3,50,1.49,19.1,218,0,0
80727,14.3,7.3,80,0.74,27.9,165,1,0
80728,16.1,2.5,50,0.33,14.2,168,0,0
80729,18.5,2.5,40,0.68,24.7,335,1,0
80730,10.0,0.9,100,0.1,15.9,313,0,0
80731,7.7,6.1,150,1.17,28.2,156,0,0
80732,19.9,13.0,40,1.09,21.1,202,0,0
80733,13.2,2.6,50,0.68,18.9,229,1,0
80734,14.3,1.3,20,1.4,24.1,179,0,0
80735,8.9,7.0,100,3.25,17.3,237,0,1
80736,7.6,2.2,80,0.3,22.4,308,0,0
80737,4.0,8.1,20,5.5,23.3,144,0,0
80738,8.7,5.9,40,0.24,21.7,242,0,0
80739,10.4,7.2,10,2.5,23.8,300,0,1
80740,21.9,0.8,100,0.1,23.9,194,0,0
80741,7.1,0.8,20,1.54,22.8,208,0,0
80742,21.7,2.1,10,0.32,27.4,205,0,0
80743,18.3,1.3,100,0.14,18.6,194,1,0
80744,10.6,2.4,50,3.71,21.1,191,0,0
80745,5.1,1.2,40,0.36,24.6,345,0,0
80746,2.5,9.4,25,2.94,18.3,163,1,0
80747,19.6,0.2,25,1.12,14.0,239,0,0
80748,7.9,3.5,40,1.28,22.9,204,0,0
80749,4.8,1.4,80,4.55,26.3,259,0,0
80750,14.2,0.2,25,2.97,23.5,379,1,1
80751,2.9,1.1,200,0.29,21.5,248,0,0
80752,20.0,0.9,40,0.64,20.0,291,0,1
80753,16.4,15.9,20,2.59,19.9,307,1,0
80754,17.1,5.2,25,6.11,26.4,233,0,0
80755,21.5,0.2,20,0.96,30.3,436,0,0
80756,14.7,1.3,40,0.17,24.5,280,0,0
80757,14.3,5.8,100,0.19,20.4,236,0,0
80758,20.6,1.8,80,0.85,23.8,115,0,0
80759,14.1,1.2,50,1.77,22.2,132,1,0
80760,15.4,5.2,25,0.16,21.4,382,0,0
80761,1.8,5.6,80,0.58,20.0,168,0,0
80762,14.9,13.8,50,0.1,18.6,154,0,0
80763,11.1,4.6,50,3.02,20.6,273,0,0
80764,5.0,8.9,50,2.22,17.3,232,0,0
80765,18.4,1.0,40,2.95,24.8,297,0,0
80766,8.9,1.7,20,0.92,25.8,239,0,0
80767,10.0,3.9,80,0.89,20.7,191,1,0
80768,12.1,5.9,20,0.79,25.6,105,0,0
80769,18.8,2.7,50,0.1,25.3,207,0,0
80770,5.8,0.2,80,1.65,26.9,74,1,0
80771,13.8,3.4,40,0.38,22.6,80,0,0
80772,19.8,1.6,100,0.21,22.8,335,0,0
80773,12.6,13.4,25,0.52,15.3,180,0,0
80774,4.9,3.5,100,0.1,23.9,253,0,0
80775,12.9,22.0,200,0.1,18.4,236,0,0
80776,11.3,5.3,50,0.9,18.3,283,0,0
80777,17.1,5.8,150,0.65,26.0,246,0,0
80778,17.2,5.7,40,4.14,25.6,249,0,0
80779,14.5,1.1,100,0.36,25.9,251,0,0
80780,8.6,0.7,40,1.13,26.4,334,0,0
80781,16.5,3.6,150,1.4,24.3,331,0,0
80782,4.8,5.3,40,2.68,15.6,147,0,0
80783,2.5,10.6,150,0.37,16.7,271,0,0
80784,2.3,7.3,40,1.83,24.8,235,0,0
80785,16.9,5.9,50,0.1,20.6,60,0,0
80786,5.4,3.7,20,1.85,23.8,413,0,0
80787,4.1,0.2,40,1.1,22.6,152,0,0
80788,6.9,11.6,20,1.67,19.1,207,1,0
80789,17.5,2.3,50,3.32,17.5,265,1,0
80790,20.4,3.2,80,0.1,18.4,169,0,0
80791,13.0,0.3,100,1.01,24.4,286,0,0
80792,21.3,1.8,25,0.91,18.0,286,0,0
80793,5.5,0.8,40,0.25,14.5,335,0,0
80794,2.2,1.8,25,1.06,24.3,173,2,1
80795,12.1,12.0,40,0.34,24.3,267,0,0
80796,2.3,6.9,50,1.29,23.0,180,0,0
80797,9.3,5.3,50,1.76,16.9,155,0,0
80798,8.1,7.3,10,0.77,28.9,137,0,0
80799,10.7,6.4,40,0.14,19.7,302,1,0
80800,1.8,2.3,10,4.4,22.5,223,0,0
80801,18.7,0.7,40,0.41,20.9,337,1,0
80802,5.5,10.5,80,4.52,21.4,231,0,0
80803,8.9,8.6,80,0.43,24.4,370,0,0
80804,4.0,10.8,25,0.37,24.0,151,0,0
80805,5.2,4.7,20,1.07,16.4,251,0,0
80806,10.2,1.8,150,0.1,22.5,202,0,0
80807,18.3,2.1,40,0.28,17.9,245,0,0
80808,21.0,0.8,25,1.62,14.6,255,0,0
80809,11.9,4.1,40,0.53,14.0,324,0,0
80810,15.7,7.6,40,4.07,23.2,91,0,0
80811,14.0,3.6,40,0.71,21.9,185,1,0
80812,3.8,2.3,80,0.83,24.1,340,0,0
80813,11.5,0.3,40,1.31,23.5,229,0,0
80814,6.9,2.8,100,1.21,23.1,217,0,0
80815,4.1,2.8,25,2.16,19.0,121,0,0
80816,15.9,6.8,50,5.07,23.7,193,0,0
80817,20.1,2.8,150,0.12,17.9,329,2,1
80818,16.8,6.0,40,0.54,20.2,453,0,0
80819,13.9,4.6,80,0.24,21.9,298,1,0
80820,17.9,2.5,40,0.68,26.2,323,0,0
80821,9.5,0.3,100,2.43,24.8,291,1,0
80822,18.6,7.3,100,0.83,23.7,194,0,0
80823,14.5,6.6,50,0.32,28.3,360,0,0
80824,4.0,0.5,150,0.47,29.2,244,0,0
80825,16.3,1.4,25,0.75,22.9,177,0,0
80826,20.2,1.0,40,0.41,25.7,198,0,0
80827,16.1,7.5,50,0.74,22.4,308,0,0
80828,12.3,7.6,200,1.01,22.4,358,0,0
80829,6.2,2.6,80,0.57,20.7,227,0,0
80830,11.7,0.5,25,0.53,19.9,270,0,0
80831,1.3,11.7,50,0.49,25.3,174,3,0
80832,9.1,14.1,20,0.14,26.1,272,0,0
80833,14.5,16.9,20,2.35,22.3,314,0,0
80834,3.4,1.3,80,0.47,21.4,187,0,0
80835,2.8,5.8,40,0.1,20.7,342,0,0
80836,8.1,4.7,10,1.64,21.6,165,1,0
80837,3.2,6.3,80,0.42,20.0,331,1,0
80838,20.9,3.1,25,2.74,23.1,379,0,0
80839,2.3,9.5,50,0.6,18.9,258,2,0
80840,1.3,17.6,40,0.71,22.4,275,0,0
80841,10.3,1.3,50,0.24,23.4,302,0,0
80842,19.6,5.5,20,1.35,25.5,317,1,0
80843,2.9,1.0,25,1.39,16.7,276,0,0
80844,7.4,3.2,40,0.57,22.3,306,0,0
80845,6.6,0.9,40,1.02,15.5,343,0,0
80846,4.3,5.9,50,0.76,19.7,302,0,0
80847,18.4,9.4,20,0.38,25.3,188,0,0
80848,0.9,1.2,50,0.28,22.6,323,1,0
80849,2.9,3.2,80,0.89,19.1,263,0,0
80850,7.8,7.6,50,1.46,22.3,351,3,0
80851,3.7,1.3,25,2.94,21.6,252,0,0
80852,13.7,8.2,25,2.58,25.3,182,0,0
80853,19.3,1.7,25,4.53,23.6,200,0,0
80854,9.3,2.3,50,1.1,22.1,269,0,0
80855,20.5,8.9,25,0.31,25.6,279,0,0
80856,18.4,1.8,150,0.22,18.1,178,0,0
80857,18.0,11.7,50,0.95,20.2,367,0,0
80858,4.7,0.2,50,0.1,14.9,354,0,0
80859,9.1,8.9,80,0.69,31.0,237,2,0
80860,15.8,3.2,20,0.52,18.3,268,0,0
80861,14.2,5.0,150,1.92,20.8,372,0,0
80862,19.4,1.4,50,1.33,15.4,278,1,0
80863,16.3,8.9,50,1.68,24.7,149,0,0
80864,17.2,6.5,50,0.76,18.9,205,1,1
80865,18.6,2.7,20,1.78,22.8,187,0,0
80866,16.8,8.9,100,0.1,20.8,187,0,0
80867,10.9,4.0,100,1.73,23.1,312,1,0
80868,20.3,5.4,25,2.34,19.9,227,0,0
80869,16.9,8.5,20,0.1,28.9,261,1,0
80870,12.3,4.4,10,0.71,21.4,194,0,0
80871,20.9,0.6,80,0.81,24.3,175,0,0
80872,5.3,2.2,20,0.99,20.4,215,1,0
80873,11.5,1.5,50,0.18,20.8,201,0,0
80874,6.4,8.7,100,0.37,20.4,229,1,0
80875,9.9,2.5,20,0.89,25.7,223,0,0
80876,0.6,2.2,50,1.83,20.2,344,0,0
80877,12.0,2.6,10,0.17,16.2,283,1,0
80878,20.4,3.4,80,0.85,24.7,310,0,0
80879,1.6,14.2,20,1.5,20.9,246,0,0
80880,7.6,0.4,50,0.81,19.6,237,0,0
80881,3.8,11.8,80,1.43,15.2,226,0,0
80882,12.9,2.3,150,1.25,24.8,216,0,0
80883,11.8,6.5,20,1.71,25.7,60,0,0
80884,11.9,0.7,40,0.19,14.0,336,0,0
80885,19.3,2.0,40,0.55,20.6,336,0,0
80886,6.0,1.3,25,0.68,23.2,277,1,0
80887,7.4,0.3,25,1.29,22.0,252,0,0
80888,3.3,13.8,40,0.51,21.7,262,1,0
80889,10.5,5.1,100,2.96,21.2,348,0,0
80890,1.6,1.2,25,1.41,23.1,142,0,0
80891,14.9,10.2,10,0.17,25.9,305,1,0
80892,4.2,13.5,20,0.39,20.7,244,0,0
80893,2.1,14.3,80,2.01,17.9,243,0,0
80894,18.6,4.8,100,0.29,21.5,158,0,0
80895,10.1,7.7,40,2.05,21.1,305,0,1
80896,4.8,24.2,40,1.02,24.7,83,0,0
80897,9.8,4.9,20,1.24,25.0,242,2,0
80898,8.5,1.6,80,0.17,17.2,230,0,0
80899,13.2,7.9,50,0.95,16.9,360,1,0
80900,1.2,5.3,25,0.33,19.5,288,0,0
80901,11.7,4.7,200,0.43,24.2,245,1,0
80902,12.4,13.9,50,0.99,26.9,100,0,0
80903,8.8,6.5,40,1.37,17.9,165,0,0
80904,15.0,4.9,100,0.55,20.4,284,0,0
80905,2.5,9.6,40,0.14,16.9,252,0,0
80906,15.9,2.6,40,1.76,20.0,277,0,1
80907,10.5,0.2,10,0.76,25.6,232,0,0
80908,12.5,1.2,40,0.76,18.2,146,0,0
80909,10.8,0.6,200,1.26,19.7,267,1,0
80910,6.6,1.4,50,0.1,19.6,299,1,0
80911,13.7,3.1,80,0.68,21.3,240,0,0
80912,15.8,3.1,50,1.55,17.7,279,0,0
80913,13.6,0.9,100,1.45,22.5,237,0,0
80914,18.9,1.3,150,5.3,22.5,277,0,1
80915,1.3,15.5,80,0.11,19.2,209,0,0
80916,9.9,3.4,20,0.46,22.6,205,0,0
80917,13.7,2.1,100,1.65,16.9,308,1,0
80918,19.6,5.6,200,2.4,16.3,139,0,0
80919,12.2,6.1,40,1.01,25.7,191,0,0
80920,16.4,0.4,20,4.48,18.6,208,0,0
80921,21.7,1.7,40,0.86,25.2,131,0,0
80922,22.0,8.4,50,0.89,21.8,307,1,0
80923,9.3,9.7,25,0.85,23.9,345,1,1
80924,9.8,1.2,80,0.81,27.4,272,1,0
80925,3.2,7.7,25,0.9,17.1,176,0,0
80926,18.1,4.0,150,0.17,21.9,199,0,0
80927,21.3,5.3,50,2.14,20.4,261,0,1
80928,11.4,0.6,40,0.2,20.6,221,0,0
80929,1.2,8.8,10,4.14,22.2,298,0,0
80930,7.2,24.2,100,5.11,18.4,214,0,0
80931,11.0,6.9,50,0.44,18.9,304,0,0
80932,16.8,1.6,25,0.14,20.9,245,0,0
80933,18.0,3.1,50,3.19,18.1,219,0,0
80934,18.9,16.8,80,1.6,21.4,391,0,0
80935,6.2,1.2,40,3.57,24.8,227,1,0
80936,4.0,3.5,40,2.22,19.1,130,0,0
80937,19.1,3.5,80,0.1,22.7,197,1,0
80938,17.6,1.7,20,0.51,22.2,210,0,0
80939,17.0,3.4,100,0.53,20.5,147,0,0
80940,5.5,0.8,25,0.56,28.9,244,0,0
80941,12.9,6.7,40,1.07,23.3,189,0,0
80942,11.9,7.1,80,3.46,19.4,164,0,1
80943,1.3,1.6,25,3.39,22.9,263,0,0
80944,20.6,1.5,25,4.02,23.3,366,0,0
80945,16.5,13.4,50,0.58,22.9,328,0,0
80946,14.5,1.8,80,1.67,24.7,220,0,0
80947,14.4,7.4,40,0.17,23.0,262,0,0
80948,12.8,1.1,100,1.1,18.8,222,0,0
80949,20.6,9.8,25,0.7,24.3,210,1,0
80950,6.6,3.8,100,3.66,27.9,258,0,0
80951,12.0,8.3,80,0.71,26.7,237,1,0
80952,8.6,1.7,25,0.22,14.0,290,0,0
80953,9.8,4.0,100,2.87,19.8,242,0,0
80954,3.6,14.8,10,0.69,22.6,229,2,0
80955,1.8,0.7,40,0.65,18.6,241,0,0
80956,10.1,7.1,50,0.25,21.5,196,0,0
80957,5.3,12.7,80,0.44,27.9,300,0,0
80958,10.3,0.3,50,0.2,27.4,279,1,0
80959,7.0,4.2,100,1.07,20.4,279,0,0
80960,5.9,14.5,25,0.1,16.6,453,0,0
80961,1.3,1.5,40,0.39,19.5,81,0,0
80962,3.5,10.2,40,0.21,23.6,396,0,0
80963,17.8,4.9,100,2.03,27.0,280,0,0
80964,5.2,0.9,25,1.05,27.0,335,0,0
80965,2.5,1.0,25,1.52,23.3,204,0,0
80966,19.5,0.8,40,0.88,21.3,374,0,0
80967,3.4,8.0,10,0.28,21.5,350,0,0
80968,12.8,3.3,25,0.13,30.7,242,0,0
80969,5.6,10.1,25,0.43,16.3,76,0,0
80970,19.8,3.3,40,0.16,24.5,202,0,0
80971,20.7,1.7,50,5.3,19.8,261,0,0
80972,16.4,12.9,80,1.52,18.7,200,0,0
80973,11.2,3.0,150,0.33,24.7,396,1,0
80974,14.4,4.7,40,2.34,25.1,133,2,0
80975,7.9,1.2,100,0.34,23.4,327,0,0
80976,21.1,0.9,100,1.12,21.6,217,0,0
80977,1.4,5.7,40,1.93,24.0,231,0,0
80978,4.3,0.2,80,0.35,19.1,274,0,0
80979,10.1,3.6,20,1.6,23.6,271,0,0
80980,12.5,25.6,150,0.43,18.5,122,0,0
80981,20.3,14.4,80,2.73,20.4,215,0,0
80982,21.4,5.9,150,1.4,20.1,220,0,0
80983,14.3,12.1,10,0.1,20.0,256,1,0
80984,14.8,4.4,40,1.96,22.4,196,0,0
80985,3.8,3.1,50,3.55,22.9,140,1,0
80986,19.2,2.3,25,0.1,19.8,249,0,0
80987,17.5,6.5,100,0.79,16.8,278,0,0
80988,2.3,1.4,25,0.52,19.8,256,0,0
80989,4.6,4.1,25,0.55,21.9,271,0,0
80990,16.9,14.9,25,3.08,22.2,144,0,0
80991,5.8,1.3,80,0.76,20.2,248,0,0
80992,10.1,3.3,25,0.76,22.3,341,1,0
80993,12.6,1.8,100,0.11,26.3,248,0,0
80994,17.5,1.2,50,0.68,26.6,218,0,1
80995,16.2,1.4,20,0.1,17.5,223,0,0
80996,17.7,1.0,25,1.31,21.2,198,0,0
80997,5.9,0.8,200,1.25,22.5,206,0,0
80998,17.9,13.6,25,0.91,17.1,205,0,0
80999,1.9,0.7,20,3.32,28.0,250,1,0
81000,21.9,0.7,10,0.81,22.8,291,0,0
81001,9.2,3.0,20,0.99,20.5,192,0,0
81002,8.6,0.4,25,2.07,26.7,302,0,0
81003,11.7,11.0,25,1.52,24.5,261,0,0
81004,12.7,9.9,10,2.36,25.8,288,0,0
81005,14.8,19.4,40,1.31,20.0,190,0,0
81006,18.9,1.4,100,1.1,25.4,232,0,0
81007,9.5,6.7,20,0.3,18.8,230,0,0
81008,21.0,0.4,50,0.5,23.2,213,1,0
81009,20.9,2.5,200,1.71,25.0,153,1,1
81010,20.8,11.9,20,2.93,25.1,331,1,0
81011,18.4,10.2,50,1.04,20.9,188,0,0
81012,1.4,6.9,50,0.42,16.3,209,0,0
81013,16.0,7.5,40,3.06,20.4,203,0,0
81014,19.9,1.7,25,0.62,26.9,261,0,0
81015,9.9,4.0,80,0.1,19.8,274,0,0
81016,10.5,8.8,50,0.1,23.2,168,0,0
81017,12.8,11.1,50,0.63,20.4,210,0,0
81018,18.8,2.2,50,0.97,23.8,213,0,0
81019,14.0,7.2,80,0.95,23.1,333,0,0
81020,8.6,0.8,50,3.21,23.0,288,0,0
81021,20.7,3.3,25,0.86,17.6,229,0,0
81022,1.8,14.8,80,1.03,17.5,376,0,0
81023,20.1,14.9,150,0.66,19.0,298,0,0
81024,17.8,1.1,20,4.19,21.2,126,1,0
81025,2.7,13.1,50,0.64,21.3,114,1,0
81026,21.2,5.1,50,1.53,17.0,261,0,0
81027,10.0,15.3,100,1.4,29.8,325,0,0
81028,1.2,4.0,50,1.47,16.5,142,0,0
81029,1.5,3.0,25,2.96,23.9,359,0,0
81030,3.4,6.9,50,0.62,26.0,215,0,0
81031,4.6,13.5,80,1.3,20.4,264,0,0
81032,11.3,1.2,25,4.31,18.6,260,0,0
81033,3.2,12.2,100,0.71,19.7,99,0,0
81034,9.6,0.2,80,2.51,28.4,320,0,0
81035,9.4,7.7,25,1.08,21.9,120,0,0
81036,15.6,20.2,100,0.89,20.9,107,0,0
81037,9.4,3.9,80,0.18,21.0,234,0,0
81038,2.6,0.2,40,1.38,16.8,119,0,0
81039,2.1,16.6,40,1.99,26.6,258,0,0
81040,13.1,8.0,25,0.34,20.4,167,0,0
81041,5.1,24.8,40,3.74,20.7,174,0,0
81042,2.2,5.5,150,0.71,21.1,286,1,0
81043,19.0,6.0,25,6.94,19.3,296,1,1
81044,1.6,11.7,40,0.48,18.3,247,0,0
81045,2.4,4.6,80,1.91,15.8,131,0,0
81046,12.3,0.9,100,0.63,22.9,191,1,0
81047,21.3,0.9,25,0.1,20.7,218,0,0
81048,14.0,3.6,20,0.38,18.7,198,1,0
81049,16.4,17.1,200,0.61,25.5,240,0,0
81050,10.9,7.1,50,2.42,25.6,90,0,0
81051,20.2,25.9,50,4.62,14.0,265,0,0
81052,5.7,5.3,40,5.58,20.6,210,1,0
81053,5.9,3.5,80,0.38,18.9,196,0,0
81054,4.8,0.8,80,0.1,23.5,274,0,0
81055,7.6,2.4,40,2.26,21.0,273,0,0
81056,2.1,5.7,50,0.46,26.6,127,0,0
81057,12.6,5.5,25,0.52,16.1,245,0,0
81058,19.9,3.6,25,0.11,20.2,258,0,0
81059,12.7,5.7,20,0.46,15.5,241,1,0
81060,16.2,2.8,20,1.38,19.9,305,0,0
81061,13.6,7.2,80,2.9,18.0,209,0,0
81062,5.8,12.6,100,0.59,24.1,252,0,0
81063,20.9,8.6,150,0.42,23.2,145,0,0
81064,11.6,3.9,100,4.91,20.1,225,0,0
81065,16.1,3.2,40,2.53,17.1,424,0,0
81066,15.5,8.6,20,0.27,24.5,330,0,0
81067,8.5,5.8,100,6.38,22.3,360,1,0
81068,17.7,7.9,25,0.45,20.6,279,0,0
81069,17.5,5.2,50,2.88,28.9,231,0,0
81070,13.3,0.9,150,0.38,28.1,280,0,0
81071,1.7,11.0,25,2.26,22.8,312,0,0
81072,19.1,11.7,50,5.78,14.4,259,1,0
81073,15.5,2.8,40,0.38,20.5,392,0,0
81074,9.1,1.9,20,0.37,16.3,273,1,0
81075,2.4,15.8,25,2.21,26.9,184,0,0
81076,16.0,16.1,25,3.65,26.9,170,0,0
81077,2.6,3.1,100,3.62,21.6,275,0,0
81078,16.9,0.5,25,5.26,24.6,222,1,0
81079,15.5,15.5,200,0.55,25.1,420,0,0
81080,6.0,3.7,80,0.49,23.1,256,0,0
81081,1.2,2.0,50,0.6,24.2,260,0,0
81082,14.7,1.7,10,0.28,30.1,261,0,0
81083,15.4,25.6,100,1.92,21.6,277,0,0
81084,15.1,5.2,10,0.68,18.4,204,0,0
81085,17.4,16.3,200,0.56,21.4,200,0,0
81086,19.6,0.6,25,0.47,21.1,194,1,0
81087,4.6,1.0,20,0.1,24.1,234,1,0
81088,2.6,3.7,50,0.63,29.2,171,1,0
81089,5.6,7.2,20,0.24,22.9,224,0,0
81090,20.3,4.1,10,0.99,27.2,215,0,0
81091,20.4,0.4,200,0.76,15.0,293,0,0
81092,19.8,21.7,80,2.71,24.8,270,0,0
81093,18.4,1.9,50,1.21,20.9,250,0,0
81094,10.1,10.1,20,0.1,23.4,303,1,0
81095,3.3,10.7,50,0.12,26.5,235,0,0
81096,1.0,3.1,100,0.9,26.4,231,0,0
81097,6.1,25.4,50,0.96,20.3,60,1,0
81098,13.9,2.0,150,1.15,25.7,306,0,0
81099,13.4,5.8,100,0.92,23.0,194,0,0
81100,15.9,1.3,100,0.1,21.3,219,1,0
81101,2.7,2.1,50,0.89,23.8,280,0,0
81102,14.9,2.4,50,1.71,17.6,255,1,0
81103,11.9,4.7,20,0.65,14.0,135,0,0
81104,18.4,3.9,25,0.97,24.7,180,0,0
81105,17.4,0.2,40,1.3,19.9,200,0,0
81106,20.9,0.9,200,1.12,28.1,356,0,0
81107,14.4,2.8,50,2.51,21.3,233,1,0
81108,4.5,12.1,100,4.82,15.9,186,2,0
81109,6.9,6.5,25,0.83,21.1,281,0,0
81110,20.2,8.1,25,1.8,25.2,164,0,0
81111,4.3,12.6,40,1.58,19.2,394,0,0
81112,13.6,4.2,50,0.77,23.9,192,0,0
81113,21.1,4.1,10,2.46,19.7,256,1,0
81114,1.1,0.2,20,2.32,24.7,314,0,0
81115,4.1,9.4,200,2.72,15.2,139,0,0
81116,9.0,0.6,80,6.35,28.2,86,2,1
81117,21.1,9.5,20,1.23,21.7,151,0,0
81118,4.3,4.5,50,1.12,19.6,306,0,0
81119,6.4,1.4,25,4.52,24.7,217,0,0
81120,6.8,4.1,25,0.74,22.0,245,0,0
81121,15.3,2.0,20,4.17,20.6,335,1,0
81122,4.7,2.3,50,0.1,20.7,132,0,0
81123,8.4,2.9,80,1.48,19.8,282,0,0
81124,19.6,2.0,80,3.0,24.2,356,0,0
81125,2.1,5.4,10,1.65,25.1,334,1,0
81126,4.0,5.2,100,0.24,23.1,345,0,0
81127,5.4,2.0,50,1.1,21.2,240,0,0
81128,2.3,1.2,40,0.32,29.4,281,0,0
81129,12.8,5.2,80,1.48,19.5,264,0,0
81130,12.8,4.5,50,0.74,22.9,269,0,0
81131,4.2,9.3,200,0.9,17.7,175,0,0
81132,16.2,4.3,50,0.61,20.0,161,2,0
81133,21.3,3.3,25,1.75,15.0,165,0,0
81134,1.4,3.7,50,0.1,25.4,261,0,0
81135,16.5,0.2,20,2.73,15.5,74,0,0
81136,14.7,9.9,25,0.53,15.8,228,2,1
81137,5.6,5.0,40,2.76,23.1,287,0,0
81138,1.5,5.7,20,1.0,27.2,385,1,0
81139,15.1,7.7,80,1.46,26.0,236,0,0
81140,14.4,13.8,40,0.38,24.6,99,0,0
81141,1.9,1.0,50,3.2,17.2,321,0,0
81142,10.6,0.3,25,1.79,24.4,297,0,0
81143,20.5,2.1,80,2.9,20.3,170,1,0
81144,2.1,8.7,200,0.6,14.3,257,0,0
81145,6.6,1.8,25,0.67,21.2,388,1,0
81146,6.3,2.1,80,0.16,24.4,136,1,0
81147,1.2,4.3,50,1.21,19.4,383,0,0
81148,5.9,2.9,40,0.86,25.5,262,0,0
81149,15.0,0.5,40,3.52,23.3,172,0,0
81150,17.4,1.7,80,4.31,18.9,266,0,0
81151,12.0,10.8,100,1.55,20.5,192,0,0
81152,20.9,5.2,80,1.06,17.5,438,0,0
81153,14.5,26.1,40,1.86,23.0,245,0,0
81154,18.0,5.4,100,0.17,25.5,309,0,0
81155,18.5,1.5,100,0.13,19.7,188,0,0
81156,3.2,21.9,20,0.51,24.8,206,1,0
81157,12.7,4.8,20,0.8,23.7,130,0,0
81158,5.7,8.2,80,0.15,21.1,84,0,0
81159,21.2,2.0,40,0.17,15.6,248,0,1
81160,15.6,1.3,50,0.71,14.0,203,0,0
81161,7.3,13.4,80,0.29,22.9,268,1,0
81162,12.1,1.4,100,2.55,25.3,243,1,0
81163,13.6,0.5,25,0.1,23.2,211,0,0
81164,11.8,13.8,40,0.87,17.9,288,0,0
81165,20.5,10.6,10,1.3,22.8,267,1,0
81166,21.1,8.6,50,0.6,21.8,258,0,0
81167,13.9,0.2,40,0.28,26.0,277,0,0
81168,12.6,19.5,80,2.43,18.9,133,0,0
81169,21.0,17.1,20,0.15,14.8,218,1,0
81170,15.0,0.7,50,6.05,27.0,177,2,1
81171,12.8,12.4,20,1.61,24.6,190,1,0
81172,10.6,13.7,50,0.12,21.7,180,0,0
81173,1.1,2.0,40,0.37,20.5,277,0,0
81174,3.8,0.2,20,1.04,15.8,207,0,0
81175,6.6,5.2,40,0.1,20.9,156,0,0
81176,21.8,8.6,20,1.05,27.7,309,1,0
81177,4.7,22.2,25,1.06,20.7,259,0,0
81178,8.3,0.9,50,2.55,22.0,180,0,0
81179,3.4,23.7,40,3.27,24.9,107,1,0
81180,2.1,3.6,100,0.41,15.5,249,0,0
81181,4.0,1.1,20,0.67,24.2,202,0,0
81182,5.5,4.1,20,2.22,22.8,197,0,0
81183,13.1,22.5,50,2.38,26.8,175,1,0
81184,2.1,6.6,50,2.38,20.4,273,0,0
81185,2.3,2.5,25,1.7,25.7,417,2,1
81186,13.8,10.8,10,1.0,17.5,236,0,0
81187,12.6,20.3,50,1.99,20.1,210,0,0
81188,9.6,7.9,80,0.1,25.8,238,1,0
81189,20.2,3.2,80,6.31,22.9,184,0,0
81190,21.9,23.0,200,1.57,23.0,296,0,1
81191,7.4,4.6,100,0.43,22.5,213,1,0
81192,9.6,33.9,80,0.79,24.0,292,0,0
81193,8.4,12.6,40,1.02,26.8,274,0,0
81194,20.7,2.4,100,0.1,24.1,207,0,0
81195,8.5,22.6,40,0.82,23.6,212,0,0
81196,10.4,1.1,80,7.67,17.8,176,0,0
81197,21.1,2.6,150,1.91,17.9,215,0,0
81198,16.6,11.0,80,6.35,21.3,291,0,0
81199,3.9,6.5,40,1.06,19.4,247,0,0
81200,19.6,5.8,25,0.67,20.5,326,0,0
81201,12.7,0.4,40,0.2,23.1,113,0,0
81202,10.5,20.3,25,0.3,21.5,183,0,0
81203,21.5,9.6,50,0.65,21.9,196,0,0
81204,18.7,5.3,80,0.5,25.8,254,1,0
81205,8.5,5.8,80,2.28,16.9,341,1,0
81206,8.8,14.8,40,2.14,25.5,266,1,0
81207,7.8,4.3,80,0.53,20.6,392,1,0
81208,12.4,0.4,150,0.27,24.0,190,0,0
81209,3.7,0.2,50,0.34,26.8,290,0,0
81210,9.8,1.5,200,1.07,22.4,251,0,0
81211,0.5,9.8,25,0.31,23.5,336,1,0
81212,20.5,0.9,100,1.36,24.9,236,0,0
81213,2.6,4.9,150,1.03,25.4,291,0,0
81214,12.8,0.2,200,0.91,30.2,319,0,1
81215,7.0,1.8,100,2.29,20.6,91,0,0
81216,4.4,6.7,25,0.6,22.5,306,0,0
81217,0.6,1.2,50,0.33,25.9,293,0,0
81218,9.3,0.2,80,3.25,20.6,146,0,0
81219,8.6,9.0,100,0.47,21.5,232,1,0
81220,4.4,3.9,25,2.01,23.0,260,0,0
81221,4.9,24.0,150,1.32,21.6,262,0,0
81222,1.0,0.3,40,5.21,18.4,152,0,0
81223,1.1,3.9,200,3.8,23.0,337,0,0
81224,13.4,12.1,25,1.49,31.4,377,1,0
81225,15.3,5.1,80,0.16,23.8,240,0,0
81226,8.9,4.1,50,0.1,25.3,115,0,0
81227,7.1,3.8,25,1.65,20.7,349,0,0
81228,2.4,0.6,25,0.84,18.9,258,1,0
81229,16.8,2.4,10,0.6,21.7,137,0,0
81230,8.4,4.7,50,0.72,18.0,281,0,0
81231,0.7,1.4,25,0.4,25.8,294,1,0
81232,19.0,4.7,100,2.17,27.5,301,0,0
81233,11.8,6.5,20,0.2,34.0,330,1,0
81234,21.3,1.0,40,3.41,17.5,363,1,1
81235,2.6,4.0,40,1.07,22.8,253,0,0
81236,9.4,6.0,80,0.78,26.0,242,1,0
81237,3.9,13.3,20,0.83,17.3,115,0,0
81238,5.0,14.9,25,1.03,22.0,259,0,0
81239,10.1,3.4,80,0.89,15.6,227,0,0
81240,17.9,0.3,100,1.86,16.9,254,0,0
81241,4.8,1.1,10,2.84,19.0,131,0,0
81242,20.3,3.5,40,1.55,21.9,299,1,0
81243,16.4,26.1,200,0.1,26.5,310,1,0
81244,10.5,1.0,50,0.7,27.5,181,0,0
81245,10.9,16.8,80,0.1,16.9,274,0,0
81246,10.9,5.5,25,3.32,22.1,192,0,0
81247,10.3,0.4,150,1.1,19.6,96,0,0
81248,15.3,1.8,200,1.82,19.7,150,0,0
81249,2.2,0.2,10,2.39,27.3,216,0,0
81250,9.3,4.8,50,0.12,24.1,232,0,0
81251,11.3,14.1,150,3.62,27.6,252,1,0
81252,10.0,5.5,25,1.8,26.5,236,0,0
81253,10.9,14.3,40,1.03,20.9,290,0,0
81254,9.5,6.9,25,0.28,21.2,211,0,0
81255,21.7,9.5,150,1.2,30.8,158,0,0
81256,8.2,3.1,150,1.39,26.1,222,0,0
81257,16.9,2.2,25,2.86,19.2,153,0,0
81258,15.0,4.5,50,2.55,25.6,153,0,0
81259,20.8,4.4,10,0.79,21.8,220,1,0
81260,18.2,7.7,80,4.66,29.0,285,2,1
81261,14.8,0.4,100,0.11,20.6,155,0,1
81262,16.0,0.3,20,1.71,22.0,134,1,1
81263,4.3,1.9,80,3.1,27.8,249,0,0
81264,15.2,2.4,50,0.44,20.5,343,0,0
81265,16.1,3.8,20,1.19,16.1,219,0,0
81266,15.0,0.8,40,0.61,31.5,248,1,0
81267,6.1,3.2,40,0.79,30.5,101,0,0
81268,10.8,8.1,40,0.1,20.5,322,0,0
81269,3.7,2.9,40,1.28,23.9,245,0,0
81270,17.8,7.4,40,3.08,28.2,269,0,0
81271,20.7,9.3,25,7.95,23.7,206,1,0
81272,5.5,3.9,80,4.01,17.0,287,0,0
81273,9.5,4.0,80,0.48,18.2,229,0,0
81274,1.1,3.6,50,2.87,26.7,290,0,0
81275,1.4,4.4,20,0.24,19.7,109,0,0
81276,19.5,9.9,40,5.5,22.8,189,0,0
81277,6.6,0.5,20,0.47,21.9,249,1,0
81278,7.9,12.4,150,2.62,22.5,227,0,0
81279,11.0,3.8,50,1.7,29.4,202,1,0
81280,20.7,0.2,25,0.17,23.5,263,1,0
81281,17.7,1.9,25,0.99,22.5,325,0,0
81282,17.6,6.0,40,0.1,22.3,194,0,0
81283,0.7,1.7,40,3.63,21.8,331,0,0
81284,9.4,3.0,80,1.9,24.8,236,1,0
81285,2.7,1.6,20,0.24,14.5,257,0,0
81286,7.9,2.3,100,4.09,23.4,239,0,0
81287,0.7,1.4,40,0.81,20.9,86,0,0
81288,5.3,2.4,25,1.35,25.1,280,0,0
81289,21.2,6.3,40,0.16,23.4,224,2,0
81290,10.7,3.1,80,0.41,20.3,222,0,0
81291,17.0,3.2,40,0.27,20.8,215,0,0
81292,0.8,3.9,25,0.13,22.5,252,0,0
81293,17.0,2.1,40,1.71,20.0,286,0,0
81294,11.4,0.3,150,1.64,23.7,236,1,1
81295,13.7,4.3,20,1.39,23.0,273,1,0
81296,3.3,2.7,100,1.85,23.9,169,0,0
81297,12.1,5.9,25,0.72,18.3,92,0,0
81298,16.0,0.2,100,0.74,24.9,189,1,0
81299,13.3,5.3,10,1.66,17.2,346,0,0
81300,8.2,0.5,25,2.56,26.4,258,0,0
81301,14.8,18.4,150,0.5,20.6,263,0,0
81302,21.4,4.7,25,0.1,24.8,296,0,0
81303,1.0,1.0,25,3.77,21.3,176,0,0
81304,10.2,1.4,25,1.56,23.9,249,0,0
81305,15.0,2.2,25,0.11,24.3,388,0,0
81306,1.5,4.9,25,0.29,21.4,182,0,0
81307,5.5,11.4,50,1.53,31.0,362,0,1
81308,19.1,13.8,25,7.26,19.9,116,0,0
81309,17.0,0.2,50,0.83,21.0,318,0,0
81310,1.6,5.0,25,0.86,24.7,376,0,0
81311,5.5,13.4,20,0.97,19.2,272,1,0
81312,21.5,8.0,40,1.09,20.4,391,0,0
81313,11.6,0.3,150,0.29,23.7,280,0,0
81314,1.8,8.4,80,1.9,28.2,123,0,0
81315,17.3,17.5,200,1.28,19.4,252,2,0
81316,13.7,8.7,40,0.1,22.8,158,1,0
81317,16.2,6.5,50,0.24,26.2,326,0,0
81318,1.8,14.8,25,0.79,21.2,266,0,0
81319,11.1,7.4,50,0.28,16.4,184,0,0
81320,5.9,2.7,200,0.65,21.9,225,0,0
81321,8.5,11.3,50,3.25,23.5,99,0,0
81322,13.0,0.7,100,0.1,22.8,358,0,0
81323,13.0,2.5,40,0.71,18.8,228,0,0
81324,11.9,4.6,40,1.89,30.5,214,0,0
81325,20.6,13.6,50,2.72,23.0,241,0,0
81326,7.3,2.3,100,2.86,21.5,255,0,0
81327,13.6,6.6,50,2.84,21.7,301,0,0
81328,11.0,0.6,25,0.17,21.1,215,0,0
81329,15.4,8.8,40,4.25,22.4,292,1,0
81330,3.6,0.8,50,1.72,16.5,214,0,0
81331,21.4,7.8,50,1.51,21.8,262,0,0
81332,10.0,0.8,80,0.1,21.9,331,0,0
81333,17.0,1.6,150,2.25,18.9,247,0,0
81334,13.5,10.7,50,0.31,24.1,299,0,0
81335,11.3,6.6,25,0.1,26.9,322,1,0
81336,10.7,2.6,40,2.54,23.7,227,0,0
81337,16.6,1.5,100,1.84,17.1,167,0,0
81338,10.6,2.3,80,0.26,19.9,174,0,0
81339,21.5,2.5,20,0.33,24.4,164,0,0
81340,8.6,1.7,150,0.56,22.3,208,0,0
81341,8.4,2.4,50,6.16,18.7,292,1,0
81342,3.7,0.2,40,0.48,20.1,317,0,0
81343,7.8,13.1,40,0.16,24.0,279,0,0
81344,3.6,3.0,200,0.1,25.1,241,1,0
81345,7.0,4.7,25,1.03,20.2,171,0,0
81346,18.9,0.7,80,1.01,19.4,283,1,0
81347,6.5,1.3,25,2.16,24.7,259,0,0
81348,12.1,1.7,10,2.15,25.1,272,0,0
81349,2.5,6.0,200,4.66,18.3,261,0,0
81350,19.8,8.9,80,0.22,14.0,195,0,0
81351,17.8,3.4,200,1.34,19.6,157,0,0
81352,21.3,17.2,200,0.45,22.0,153,1,0
81353,14.2,2.1,50,1.4,16.9,188,0,0
81354,7.4,2.6,50,3.18,22.2,250,0,0
81355,5.6,15.1,40,0.21,24.4,310,0,0
81356,7.6,2.9,80,7.38,28.6,253,0,0
81357,16.6,6.0,200,1.72,19.2,276,0,0
81358,8.0,3.4,100,2.4,19.6,299,1,0
81359,6.1,4.7,25,0.48,24.5,260,0,0
81360,14.6,0.2,150,0.1,22.7,303,0,0
81361,18.8,0.4,25,2.28,21.5,291,0,0
81362,15.4,4.9,80,0.2,21.4,269,0,0
81363,19.4,9.9,20,0.37,14.0,265,0,0
81364,14.4,3.8,100,0.65,15.1,214,1,0
81365,4.7,12.8,20,0.52,24.9,284,0,0
81366,14.3,0.9,40,0.18,20.5,220,0,0
81367,12.1,0.5,25,3.0,17.8,130,0,0
81368,1.9,5.7,20,0.83,16.0,125,0,0
81369,13.5,0.2,50,0.36,19.0,306,1,0
81370,4.1,10.1,80,0.47,23.5,276,0,0
81371,5.7,0.9,25,0.1,24.3,213,0,0
81372,18.2,15.8,50,4.88,15.2,271,0,0
81373,1.8,2.0,40,0.18,19.3,195,0,0
81374,0.5,4.5,50,5.86,24.4,168,0,0
81375,14.5,0.2,50,4.1,24.8,286,1,0
81376,21.0,4.5,10,0.1,20.8,200,0,0
81377,0.7,2.6,20,0.6,18.4,242,0,0
81378,5.1,0.2,50,0.83,22.1,194,0,0
81379,11.7,14.5,10,3.95,17.9,185,0,0
81380,21.8,6.3,25,0.7,22.1,381,0,0
81381,11.3,2.3,25,2.08,26.1,317,0,0
81382,12.6,5.2,100,0.35,25.5,379,0,0
81383,13.5,4.5,10,0.27,18.0,230,0,0
81384,2.7,4.4,25,0.74,20.9,156,2,0
81385,20.4,19.8,40,0.39,27.3,192,0,0
81386,14.5,3.4,40,4.04,25.2,171,0,0
81387,4.7,0.8,200,0.46,17.2,205,1,0
81388,2.8,1.5,25,4.49,23.7,241,0,0
81389,15.1,8.6,40,0.45,20.6,323,0,0
81390,20.1,19.1,40,1.18,19.4,363,0,0
81391,9.6,0.9,200,3.21,27.2,208,1,0
81392,1.0,1.1,25,0.79,27.9,112,1,0
81393,17.6,3.5,50,1.09,16.5,164,1,0
81394,16.1,1.1,100,0.16,25.1,245,0,0
81395,7.0,9.6,80,1.46,29.9,60,1,0
81396,5.9,2.4,25,0.77,25.0,185,0,0
81397,12.8,15.7,25,2.89,15.9,161,0,0
81398,17.2,2.4,40,0.11,23.1,178,1,0
81399,20.8,9.9,50,0.14,21.0,292,0,0
81400,7.1,4.5,25,1.55,16.3,356,1,0
81401,15.7,16.4,25,0.14,21.8,255,0,0
81402,19.0,8.3,100,0.22,18.3,93,0,0
81403,13.8,2.1,100,1.2,22.9,136,1,0
81404,21.1,1.9,80,0.25,23.6,327,0,0
81405,10.7,0.2,50,0.39,18.1,312,0,0
81406,1.1,20.0,25,3.25,23.7,280,0,0
81407,10.0,11.7,20,3.27,19.6,200,0,0
81408,2.5,0.4,200,1.93,20.5,198,2,0
81409,2.1,1.2,80,0.98,26.5,253,0,0
81410,16.4,4.3,150,2.07,14.7,392,0,0
81411,6.2,3.5,150,2.27,22.5,209,1,0
81412,15.9,10.1,40,1.67,17.9,202,0,0
81413,4.1,1.0,200,0.1,19.2,242,0,0
81414,15.1,9.5,25,1.12,23.5,139,0,0
81415,10.0,5.9,80,0.13,22.8,275,0,0
81416,2.6,4.1,25,1.37,18.6,241,0,0
81417,13.8,6.9,50,1.06,17.1,158,1,0
81418,6.4,8.0,40,0.12,21.4,155,0,0
81419,8.9,6.0,40,1.89,27.2,215,1,0
81420,21.8,1.3,25,1.32,19.2,235,0,0
81421,16.0,2.4,40,1.72,24.3,271,1,0
81422,18.2,2.5,20,0.11,21.0,220,0,0
81423,2.8,8.2,100,0.93,20.4,157,0,0
81424,12.7,0.6,100,2.97,22.2,290,0,1
81425,0.7,10.4,20,0.57,20.6,302,0,0
81426,9.6,15.9,40,1.84,22.6,241,0,0
81427,13.3,2.1,25,0.83,16.8,226,1,0
81428,21.6,1.9,100,1.34,17.9,167,0,0
81429,16.6,7.5,20,0.11,23.2,260,0,0
81430,16.4,10.7,40,1.24,23.1,124,0,0
81431,18.3,0.3,50,0.55,19.8,174,0,0
81432,19.3,28.9,20,4.26,23.2,260,0,1
81433,9.5,8.0,25,1.74,25.3,281,0,0
81434,21.8,3.9,80,0.63,16.0,209,0,0
81435,2.4,4.7,100,5.66,22.8,206,1,0
81436,12.2,9.0,150,0.37,20.1,225,0,0
81437,10.9,6.8,200,0.85,20.1,100,0,0
81438,12.5,0.6,25,2.42,29.1,229,0,0
81439,19.7,7.9,150,3.55,21.2,253,0,0
81440,21.0,2.0,50,2.38,25.0,183,1,0
81441,3.4,8.7,100,3.15,21.8,100,1,0
81442,3.0,14.2,40,0.52,19.8,173,0,0
81443,16.8,0.5,25,0.75,18.4,228,0,0
81444,9.0,1.7,25,0.94,23.3,265,1,0
81445,3.0,4.3,50,1.64,21.1,290,0,0
81446,14.6,1.8,20,1.99,27.8,256,0,0
81447,4.6,0.3,100,4.62,21.3,266,0,0
81448,2.7,0.2,200,0.27,18.6,312,0,0
81449,7.7,3.0,25,0.51,24.6,322,0,0
81450,3.8,4.5,200,1.38,21.6,225,0,0
81451,20.6,14.6,20,0.21,22.1,136,0,0
81452,15.8,3.7,50,2.74,22.9,182,2,0
81453,3.9,1.0,25,0.47,15.4,204,0,0
81454,21.2,8.8,40,0.17,28.2,226,1,0
81455,9.1,24.4,40,1.78,25.1,230,1,0
81456,3.6,16.8,50,6.63,21.9,313,0,0
81457,14.2,0.7,50,4.35,24.6,267,0,0
81458,2.1,4.7,150,0.1,19.7,208,0,0
81459,15.6,3.2,100,2.64,24.7,129,0,0
81460,13.9,4.3,200,1.72,22.1,368,0,0
81461,8.7,8.4,25,0.43,17.5,373,0,0
81462,1.2,4.0,50,1.86,19.8,282,0,0
81463,10.5,0.8,80,0.49,20.4,220,0,0
81464,19.6,9.7,80,0.14,18.3,143,0,0
81465,10.3,15.7,200,0.5,27.4,228,0,0
81466,21.0,3.5,40,1.83,26.3,133,0,0
81467,6.8,10.7,40,1.33,18.5,208,0,0
81468,2.7,5.7,50,0.22,18.6,220,0,0
81469,6.1,11.0,40,4.57,20.0,177,1,0
81470,16.7,2.5,80,0.16,20.8,294,0,0
81471,14.7,4.2,25,0.1,14.1,177,1,0
81472,3.8,2.0,150,0.75,21.0,217,0,0
81473,9.0,7.0,40,0.1,26.5,377,1,0
81474,13.1,2.5,20,1.98,22.4,275,0,0
81475,13.0,24.9,40,2.59,17.0,310,0,0
81476,19.6,6.5,150,1.02,16.5,200,0,0
81477,9.7,4.1,80,1.88,28.1,161,2,0
81478,6.5,24.0,80,2.3,24.9,244,0,0
81479,7.8,27.7,80,2.23,23.2,194,2,0
81480,14.9,15.3,25,0.83,28.0,281,0,0
81481,18.6,7.7,25,0.16,22.3,249,1,1
81482,14.1,1.9,100,1.44,26.7,340,0,0
81483,12.4,1.4,150,0.83,27.4,243,0,0
81484,20.9,3.3,25,0.58,23.3,284,0,0
81485,5.5,1.2,40,0.13,24.4,310,0,0
81486,14.9,1.6,150,0.18,22.1,277,0,0
81487,9.1,1.7,40,0.34,21.0,233,0,0
81488,18.3,15.0,40,0.5,20.3,345,1,0
81489,19.1,0.4,25,0.12,21.2,335,1,1
81490,9.0,12.9,80,5.91,21.0,190,0,0
81491,12.5,5.0,50,4.02,21.4,375,0,0
81492,9.4,2.3,25,0.51,21.1,173,0,0
81493,9.3,1.3,40,0.17,21.5,240,0,0
81494,8.5,1.9,80,3.28,26.2,230,1,0
81495,13.3,12.8,40,0.1,15.5,281,0,0
81496,11.5,4.8,100,0.68,20.0,220,0,0
81497,18.0,7.0,80,0.19,24.9,278,1,0
81498,19.6,2.1,50,0.15,26.1,182,0,0
81499,15.2,9.4,25,1.47,21.3,80,0,0
81500,13.4,4.3,150,0.37,19.4,246,1,0
81501,6.3,7.8,80,0.31,14.5,122,0,0
81502,6.8,6.3,150,1.95,15.4,255,0,0
81503,9.0,2.2,50,4.92,21.9,194,0,0
81504,13.9,15.2,50,2.85,26.4,183,0,0
81505,11.3,0.4,25,2.73,18.6,226,0,0
81506,21.0,18.7,50,1.41,22.7,245,0,0
81507,19.7,9.4,80,3.68,22.3,258,0,0
81508,14.8,6.7,20,0.99,22.4,88,1,0
81509,20.2,1.5,80,6.5,25.0,181,1,0
81510,1.3,3.6,80,0.83,23.5,291,0,0
81511,21.3,12.3,40,0.48,31.2,243,2,0
81512,19.1,13.6,20,3.15,16.4,311,0,0
81513,6.7,26.3,25,1.02,21.8,453,0,0
81514,9.2,10.4,40,1.06,19.2,285,0,0
81515,4.0,4.6,100,7.62,24.5,269,1,0
81516,6.3,2.9,100,0.49,21.2,271,1,0
81517,14.8,0.2,200,1.35,20.1,178,0,0
81518,6.5,1.2,20,1.08,23.6,279,0,0
81519,21.4,7.7,80,0.59,24.1,229,0,0
81520,10.0,5.1,200,0.1,22.9,260,0,0
81521,9.2,7.5,80,1.58,23.2,212,0,0
81522,1.8,3.9,50,3.25,17.5,317,0,0
81523,15.9,2.5,40,0.69,20.9,203,0,0
81524,3.8,17.1,50,0.15,14.0,178,0,0
81525,2.9,0.7,25,0.17,22.6,164,0,0
81526,20.7,2.6,150,1.37,18.9,240,0,0
81527,0.8,1.4,200,3.2,16.8,170,0,0
81528,12.6,6.3,50,0.1,20.9,287,0,1
81529,8.0,2.0,200,0.97,18.2,226,0,1
81530,14.8,2.7,25,2.11,21.3,274,1,0
81531,13.5,3.4,200,0.38,23.9,242,0,0
81532,17.8,3.7,80,1.07,23.6,325,0,0
81533,3.2,0.3,40,1.25,24.2,238,0,0
81534,7.2,4.0,80,2.05,24.5,185,1,0
81535,10.0,7.6,80,3.44,21.8,217,0,0
81536,18.0,0.2,25,0.85,22.1,296,1,0
81537,12.1,4.2,25,0.27,23.6,155,0,0
81538,6.0,7.0,25,0.31,24.5,284,0,0
81539,11.2,2.2,20,0.48,21.2,273,1,0
81540,10.7,12.7,200,3.84,26.4,229,2,1
81541,2.1,0.3,80,5.18,23.7,194,0,0
81542,17.3,3.0,40,0.1,17.6,248,0,1
81543,20.6,7.1,100,1.98,17.3,305,0,0
81544,12.0,12.7,25,0.19,19.6,186,1,0
81545,11.9,13.1,40,0.19,20.6,281,0,0
81546,17.4,1.0,50,0.3,22.9,313,0,0
81547,1.8,0.3,10,1.42,28.0,268,0,0
81548,6.9,3.4,80,2.13,14.1,263,0,0
81549,5.6,9.9,80,1.62,20.4,303,0,0
81550,7.0,15.5,40,1.36,27.9,239,0,0
81551,6.8,6.1,25,0.35,15.0,194,1,0
81552,6.1,4.4,50,0.54,25.8,344,0,0
81553,11.4,4.6,100,0.11,22.8,335,0,0
81554,5.0,1.5,200,0.45,19.5,240,0,0
81555,10.5,1.7,10,5.85,27.3,248,1,0
81556,13.6,0.6,25,3.1,21.2,365,0,0
81557,4.0,18.1,40,0.35,24.6,151,0,0
81558,16.0,3.8,100,1.14,21.4,230,0,0
81559,13.6,2.0,80,1.77,20.5,204,0,0
81560,11.7,4.4,150,2.82,18.2,267,0,0
81561,1.7,1.3,100,1.75,19.0,211,0,0
81562,13.9,0.2,50,0.66,24.4,350,0,0
81563,9.9,0.9,80,2.64,22.7,220,0,0
81564,0.6,6.9,25,0.2,21.5,194,0,0
81565,1.0,4.9,40,1.66,20.3,177,0,0
81566,2.9,6.1,20,1.2,22.0,245,0,0
81567,21.3,5.8,80,0.22,23.1,131,0,0
81568,4.9,33.4,50,1.07,20.1,282,1,0
81569,7.4,5.9,150,0.26,23.2,348,1,0
81570,16.5,5.5,40,2.95,23.9,157,1,0
81571,2.7,3.8,50,0.17,21.0,260,0,0
81572,4.2,0.6,50,0.59,21.6,223,0,0
81573,1.1,1.6,20,1.87,24.6,188,1,0
81574,13.9,13.0,20,0.1,18.7,164,1,0
81575,6.2,9.0,50,1.64,24.9,267,0,0
81576,7.5,6.5,25,1.85,26.0,211,0,0
81577,6.9,4.4,25,1.54,17.8,159,0,0
81578,17.8,6.4,20,0.54,27.2,303,1,0
81579,5.7,13.3,80,1.64,23.7,242,0,0
81580,17.1,5.9,50,2.56,20.4,285,1,0
81581,3.6,0.2,150,0.1,22.1,359,1,0
81582,7.0,0.7,50,1.19,27.2,271,1,0
81583,11.7,3.0,25,0.24,26.1,239,0,0
81584,3.6,13.7,20,0.45,18.5,211,0,0
81585,5.4,12.9,100,2.97,19.0,279,2,0
81586,5.6,10.9,50,2.35,18.6,301,0,0
81587,16.0,4.2,50,0.1,30.5,331,0,0
81588,7.0,6.8,80,0.5,31.2,114,0,0
81589,3.2,6.5,25,0.26,19.7,278,1,0
81590,5.2,14.9,200,1.76,25.8,281,0,0
81591,21.6,15.6,20,0.39,23.6,394,1,0
81592,1.5,2.3,50,0.92,24.4,274,0,0
81593,8.5,4.2,25,0.77,26.9,172,1,0
81594,2.8,2.9,40,6.04,22.6,228,0,0
81595,2.7,5.6,200,0.49,16.6,258,0,0
81596,12.2,12.6,80,0.8,21.2,198,0,0
81597,21.8,4.9,20,1.29,24.4,132,0,0
81598,11.0,6.1,20,0.55,22.1,279,0,0
81599,6.6,5.0,20,2.97,25.0,90,1,0
81600,10.4,2.6,50,1.55,22.9,190,1,0
81601,1.1,4.9,50,0.9,17.1,287,0,0
81602,15.5,1.2,50,0.68,23.2,245,0,0
81603,6.0,1.6,40,0.64,23.2,175,0,0
81604,13.3,2.3,80,1.22,22.6,265,0,0
81605,2.5,26.4,200,1.25,20.2,216,0,0
81606,6.8,5.6,80,1.41,17.8,309,0,0
81607,18.9,8.5,50,1.21,26.4,72,1,0
81608,1.7,6.4,150,0.84,25.4,317,0,0
81609,14.6,6.0,25,0.26,21.4,200,0,0
81610,1.9,12.8,25,0.36,17.2,183,0,0
81611,1.3,4.4,100,0.56,25.1,168,0,0
81612,17.2,0.6,80,0.34,19.8,271,0,0
81613,15.7,0.3,50,1.38,17.4,290,0,0
81614,6.6,4.2,100,2.42,25.2,322,0,0
81615,0.8,2.3,50,0.39,20.6,250,0,0
81616,16.0,1.6,100,0.81,27.5,353,1,0
81617,18.9,4.4,80,0.41,24.1,295,0,0
81618,18.2,8.9,100,0.1,18.4,186,0,0
81619,19.6,12.7,80,1.32,20.2,196,0,0
81620,3.6,10.1,80,0.37,21.4,343,0,0
81621,3.4,3.4,200,0.63,27.5,209,0,0
81622,2.2,15.7,50,0.32,20.6,204,0,0
81623,13.3,6.9,40,6.18,26.8,303,0,0
81624,2.3,5.0,200,0.42,22.1,305,0,0
81625,12.9,3.2,40,1.37,21.1,254,0,0
81626,19.2,1.0,80,0.6,14.0,273,1,1
81627,4.0,5.2,80,10.95,21.5,176,0,0
81628,6.4,0.9,150,0.52,19.1,135,0,0
81629,8.7,6.0,25,1.41,26.4,193,0,0
81630,2.1,0.9,10,1.63,31.7,292,0,0
81631,5.1,6.7,40,0.12,26.0,213,1,0
81632,13.7,5.7,40,2.14,25.2,332,1,0
81633,15.5,3.4,25,0.1,23.5,238,0,0
81634,10.1,4.5,40,1.12,21.9,145,0,0
81635,21.3,1.1,50,0.6,24.2,171,0,0
81636,17.8,7.6,150,0.21,18.6,155,1,0
81637,15.4,4.4,80,0.16,21.2,260,0,0
81638,6.7,3.5,100,1.77,20.7,279,0,0
81639,8.4,6.8,40,0.85,18.3,283,0,0
81640,7.4,1.9,40,1.69,24.3,178,1,0
81641,1.5,11.3,150,5.77,24.3,297,0,0
81642,11.7,2.2,80,2.92,19.7,321,0,0
81643,4.3,8.1,80,7.6,20.3,220,1,0
81644,21.4,3.5,50,0.87,24.3,264,0,0
81645,16.3,0.9,100,1.03,20.5,190,0,0
81646,12.6,3.9,25,0.39,20.3,250,1,0
81647,16.9,19.1,50,3.25,23.7,272,1,0
81648,14.4,0.9,50,0.43,25.6,274,0,0
81649,17.4,2.1,100,2.14,25.8,133,0,0
81650,19.8,0.6,25,0.6,20.8,209,0,0
81651,18.7,1.4,100,2.66,22.7,268,0,0
81652,2.4,3.0,150,0.1,20.5,256,2,0
81653,15.6,2.4,50,0.15,21.0,279,1,0
81654,5.9,5.8,100,0.65,27.2,248,2,0
81655,1.7,26.6,80,3.26,22.3,164,0,0
81656,16.7,3.9,25,1.78,19.9,340,1,0
81657,0.8,8.0,25,1.04,19.1,288,0,0
81658,2.4,5.6,80,0.74,22.3,168,0,0
81659,3.4,20.3,100,0.4,23.0,257,1,0
81660,20.2,6.0,25,0.25,19.5,265,1,0
81661,6.6,7.2,10,1.81,20.5,195,0,0
81662,18.8,10.7,100,1.0,24.0,194,2,1
81663,0.7,5.4,25,4.6,18.9,253,0,0
81664,11.7,13.7,100,0.85,18.2,60,0,0
81665,7.0,0.5,40,1.49,24.5,281,0,0
81666,16.5,3.5,50,0.67,18.6,227,0,0
81667,14.6,2.8,100,0.88,18.9,258,0,0
81668,12.3,1.0,100,0.46,24.1,368,0,0
81669,15.2,2.3,80,1.31,27.8,254,0,0
81670,21.8,0.7,80,0.78,14.0,200,0,0
81671,3.7,2.3,40,0.91,25.6,136,1,0
81672,15.3,0.4,25,7.04,23.0,272,0,0
81673,7.6,4.8,50,0.18,20.0,165,0,0
81674,21.5,12.7,25,0.56,17.0,183,0,0
81675,7.2,6.5,50,1.62,19.6,306,0,0
81676,3.1,8.5,50,0.25,21.5,252,0,0
81677,17.2,3.4,80,0.1,25.2,171,0,0
81678,3.1,1.0,20,2.66,18.4,231,0,0
81679,16.1,1.4,80,0.25,20.9,252,0,0
81680,19.4,6.0,25,0.64,21.7,233,0,0
81681,16.5,0.4,200,0.8,24.9,201,0,0
81682,3.3,29.4,50,0.26,15.4,247,0,0
81683,1.3,2.6,80,0.42,22.2,279,0,0
81684,20.9,7.8,50,1.09,22.6,249,0,0
81685,1.3,21.8,100,0.42,27.0,272,0,0
81686,3.5,6.7,80,0.57,22.1,282,1,0
81687,1.1,7.5,40,1.19,18.1,171,0,0
81688,10.5,1.1,100,0.34,19.1,251,0,0
81689,20.4,5.8,25,0.36,17.9,175,0,0
81690,16.5,7.1,100,1.1,17.3,303,0,0
81691,13.0,22.7,25,2.39,18.3,311,0,0
81692,8.5,7.9,25,2.43,14.0,239,0,0
81693,19.1,9.0,10,1.37,24.2,232,0,0
81694,0.6,4.3,40,0.64,19.8,282,0,0
81695,10.6,5.2,25,1.62,24.2,259,0,0
81696,7.4,13.8,100,0.23,23.9,287,0,0
81697,16.2,1.2,25,0.5,20.9,129,0,0
81698,18.6,5.2,80,3.58,19.0,272,1,1
81699,16.3,5.6,50,0.18,25.2,186,0,0
81700,19.5,2.2,25,0.73,16.8,256,1,0
81701,14.7,2.8,150,1.1,20.2,287,1,0
81702,13.9,0.7,40,2.01,20.4,272,1,1
81703,12.9,2.5,200,2.32,20.8,117,0,0
81704,5.8,1.0,50,0.32,18.3,203,0,0
81705,13.7,7.8,50,0.1,19.8,276,0,0
81706,21.3,9.1,100,2.92,23.5,210,0,0
81707,9.0,3.2,50,0.91,25.3,200,0,0
81708,17.6,7.4,80,0.59,20.9,335,0,0
81709,15.2,6.7,100,1.02,21.2,187,0,0
81710,9.2,1.8,20,4.65,24.3,314,0,0
81711,21.1,0.8,100,0.42,23.1,139,0,1
81712,15.7,5.3,40,0.61,26.5,237,1,0
81713,1.2,25.9,50,1.31,23.6,203,0,0
81714,16.0,0.6,50,0.2,23.3,324,1,0
81715,2.9,2.0,50,0.39,22.7,250,0,0
81716,11.9,0.2,100,2.41,22.5,277,0,0
81717,20.1,7.4,150,0.27,25.0,146,0,0
81718,15.0,1.1,25,4.37,22.9,335,1,0
81719,11.9,0.3,40,1.33,25.0,246,1,0
81720,8.1,17.1,25,0.99,28.4,309,0,0
81721,15.0,3.5,100,0.42,20.3,157,0,0
81722,16.6,3.1,200,1.19,20.7,337,0,0
81723,12.0,0.4,50,0.18,21.7,227,0,0
81724,12.6,7.5,150,2.01,23.3,238,0,0
81725,10.9,1.2,100,5.68,26.9,356,0,0
81726,3.3,11.9,20,0.11,27.1,289,1,0
81727,16.7,10.6,20,2.06,21.3,218,0,1
81728,6.6,18.4,100,1.03,21.2,148,0,0
81729,12.5,0.3,20,1.13,25.8,296,0,0
81730,17.3,8.7,100,3.11,15.0,143,1,0
81731,9.9,1.7,80,3.08,20.3,238,0,0
81732,1.9,9.4,150,0.7,20.4,87,0,0
81733,9.1,4.9,20,0.44,15.2,147,0,0
81734,12.9,2.6,25,1.64,27.1,320,0,0
81735,22.0,2.4,20,1.0,19.9,351,1,0
81736,9.2,2.1,40,0.94,26.1,376,0,0
81737,21.1,10.1,100,3.58,21.7,274,0,0
81738,11.5,3.0,25,5.76,22.2,222,0,0
81739,18.1,2.8,40,2.21,19.6,178,0,0
81740,2.4,3.2,100,3.14,18.5,193,0,0
81741,4.3,24.4,150,1.22,21.3,236,0,0
81742,10.2,20.2,200,0.42,22.3,126,2,0
81743,6.2,0.2,100,0.1,24.9,274,1,0
81744,17.6,18.7,25,4.69,20.1,301,1,0
81745,17.5,5.9,25,0.38,23.9,110,0,0
81746,4.2,4.3,50,0.87,19.2,282,0,0
81747,19.7,1.5,25,1.88,17.8,203,0,0
81748,5.0,2.6,100,2.26,22.7,252,0,0
81749,5.5,2.8,25,1.01,28.1,329,0,0
81750,11.7,4.3,10,2.08,24.4,331,0,0
81751,8.8,17.0,80,0.21,19.0,289,0,0
81752,17.4,1.2,200,1.12,21.9,266,0,0
81753,20.2,8.2,25,1.18,23.6,112,0,0
81754,12.5,2.0,40,1.64,19.5,248,0,0
81755,15.7,6.9,80,0.5,22.8,193,0,0
81756,12.8,2.3,40,0.21,15.9,196,0,0
81757,11.2,2.9,40,6.15,14.0,281,0,0
81758,14.9,2.3,10,2.03,19.3,259,1,0
81759,14.7,3.0,25,0.11,22.8,173,0,0
81760,7.3,4.0,20,0.49,27.1,271,0,0
81761,5.5,2.2,25,0.67,15.3,168,1,0
81762,19.0,5.8,100,0.51,23.9,385,1,0
81763,16.7,10.6,50,0.35,20.6,294,0,0
81764,10.5,4.5,20,3.81,21.9,224,0,0
81765,10.6,6.5,40,1.38,20.3,145,0,0
81766,18.6,0.2,40,0.71,17.5,160,0,0
81767,7.5,0.7,80,0.34,18.6,231,1,0
81768,14.5,3.2,20,1.98,20.0,208,0,0
81769,12.4,1.7,200,1.92,20.3,278,2,1
81770,14.8,4.2,80,6.93,25.5,60,0,0
81771,13.8,7.1,40,0.55,21.2,186,0,0
81772,9.4,8.5,40,1.01,24.9,443,0,0
81773,15.3,4.8,50,0.83,26.7,394,0,0
81774,5.2,10.4,50,2.4,16.1,285,0,0
81775,19.8,1.0,150,0.85,20.0,315,0,0
81776,19.1,11.9,150,0.83,19.7,263,0,0
81777,7.3,5.0,150,4.96,20.5,60,1,0
81778,17.9,1.6,10,2.84,20.6,306,1,0
81779,20.6,1.9,150,0.77,20.6,371,2,1
81780,11.8,9.6,25,0.63,27.2,239,0,0
81781,4.1,6.6,20,0.56,23.8,176,0,0
81782,19.1,2.4,80,0.34,23.6,266,0,0
81783,1.6,11.7,50,0.53,28.5,256,0,0
81784,10.1,4.2,150,0.59,14.2,329,0,1
81785,2.5,4.3,50,0.5,23.2,272,2,0
81786,13.1,4.7,10,1.32,18.8,242,0,1
81787,20.6,17.7,25,3.96,20.4,368,1,0
81788,11.3,5.7,80,3.24,21.6,310,1,0
81789,11.1,4.2,50,0.28,18.1,211,1,0
81790,5.7,1.9,20,0.92,17.9,152,0,0
81791,11.1,1.9,100,1.52,22.6,258,0,0
81792,13.8,7.5,80,0.69,24.4,320,0,1
81793,11.1,1.7,150,4.8,17.8,232,0,0
81794,11.0,1.5,50,3.18,16.3,287,1,0
81795,9.2,7.1,40,0.98,15.9,172,0,0
81796,15.4,7.7,25,0.83,23.3,242,1,0
81797,7.9,0.5,80,1.99,20.9,266,0,0
81798,6.9,16.5,150,0.16,23.5,213,0,0
81799,3.6,5.3,20,0.11,29.4,240,0,0
81800,4.6,2.8,25,2.89,16.6,200,0,0
81801,10.4,3.5,40,0.1,25.5,285,0,0
81802,14.5,4.3,50,3.27,24.5,183,0,0
81803,18.6,10.6,25,1.42,23.7,103,0,0
81804,10.2,12.7,20,0.16,21.8,256,0,0
81805,2.9,4.2,25,0.1,18.9,154,0,0
81806,10.6,9.5,25,0.22,19.9,183,0,0
81807,6.4,3.9,25,0.49,15.6,219,1,0
81808,1.2,17.0,10,2.95,19.2,106,0,0
81809,14.9,2.0,50,3.84,20.7,143,0,0
81810,7.5,5.9,100,1.09,19.5,296,0,0
81811,9.9,4.5,10,3.93,25.0,196,0,0
81812,16.2,19.0,25,0.35,23.4,394,0,0
81813,12.6,19.5,50,0.1,25.1,278,0,0
81814,16.2,1.0,150,0.61,23.1,315,0,0
81815,13.3,2.9,150,0.74,14.9,264,0,0
81816,17.3,2.6,10,0.22,21.4,189,0,0
81817,3.8,2.3,40,0.26,20.5,248,0,0
81818,10.9,1.1,20,2.45,14.9,213,1,1
81819,20.4,6.9,50,1.37,20.8,368,0,0
81820,10.2,1.5,10,4.62,20.0,166,0,1
81821,10.4,0.3,50,3.95,27.5,235,0,0
81822,18.7,8.3,100,2.89,26.9,233,0,0
81823,9.5,1.0,150,3.07,19.3,302,0,0
81824,11.6,2.9,20,0.17,15.1,301,0,0
81825,11.3,1.1,150,3.72,22.7,320,0,0
81826,3.8,5.7,100,3.84,24.1,229,0,0
81827,7.8,3.2,20,0.1,20.3,428,0,0
81828,16.7,1.1,20,0.72,23.6,400,0,0
81829,4.9,0.5,100,0.11,18.0,153,0,0
81830,10.5,1.6,40,3.11,26.5,120,0,0
81831,16.8,4.5,40,0.31,18.1,231,0,0
81832,20.5,4.8,50,4.81,17.6,272,0,0
81833,21.1,1.5,80,0.72,18.6,303,0,0
81834,12.2,3.7,40,2.05,21.5,330,0,0
81835,17.6,3.9,200,0.67,16.7,238,0,0
81836,4.4,16.1,100,1.49,22.0,250,0,0
81837,5.9,0.5,20,1.53,21.1,128,0,0
81838,21.9,22.1,40,0.93,24.9,187,0,0
81839,21.7,2.3,10,1.21,22.0,263,0,0
81840,6.8,0.2,25,2.21,21.8,242,0,0
81841,20.7,0.2,20,0.67,17.0,165,0,0
81842,14.8,3.8,20,1.43,27.3,236,1,0
81843,16.7,9.5,40,0.67,15.7,276,0,0
81844,11.6,0.4,25,0.21,21.2,181,0,0
81845,7.8,14.6,25,0.35,24.1,257,0,0
81846,10.7,9.2,25,0.29,23.0,220,0,0
81847,19.4,0.4,100,0.93,22.8,338,0,0
81848,1.8,4.6,20,0.5,24.7,312,1,0
81849,5.2,13.5,25,0.65,26.2,60,0,0
81850,11.8,4.2,150,4.5,23.5,302,0,0
81851,1.2,16.5,40,1.24,23.2,216,0,0
81852,11.3,15.5,20,0.63,22.4,186,0,0
81853,5.6,10.5,200,5.44,17.8,216,0,0
81854,0.5,1.6,25,0.1,25.9,243,0,0
81855,13.8,12.2,40,0.26,17.7,255,0,0
81856,15.4,2.0,10,0.85,23.9,235,0,0
81857,21.0,3.5,20,0.3,18.7,177,0,0
81858,5.5,10.2,20,0.84,22.2,244,0,0
81859,15.2,5.0,100,5.21,20.5,270,1,0
81860,12.3,11.5,50,3.46,18.7,266,0,0
81861,16.5,2.7,50,0.96,21.2,307,2,0
81862,13.9,3.5,150,7.99,19.8,318,2,0
81863,18.8,6.5,80,2.62,24.1,440,0,0
81864,12.1,3.5,80,0.71,23.1,222,0,0
81865,0.9,9.2,80,2.13,25.3,396,0,0
81866,10.6,4.0,25,0.36,15.9,356,0,0
81867,14.4,0.9,40,1.22,17.9,184,0,0
81868,12.3,4.5,100,2.11,19.3,208,0,0
81869,6.7,6.5,20,0.1,24.5,164,1,0
81870,20.4,0.4,25,0.34,19.3,168,0,1
81871,20.2,4.5,25,1.16,21.2,230,0,0
81872,16.9,2.0,25,1.78,16.2,119,2,0
81873,21.3,3.9,40,2.67,22.0,94,0,1
81874,18.7,2.5,20,4.1,24.0,262,0,0
81875,19.3,4.9,100,5.99,29.6,190,1,0
81876,4.7,2.8,50,0.7,23.2,350,0,0
81877,3.0,2.0,50,1.17,27.0,162,1,0
81878,19.1,20.0,40,0.65,19.8,226,0,0
81879,21.7,4.3,100,3.62,18.2,123,1,0
81880,21.2,4.7,20,2.32,24.4,276,0,0
81881,6.7,13.2,25,0.57,23.1,142,0,0
81882,10.4,10.8,20,0.89,26.0,283,0,0
81883,3.7,0.2,25,0.47,21.9,201,0,0
81884,5.2,0.6,50,1.1,25.0,356,1,0
81885,1.2,3.7,80,3.49,24.1,278,0,0
81886,19.8,2.7,25,1.84,22.2,346,0,0
81887,3.3,3.6,100,1.87,21.8,164,1,0
81888,4.2,0.7,50,0.51,23.3,305,0,0
81889,15.2,11.2,80,0.44,16.2,191,0,0
81890,6.0,0.5,20,1.92,25.5,315,1,0
81891,19.3,3.6,80,1.74,26.5,386,2,1
81892,11.0,0.5,25,2.24,20.2,251,0,0
81893,2.7,8.2,20,2.44,24.4,258,0,0
81894,17.6,8.7,25,1.82,15.9,231,0,0
81895,21.5,8.8,100,1.65,19.9,135,0,0
81896,14.6,9.9,50,0.1,18.0,149,1,0
81897,16.4,10.3,40,0.68,16.0,229,1,0
81898,14.1,0.2,40,2.18,19.6,140,0,0
81899,1.2,3.4,50,0.1,25.1,307,0,0
81900,3.0,5.4,100,2.06,23.8,313,0,0
81901,3.3,2.8,50,3.59,23.3,351,0,0
81902,18.0,7.3,25,1.86,21.9,222,0,0
81903,7.6,0.2,80,1.8,18.8,248,0,0
81904,4.1,19.1,150,0.1,23.6,354,1,0
81905,3.0,5.3,10,4.16,28.2,195,1,0
81906,20.9,13.7,50,0.93,19.4,228,0,0
81907,17.4,10.4,25,0.27,27.9,204,2,0
81908,21.3,4.4,200,1.66,20.3,183,0,0
81909,10.3,10.1,25,6.06,21.6,213,0,0
81910,19.5,6.4,50,1.5,20.9,207,0,0
81911,21.5,0.6,40,0.59,21.5,222,0,0
81912,13.3,2.1,40,0.46,23.5,294,0,0
81913,16.8,0.9,150,2.41,17.0,195,0,0
81914,12.5,16.8,20,0.88,20.2,246,0,0
81915,4.2,0.9,10,1.9,25.5,355,0,0
81916,16.1,0.2,80,0.86,18.7,344,1,0
81917,9.0,4.9,25,1.13,26.0,161,0,0
81918,17.0,13.8,25,0.57,18.9,173,0,0
81919,17.8,9.7,50,0.12,20.6,237,0,0
81920,10.9,23.2,150,1.83,21.0,204,0,0
81921,21.6,4.1,100,1.27,23.6,211,0,1
81922,18.4,3.6,80,0.63,25.4,277,0,0
81923,16.2,2.8,25,1.31,23.3,330,0,0
81924,8.6,2.2,80,0.42,23.3,121,1,0
81925,15.5,2.5,200,2.52,18.4,237,0,0
81926,13.6,7.4,80,2.97,23.3,295,1,0
81927,12.7,2.7,40,1.36,32.4,179,0,0
81928,1.9,11.1,100,0.96,23.5,239,0,0
81929,17.5,0.7,50,1.38,26.2,218,0,0
81930,3.5,17.4,40,1.24,22.8,152,0,0
81931,6.5,12.5,25,0.39,23.5,60,0,0
81932,5.5,3.6,50,2.4,17.9,240,0,0
81933,9.7,0.7,80,0.86,22.0,210,0,0
81934,21.1,21.0,50,0.23,17.7,206,0,0
81935,14.3,4.1,100,3.21,17.1,149,0,0
81936,3.0,3.9,40,3.33,20.9,297,0,0
81937,7.9,7.7,20,0.94,22.4,201,0,0
81938,10.5,3.2,50,2.23,26.4,179,0,0
81939,19.4,24.6,10,2.14,23.0,246,0,0
81940,15.4,17.5,100,0.44,21.4,288,0,0
81941,7.7,0.8,150,0.48,28.4,252,0,0
81942,13.9,24.8,40,1.44,24.3,299,0,0
81943,4.6,17.1,200,1.55,16.2,250,1,0
81944,14.6,0.5,20,0.2,21.1,392,1,0
81945,21.1,2.0,25,0.79,21.9,310,0,0
81946,17.8,3.3,20,1.41,19.1,241,0,0
81947,15.7,3.7,40,0.7,21.1,186,0,0
81948,10.9,0.3,40,0.99,20.0,148,0,0
81949,10.8,12.7,50,0.96,20.0,247,0,0
81950,15.9,0.7,25,4.95,25.2,210,1,0
81951,15.4,7.9,20,0.71,19.2,300,0,0
81952,19.4,13.9,25,2.14,23.6,189,0,0
81953,15.2,28.9,200,1.07,26.3,254,0,0
81954,2.8,0.9,40,3.6,22.7,234,0,0
81955,14.0,16.3,10,1.16,19.8,244,0,0
81956,3.7,13.3,40,3.16,17.0,247,1,0
81957,20.3,1.6,20,0.13,29.6,296,0,0
81958,8.7,6.5,40,0.1,25.1,253,0,0
81959,20.0,0.7,100,0.58,21.1,212,1,1
81960,13.1,1.5,50,0.1,21.9,147,0,0
81961,1.5,0.9,50,3.56,16.1,292,0,0
81962,8.2,4.1,40,2.51,16.9,201,0,0
81963,1.2,2.5,200,0.82,20.5,221,0,0
81964,8.1,6.0,150,3.79,21.0,209,1,0
81965,5.9,4.2,150,0.1,25.8,164,1,0
81966,6.3,15.8,25,0.65,19.3,177,0,0
81967,21.8,2.5,150,0.63,21.7,231,0,0
81968,1.5,2.5,80,2.51,18.2,211,0,0
81969,7.0,6.5,25,0.22,22.3,170,0,0
81970,16.2,4.1,40,3.26,23.7,278,0,0
81971,18.2,3.0,40,0.1,24.1,307,0,0
81972,3.8,5.6,80,1.26,26.7,263,0,0
81973,21.6,8.7,150,0.15,15.8,250,1,0
81974,18.8,2.1,80,0.66,19.0,65,0,0
81975,7.0,5.4,25,0.64,22.1,203,0,0
81976,1.1,10.4,50,2.11,24.1,296,1,0
81977,2.0,1.0,20,0.1,25.9,233,0,0
81978,3.0,18.1,50,0.45,25.5,261,0,0
81979,19.9,25.1,80,2.46,17.9,298,0,0
81980,2.5,2.4,150,5.7,22.8,313,0,0
81981,12.6,3.4,40,1.78,16.0,277,0,0
81982,21.7,1.8,100,1.71,21.5,335,1,1
81983,14.1,5.7,40,0.14,25.2,197,0,0
81984,13.3,4.3,40,1.45,23.3,246,0,0
81985,5.5,3.6,25,3.16,24.2,225,0,0
81986,1.1,2.8,10,0.4,26.9,147,3,0
81987,21.6,1.6,25,0.54,28.6,217,0,0
81988,15.4,1.6,25,1.66,17.8,235,0,0
81989,13.1,6.0,80,0.54,26.1,256,0,0
81990,9.2,1.0,25,1.4,25.8,296,1,0
81991,10.9,5.0,50,1.96,20.7,163,0,0
81992,21.1,1.4,50,0.46,23.4,405,0,0
81993,11.9,4.0,10,2.28,23.5,155,0,0
81994,1.6,11.5,10,0.16,19.4,245,1,0
81995,10.0,2.0,50,2.88,21.5,210,0,0
81996,8.9,1.1,25,3.74,23.0,135,0,0
81997,7.5,3.1,20,2.38,21.3,284,2,0
81998,4.7,3.3,200,1.75,24.1,249,0,0
81999,13.1,21.3,200,0.58,24.4,305,0,0
82000,6.2,1.0,25,1.96,23.5,111,1,0
82001,1.7,10.8,50,1.26,20.4,133,0,0
82002,4.0,10.4,10,0.88,21.7,214,1,0
82003,10.1,8.5,200,1.27,19.7,322,0,0
82004,6.8,11.4,40,1.55,24.8,259,0,0
82005,12.5,0.9,25,2.59,24.2,199,0,0
82006,3.2,3.9,50,0.22,22.9,257,0,0
82007,6.4,4.9,100,1.93,16.1,300,0,0
82008,10.2,0.8,100,1.58,19.1,257,0,0
82009,4.1,0.5,25,0.62,21.7,232,1,0
82010,16.1,29.3,20,1.25,21.7,208,1,0
82011,18.3,5.5,80,4.46,15.2,216,0,0
82012,0.9,15.9,40,0.1,20.8,216,0,0
82013,7.2,4.7,25,1.8,18.5,309,0,0
82014,1.1,12.6,10,0.25,26.4,137,0,0
82015,10.7,4.5,100,2.94,23.1,254,0,0
82016,18.9,0.9,50,2.71,20.1,273,0,0
82017,8.5,5.8,40,2.23,23.4,231,0,0
82018,7.9,1.6,80,0.88,23.4,304,1,0
82019,9.8,2.1,100,0.65,23.3,247,0,0
82020,11.7,3.0,200,0.83,25.2,275,0,0
82021,6.7,5.6,100,0.31,24.2,223,0,0
82022,9.7,5.0,50,0.42,25.9,368,0,0
82023,6.5,10.9,80,0.1,18.6,150,0,0
82024,2.0,3.2,40,1.22,21.2,153,0,0
82025,2.1,4.5,80,1.3,24.0,123,0,0
82026,10.4,1.4,80,0.1,19.6,357,0,0
82027,10.7,4.3,25,1.59,25.5,304,1,0
82028,11.7,4.1,25,6.38,22.6,314,0,0
82029,13.8,3.6,25,0.15,22.8,100,0,0
82030,12.2,6.8,150,1.29,23.2,329,0,0
82031,15.6,1.6,50,0.51,14.0,245,0,0
82032,9.3,0.2,100,0.53,15.1,209,0,0
82033,21.7,8.3,100,0.17,22.9,255,0,0
82034,16.8,3.9,50,0.47,20.1,287,0,0
82035,4.6,0.9,80,1.49,18.0,60,0,0
82036,13.4,2.7,25,0.72,22.3,274,0,0
82037,17.6,1.6,50,2.37,17.7,300,0,0
82038,6.1,0.2,80,3.18,28.3,170,0,0
82039,9.5,4.8,25,0.14,23.1,347,0,0
82040,3.5,14.2,80,0.1,15.5,231,0,0
82041,5.3,4.8,40,0.75,23.4,161,0,0
82042,12.7,0.5,40,2.89,18.9,313,0,0
82043,15.5,0.7,50,0.52,22.0,354,0,0
82044,12.4,4.0,40,0.65,24.5,213,1,0
82045,0.7,1.0,100,2.84,26.9,252,0,0
82046,12.7,4.4,100,0.91,14.0,397,0,0
82047,10.1,6.7,50,2.57,21.9,198,1,0
82048,10.8,1.9,40,1.2,27.2,153,0,0
82049,1.4,2.5,50,1.99,19.7,152,0,0
82050,8.6,3.3,50,1.12,19.2,64,0,1
82051,1.9,7.4,200,1.05,24.6,112,0,0
82052,9.9,0.4,50,1.92,15.5,262,0,0
82053,1.0,4.5,100,0.25,20.6,348,0,0
82054,18.9,4.7,50,2.65,16.7,328,0,1
82055,2.7,2.4,25,6.07,22.6,254,0,0
82056,16.7,1.0,100,0.15,19.6,261,3,0
82057,11.9,0.2,200,0.53,23.6,343,0,0
82058,16.0,1.3,80,4.4,19.6,115,1,1
82059,17.4,13.3,20,1.16,24.9,233,0,0
82060,8.1,2.8,25,2.9,22.7,172,2,0
82061,4.6,3.7,200,0.14,27.3,223,1,1
82062,1.1,12.3,80,1.63,26.1,88,0,0
82063,20.8,9.3,50,1.3,23.6,307,0,0
82064,7.4,16.4,50,0.5,27.5,287,0,0
82065,20.6,9.6,100,0.41,15.6,351,0,0
82066,14.4,8.1,40,1.01,24.4,222,0,0
82067,3.3,13.2,40,1.96,25.2,276,0,0
82068,9.0,9.1,40,0.65,26.7,308,0,0
82069,17.9,5.7,50,2.62,22.5,119,0,0
82070,9.7,4.4,50,0.98,21.7,239,1,0
82071,10.6,2.3,100,0.78,20.4,273,0,0
82072,19.1,3.5,80,0.1,25.0,124,0,0
82073,10.0,7.7,20,0.15,23.2,262,0,0
82074,4.0,0.8,80,0.66,17.4,244,0,0
82075,4.8,0.4,20,0.2,21.0,293,0,0
82076,12.1,7.9,50,1.98,24.0,312,0,0
82077,4.0,10.5,20,0.96,23.1,206,0,0
82078,13.0,8.3,25,3.96,25.6,223,0,0
82079,6.1,0.6,100,2.71,22.8,166,0,0
82080,0.5,9.2,20,1.97,23.2,262,1,0
82081,16.2,19.8,40,2.63,20.2,172,0,0
82082,18.0,3.9,80,1.5,25.6,219,0,0
82083,21.0,1.3,80,0.55,22.1,352,0,0
82084,8.2,6.1,25,0.42,23.3,210,0,0
82085,3.3,6.2,25,1.16,25.8,229,0,0
82086,9.4,0.8,25,0.8,18.4,222,1,1
82087,17.7,20.6,200,1.03,26.3,217,0,0
82088,20.9,2.7,50,2.38,20.5,184,1,0
82089,3.5,2.0,200,1.57,17.3,60,0,0
82090,8.3,4.6,20,0.28,27.7,172,1,0
82091,9.5,2.2,50,0.32,18.4,88,0,0
82092,15.8,5.3,40,1.45,26.4,323,0,0
82093,19.2,0.2,80,0.1,24.1,135,1,0
82094,12.3,4.6,80,1.66,16.1,164,0,0
82095,10.7,11.0,25,1.07,22.1,221,0,0
82096,6.8,5.8,20,0.35,19.6,394,0,0
82097,2.7,2.4,25,0.92,23.3,233,0,0
82098,5.3,12.2,40,1.78,22.0,233,0,0
82099,17.7,8.6,25,6.72,24.1,82,1,0
82100,17.8,10.8,20,0.4,27.4,402,0,0
82101,7.9,6.0,40,0.1,19.8,314,0,0
82102,3.1,3.9,50,0.54,22.4,244,0,0
82103,19.4,1.4,40,0.22,14.5,316,0,0
82104,6.9,1.3,20,0.34,18.7,92,1,0
82105,20.9,13.6,25,2.78,21.7,321,0,0
82106,8.0,6.1,50,2.88,18.2,133,1,0
82107,19.6,8.2,20,0.44,27.3,205,0,0
82108,3.7,0.6,50,2.65,27.3,319,0,0
82109,10.4,6.8,50,2.35,21.2,432,0,0
82110,13.5,35.0,50,1.87,24.6,260,0,0
82111,9.3,16.3,25,5.38,25.5,395,0,0
82112,14.7,0.6,40,1.74,23.7,297,0,0
82113,20.7,7.5,20,4.95,24.6,202,0,1
82114,10.6,0.7,25,0.44,22.2,263,0,0
82115,13.0,8.8,150,0.47,19.7,375,0,0
82116,4.6,2.5,40,2.16,23.3,127,0,0
82117,9.3,9.7,10,0.33,22.0,234,0,0
82118,7.9,3.5,20,2.16,21.2,363,0,0
82119,19.2,2.4,40,2.07,24.3,217,0,0
82120,2.2,12.5,25,0.28,23.8,240,0,0
82121,4.5,1.3,150,0.51,19.0,167,0,0
82122,19.7,6.7,50,0.99,17.8,303,0,0
82123,15.1,0.7,200,0.5,18.1,242,0,0
82124,11.3,2.7,40,0.1,26.1,379,0,0
82125,21.1,6.5,150,1.11,22.0,145,0,0
82126,16.4,1.4,150,0.69,19.2,184,0,0
82127,16.8,8.8,80,0.2,24.5,352,0,0
82128,6.1,2.9,80,1.73,24.0,328,0,0
82129,4.8,5.7,20,1.98,20.9,162,0,0
82130,14.3,5.6,80,1.38,20.1,417,0,0
82131,13.8,2.8,80,0.1,22.8,315,0,0
82132,12.9,6.8,50,0.12,18.0,276,1,0
82133,12.9,17.6,100,0.57,20.2,193,2,0
82134,2.1,9.2,80,0.3,21.1,304,0,0
82135,6.7,0.2,10,0.34,14.0,337,1,0
82136,3.6,1.4,50,0.33,23.2,204,1,0
82137,3.5,7.9,50,0.42,22.0,73,0,0
82138,21.1,0.7,150,0.41,19.1,394,0,0
82139,11.2,6.6,40,0.88,19.3,337,0,0
82140,7.8,4.2,80,3.79,24.3,253,0,0
82141,13.7,0.9,50,0.16,22.8,152,0,0
82142,9.6,0.2,80,3.45,19.0,306,0,0
82143,3.1,21.9,50,3.82,23.4,226,0,0
82144,1.4,5.0,50,1.6,28.4,161,0,0
82145,19.6,2.7,50,0.1,21.4,122,0,1
82146,4.6,0.9,50,0.93,20.0,304,1,1
82147,16.0,0.9,25,0.16,26.1,327,1,0
82148,17.1,9.6,20,1.57,21.9,370,1,1
82149,5.3,7.5,25,0.5,20.4,256,1,0
82150,9.5,9.8,10,2.71,28.9,251,1,0
82151,16.2,1.0,200,0.35,24.3,276,1,0
82152,20.3,0.9,20,0.22,20.5,256,1,1
82153,7.2,11.2,100,6.78,23.5,199,0,0
82154,6.1,16.3,25,0.33,22.5,162,0,0
82155,16.7,1.1,80,0.25,23.2,237,1,0
82156,19.1,3.5,25,2.17,22.1,354,0,0
82157,19.9,1.8,100,5.82,27.3,290,0,0
82158,3.2,4.4,40,0.1,19.8,191,0,0
82159,13.2,3.4,80,2.48,16.4,234,0,0
82160,4.1,0.7,50,0.55,21.1,217,0,0
82161,2.7,7.1,50,1.26,15.6,282,1,0
82162,21.3,8.1,50,0.35,24.8,258,1,0
82163,2.7,13.5,20,2.2,23.3,288,0,0
82164,11.8,2.4,20,1.09,14.0,260,0,0
82165,15.7,2.5,100,0.71,17.4,182,0,0
82166,0.7,1.6,80,0.87,25.3,314,0,0
82167,7.3,4.8,10,2.24,20.9,372,0,0
82168,12.3,4.8,200,1.01,22.6,208,0,0
82169,3.3,1.4,20,1.37,20.3,176,0,0
82170,12.0,11.2,40,0.92,21.2,272,1,0
82171,6.0,1.9,50,5.49,24.9,343,0,0
82172,10.5,17.6,20,1.06,24.6,260,0,0
82173,6.2,10.6,25,1.85,20.3,283,0,0
82174,18.6,8.4,40,4.78,18.0,126,0,0
82175,15.9,1.5,150,1.72,18.1,201,0,0
82176,20.8,2.5,80,2.97,21.2,292,0,0
82177,21.7,8.8,100,1.48,22.3,175,0,1
82178,18.0,7.8,20,1.32,25.6,233,1,0
82179,3.2,2.4,80,0.48,22.5,234,0,0
82180,15.8,0.3,100,2.85,22.4,184,1,0
82181,10.2,0.2,80,1.64,22.1,279,0,0
82182,15.1,1.7,25,3.12,20.2,293,0,0
82183,13.0,3.9,10,1.62,18.7,333,0,0
82184,18.2,2.4,50,2.43,21.6,298,0,0
82185,16.4,4.7,40,1.6,23.1,196,0,0
82186,14.0,8.5,25,0.4,21.7,279,0,0
82187,21.7,7.5,80,2.16,18.3,251,0,0
82188,1.7,0.5,50,1.34,18.6,306,0,0
82189,21.5,3.6,40,0.48,17.8,343,0,0
82190,21.7,2.9,25,2.89,28.1,161,0,0
82191,19.2,3.3,40,1.69,22.7,247,1,0
82192,4.3,0.4,40,1.44,22.0,297,0,0
82193,4.2,18.0,100,0.32,22.0,241,0,0
82194,5.4,1.8,40,0.17,25.7,307,0,0
82195,15.2,8.3,100,6.01,29.9,113,1,0
82196,17.3,1.4,50,3.83,20.0,205,1,1
82197,3.3,3.0,80,0.1,25.3,313,0,0
82198,16.4,1.4,80,0.12,21.3,174,0,0
82199,19.1,4.9,10,2.69,22.5,252,0,0
82200,16.1,1.0,20,2.17,21.2,164,0,1
