household_id,avg_weekly_spend,visits_per_month,has_kids_at_home,distance_to_store_km,loyalty_years,last_coupon_used,responded
60001,10.0,6.5,1,5.1,5.5,1,0
60002,44.41,8.2,0,7.8,0.3,0,0
60003,96.65,4.4,1,5.7,0.9,0,0
60004,36.2,0.6,1,15.5,4.8,0,0
60005,85.51,11.4,0,1.4,5.0,1,0
60006,118.13,12.0,0,0.9,1.2,0,0
60007,37.19,11.5,0,1.8,7.3,1,0
60008,37.63,8.5,0,3.6,2.1,0,0
60009,21.38,13.9,0,10.2,13.7,0,0
60010,32.31,8.5,1,14.2,2.6,1,0
60011,128.58,8.6,0,1.1,7.3,0,0
60012,81.4,0.0,0,2.1,3.4,0,0
60013,50.5,7.0,0,6.6,4.8,0,0
60014,16.71,0.1,0,3.6,0.1,0,0
60015,60.08,13.6,0,2.2,3.8,1,0
60016,67.98,8.3,1,2.2,2.2,0,0
60017,10.0,13.4,1,5.6,0.5,0,0
60018,104.52,3.5,0,17.8,0.9,0,0
60019,44.5,8.2,0,0.3,0.3,1,0
60020,48.54,6.3,0,4.7,1.7,0,0
60021,82.78,0.0,1,0.5,6.7,0,0
60022,116.1,13.3,0,15.5,4.7,0,0
60023,10.0,11.9,0,1.3,4.2,0,0
60024,49.27,9.1,0,1.5,2.3,0,0
60025,52.97,10.8,1,5.5,0.5,0,1
60026,11.9,4.9,0,3.7,0.0,0,0
60027,135.28,3.2,0,2.0,5.2,0,0
60028,122.3,5.0,1,4.4,0.0,0,0
60029,68.64,4.8,1,1.9,2.9,0,0
60030,73.36,6.9,1,8.0,0.4,1,0
60031,162.44,9.0,1,1.5,10.4,0,0
60032,40.8,7.1,0,1.4,2.8,1,0
60033,34.78,14.8,0,2.6,1.8,0,0
60034,116.65,1.5,0,2.3,0.9,0,0
60035,38.63,10.8,0,7.8,3.9,0,0
60036,97.61,4.9,1,1.4,4.1,0,0
60037,50.78,6.6,0,2.6,5.1,1,0
60038,63.87,14.7,0,1.7,1.1,0,0
60039,82.86,5.9,0,7.7,4.0,0,0
60040,10.0,5.6,0,4.2,0.2,0,0
60041,163.01,5.8,0,9.5,1.7,0,0
60042,106.37,7.1,0,1.6,1.0,0,0
60043,62.11,8.1,0,3.4,0.3,0,0
60044,31.82,7.4,1,11.5,1.5,0,0
60045,10.0,0.7,1,0.4,2.2,0,0
60046,135.81,4.3,0,6.7,6.5,0,0
60047,89.99,12.1,0,1.8,4.6,0,0
60048,10.0,11.6,0,0.2,2.1,0,0
60049,112.55,8.9,1,1.1,0.8,0,0
60050,101.86,6.2,1,2.9,0.2,0,1
60051,184.37,8.2,0,4.9,0.5,0,0
60052,216.66,4.9,0,4.7,8.4,0,0
60053,109.67,12.9,0,3.6,1.9,1,0
60054,174.21,12.2,0,2.0,5.2,0,0
60055,119.63,8.7,0,10.1,0.7,0,0
60056,100.45,5.5,1,2.5,6.8,1,0
60057,47.12,9.7,0,7.0,2.9,0,1
60058,128.69,10.4,1,5.1,0.8,0,0
60059,100.08,8.4,1,0.6,2.4,0,0
60060,88.31,4.4,0,5.4,4.3,1,0
60061,122.42,12.1,0,2.2,4.3,1,0
60062,77.98,10.5,1,8.9,2.2,0,0
60063,21.24,3.8,1,10.1,5.8,0,0
60064,43.75,8.5,0,5.7,3.2,1,0
60065,79.95,4.5,0,8.9,2.4,1,0
60066,86.08,6.8,0,10.6,0.8,0,0
60067,114.53,7.0,1,4.3,2.0,0,0
60068,83.38,3.2,0,4.0,7.6,0,0
60069,125.91,4.5,0,0.7,1.0,0,0
60070,120.44,12.9,0,6.8,2.1,0,0
60071,138.04,0.8,0,0.2,2.2,0,0
60072,10.0,10.4,1,8.1,3.4,0,0
60073,113.03,8.8,1,9.0,6.3,0,0
60074,167.67,12.0,0,8.6,1.2,0,0
60075,110.34,2.7,0,4.2,2.6,0,0
60076,67.56,9.7,0,5.9,2.6,0,0
60077,136.74,12.4,1,2.1,8.8,1,1
60078,168.63,18.8,1,6.7,2.5,0,0
60079,134.92,9.6,0,3.5,0.4,0,0
60080,10.0,9.5,0,3.8,0.2,0,0
60081,130.41,6.7,1,1.4,2.8,0,0
60082,108.55,13.7,0,22.4,4.5,0,0
60083,61.56,5.0,1,0.8,2.0,1,0
60084,166.9,7.3,0,7.8,0.3,0,0
60085,25.09,1.1,0,0.5,1.2,0,0
60086,123.58,1.2,0,2.1,15.0,0,0
60087,123.83,5.5,0,13.8,4.0,0,0
60088,79.0,7.4,1,24.6,5.4,0,0
60089,114.31,8.3,0,15.4,0.4,0,0
60090,191.81,0.0,1,1.7,3.3,0,1
60091,93.97,11.3,0,7.7,1.6,0,0
60092,88.51,0.0,1,3.4,1.1,0,0
60093,84.93,3.5,0,3.6,1.1,1,0
60094,41.64,7.0,1,12.7,2.3,0,0
60095,99.7,9.1,1,0.8,4.6,1,1
60096,35.94,6.7,0,6.7,1.8,0,0
60097,80.94,7.5,0,4.7,1.4,0,0
60098,123.63,0.0,1,7.2,3.7,1,1
60099,97.35,10.9,0,13.8,0.1,0,0
60100,22.94,3.3,1,3.0,6.0,0,1
60101,85.13,9.3,0,2.2,3.2,0,0
60102,129.13,12.3,0,13.0,0.5,0,0
60103,60.26,5.1,0,21.2,0.1,0,0
60104,122.05,5.7,0,16.6,1.2,0,0
60105,59.29,11.5,1,4.8,6.8,0,0
60106,164.68,8.4,0,3.2,12.6,1,1
60107,91.45,10.5,0,1.6,1.6,1,0
60108,142.01,9.7,0,3.2,2.5,0,0
60109,123.29,8.3,0,4.3,8.0,0,0
60110,182.11,7.0,1,2.0,3.1,0,0
60111,149.1,8.3,1,14.2,0.2,0,0
60112,109.83,12.6,0,2.7,1.7,1,0
60113,84.35,10.3,0,6.0,1.0,0,0
60114,40.25,3.2,0,17.6,2.2,0,1
60115,32.44,2.0,1,13.0,0.7,0,0
60116,54.96,10.1,0,2.7,14.5,1,0
60117,26.5,0.0,0,0.6,0.3,0,0
60118,63.89,2.0,0,1.0,0.7,0,0
60119,60.06,4.0,0,0.2,3.5,0,0
60120,133.07,10.5,0,4.8,2.7,0,0
60121,136.77,12.1,0,4.1,6.8,0,0
60122,32.34,7.4,1,1.6,2.0,0,0
60123,10.0,5.1,0,22.9,0.2,0,0
60124,63.44,7.3,0,1.8,1.2,0,0
60125,109.84,20.3,0,2.5,0.2,0,0
60126,10.0,11.4,0,3.2,5.6,1,0
60127,201.47,4.8,0,1.5,4.6,0,0
60128,113.25,6.9,1,0.9,1.2,0,0
60129,83.02,2.0,1,2.2,3.8,0,0
60130,34.28,8.0,0,1.0,0.6,0,0
60131,135.67,5.8,1,4.5,3.0,0,0
60132,66.64,7.4,0,4.1,2.8,0,0
60133,14.31,2.4,0,3.7,0.1,0,0
60134,70.65,9.6,0,3.6,0.6,1,0
60135,116.8,9.1,1,3.2,1.7,0,1
60136,109.54,12.5,1,3.8,1.4,0,0
60137,155.07,3.0,0,7.8,0.4,0,0
60138,67.33,5.2,1,0.5,1.7,0,0
60139,64.43,11.7,0,0.7,1.1,0,0
60140,84.6,10.0,1,9.9,5.7,1,0
60141,63.46,9.6,1,1.5,7.5,0,0
60142,112.72,10.0,0,0.3,0.5,0,0
60143,55.14,11.0,0,0.4,0.2,0,0
60144,50.85,15.4,1,1.8,2.9,0,0
60145,96.66,15.0,0,2.3,0.4,0,0
60146,110.61,6.2,0,5.9,2.0,0,0
60147,42.28,11.1,0,3.9,5.1,0,0
60148,87.7,1.1,0,0.9,0.2,0,0
60149,150.79,9.7,1,3.0,0.3,0,0
60150,212.54,9.4,0,12.0,4.7,0,0
60151,147.47,9.4,0,3.1,4.9,0,0
60152,83.67,18.5,0,1.7,6.8,1,0
60153,80.39,11.8,0,8.8,9.9,0,1
60154,132.35,8.3,0,1.9,0.1,0,0
60155,114.34,0.7,1,6.7,3.6,1,0
60156,93.13,9.4,1,22.6,0.6,0,0
60157,12.93,15.2,0,0.8,0.2,0,0
60158,111.74,0.0,0,1.5,0.6,0,0
60159,104.85,10.6,0,1.6,3.5,1,0
60160,72.93,6.5,0,0.9,3.0,0,0
60161,129.89,11.5,0,5.4,1.3,0,0
60162,133.99,5.1,0,14.1,1.1,1,0
60163,36.96,6.2,0,2.3,3.9,0,0
60164,120.97,11.4,0,2.1,0.4,0,0
60165,157.51,8.4,0,3.0,2.0,0,0
60166,118.61,10.9,0,4.9,5.4,0,0
60167,130.15,11.1,0,15.0,3.9,0,0
60168,61.3,8.2,1,9.8,2.9,0,0
60169,76.2,18.0,0,11.6,0.9,0,0
60170,109.78,5.8,0,5.0,0.1,0,0
60171,107.99,10.1,0,9.9,3.5,1,0
60172,39.42,16.1,1,2.6,2.4,0,0
60173,108.88,3.9,1,3.2,15.0,1,1
60174,105.38,7.7,0,1.7,0.6,0,0
60175,43.32,10.3,0,7.4,2.5,1,0
60176,123.0,0.0,0,5.1,3.3,0,0
60177,56.64,6.0,1,0.7,3.4,0,0
60178,104.69,10.7,1,10.6,7.7,1,1
60179,56.13,12.3,0,1.8,0.3,1,0
60180,78.7,8.3,1,6.0,2.1,0,0
60181,81.51,11.7,1,1.6,1.8,0,0
60182,96.87,8.3,0,11.9,1.0,0,0
60183,10.0,5.0,1,13.2,0.1,1,0
60184,120.08,6.8,0,2.1,1.9,0,0
60185,143.26,7.0,0,4.3,0.9,0,0
60186,19.86,9.5,1,2.7,1.0,0,0
60187,160.79,9.0,1,4.4,0.9,0,0
60188,177.18,6.3,0,9.1,5.0,1,0
60189,10.0,2.6,1,0.4,2.1,0,0
60190,18.21,14.3,0,8.2,1.8,0,0
60191,176.16,10.9,0,8.0,3.2,1,0
60192,65.26,8.7,1,7.7,1.8,0,0
60193,38.97,11.5,0,13.6,2.4,1,0
60194,122.97,11.8,0,4.6,2.1,0,0
60195,44.31,9.5,1,11.3,1.2,1,0
60196,104.96,4.8,0,3.6,10.5,0,0
60197,175.17,5.9,0,7.2,10.4,0,0
60198,10.79,13.6,0,2.7,1.1,0,0
60199,102.24,3.2,0,10.6,3.5,0,0
60200,36.28,6.7,0,0.3,2.1,0,0
60201,149.94,12.0,1,1.0,0.1,0,0
60202,98.54,5.1,0,9.8,1.5,1,1
60203,121.05,7.9,1,4.1,1.7,0,0
60204,77.82,5.7,0,1.0,0.6,0,0
60205,157.88,9.7,0,1.7,0.1,0,0
60206,31.6,3.0,1,4.4,0.0,1,0
60207,139.11,11.4,0,9.3,1.8,0,0
60208,175.25,9.2,0,33.9,1.7,0,0
60209,159.9,4.5,1,18.4,8.2,0,0
60210,164.2,2.4,1,2.0,3.3,1,0
60211,67.11,12.1,0,5.6,6.3,0,0
60212,113.73,7.3,0,8.9,3.6,0,0
60213,198.66,0.0,0,2.0,1.3,0,0
60214,160.12,5.8,1,2.9,3.7,0,0
60215,146.26,15.7,0,21.6,0.0,0,0
60216,117.41,2.6,0,13.9,4.3,0,0
60217,21.28,8.2,1,9.0,8.2,0,0
60218,10.0,11.3,0,3.9,2.6,0,0
60219,143.95,5.7,1,4.2,3.4,0,0
60220,73.68,2.4,1,5.6,3.1,0,0
60221,139.8,8.4,0,11.9,11.3,0,0
60222,81.56,6.9,0,1.8,0.9,0,0
60223,81.32,5.5,0,7.5,0.1,0,0
60224,42.86,9.5,0,4.2,0.3,0,0
60225,23.65,14.3,1,3.0,3.8,1,0
60226,217.28,4.5,1,4.0,0.4,0,0
60227,82.27,8.1,0,5.1,0.6,0,0
60228,105.15,10.1,1,7.1,0.1,1,0
60229,168.98,8.6,1,0.6,4.3,0,0
60230,164.35,1.9,0,6.3,1.7,0,0
60231,73.0,5.6,1,1.3,0.3,1,0
60232,86.34,6.6,0,4.3,0.1,0,0
60233,73.46,6.9,1,1.4,1.1,0,0
60234,84.04,14.4,0,18.9,0.2,0,0
60235,106.12,0.0,1,0.4,1.6,0,0
60236,107.79,14.5,0,8.8,4.0,1,1
60237,144.78,3.7,1,11.3,1.7,0,0
60238,63.53,3.7,1,5.1,3.7,0,0
60239,59.95,5.4,0,3.7,0.1,0,0
60240,61.13,12.0,1,9.6,0.1,0,0
60241,149.36,11.6,0,0.6,3.8,0,1
60242,98.94,6.7,1,7.6,5.3,0,0
60243,176.86,6.5,1,5.9,1.1,0,0
60244,107.28,7.3,1,6.2,2.0,0,0
60245,147.0,7.7,0,0.8,9.6,1,0
60246,150.47,7.6,1,3.4,0.7,0,0
60247,88.67,12.4,0,8.0,0.2,0,0
60248,103.57,9.2,0,24.4,1.0,1,0
60249,62.86,11.3,0,2.3,0.5,1,0
60250,62.92,4.7,1,4.3,0.3,1,0
60251,88.33,2.1,0,1.3,0.1,0,0
60252,118.72,7.6,0,2.5,2.0,0,0
60253,76.33,11.8,0,6.9,1.6,0,0
60254,92.72,8.7,0,2.7,3.1,1,0
60255,50.2,8.5,1,13.2,0.2,0,0
60256,136.39,8.1,0,0.9,8.8,0,0
60257,49.37,5.9,0,6.8,1.6,0,0
60258,158.49,12.7,0,26.5,0.9,0,0
60259,62.12,10.0,1,3.0,0.7,0,0
60260,122.61,6.0,1,5.2,9.5,1,1
60261,87.85,12.4,0,1.8,3.3,0,0
60262,76.3,5.4,1,15.7,3.5,0,0
60263,84.14,7.3,0,3.3,5.3,0,0
60264,125.68,1.3,1,2.0,2.2,0,0
60265,48.27,10.1,1,1.2,7.1,0,0
60266,73.38,7.8,0,13.2,0.5,0,0
60267,205.75,4.7,1,4.0,5.0,0,0
60268,197.06,18.8,0,2.1,1.7,0,0
60269,122.93,10.4,0,3.9,1.0,0,0
60270,88.83,15.0,1,2.2,3.8,1,1
60271,142.25,10.1,0,0.5,6.9,0,0
60272,62.27,7.5,0,5.4,1.3,1,0
60273,179.07,3.0,1,18.4,3.3,1,1
60274,192.08,7.4,0,16.8,1.2,0,0
60275,146.1,15.8,0,13.6,1.3,0,0
60276,94.79,7.6,1,8.0,5.8,1,1
60277,49.2,7.9,0,0.2,7.6,0,0
60278,36.92,8.6,0,0.4,0.9,0,0
60279,135.84,16.9,0,4.0,2.3,0,0
60280,113.35,3.8,0,3.9,4.1,0,0
60281,145.82,7.6,0,13.3,4.5,0,0
60282,121.76,10.0,0,28.8,1.5,0,0
60283,196.93,11.8,0,2.2,6.2,1,1
60284,129.01,8.3,1,0.2,0.5,0,0
60285,52.68,1.6,0,38.8,0.5,0,0
60286,68.92,12.2,1,0.4,3.2,1,0
60287,172.84,8.8,0,10.2,1.7,0,0
60288,107.9,11.1,0,3.0,1.6,0,0
60289,111.07,6.0,1,7.2,8.8,0,0
60290,30.9,13.9,1,5.3,4.2,0,0
60291,65.66,8.5,0,1.0,3.4,0,0
60292,197.68,5.5,1,6.9,2.5,0,0
60293,133.15,15.6,0,18.0,0.8,1,1
60294,137.46,6.7,1,3.9,1.5,0,0
60295,61.32,9.2,0,4.4,4.7,0,0
60296,49.48,10.0,0,7.3,0.3,0,1
60297,85.02,10.8,0,15.6,1.9,1,0
60298,114.96,3.0,0,10.1,2.3,0,0
60299,60.76,18.6,0,0.2,2.1,0,0
60300,88.08,10.7,1,1.7,0.1,0,0
60301,105.71,14.0,0,0.3,6.1,0,0
60302,10.0,3.9,0,3.9,0.7,1,0
60303,127.98,7.6,1,0.4,0.1,0,1
60304,42.75,8.3,0,1.5,0.4,0,0
60305,148.17,9.0,0,3.3,14.1,0,0
60306,63.97,15.7,1,4.2,3.3,0,0
60307,26.39,12.9,0,7.3,1.6,0,0
60308,26.6,4.6,0,17.8,3.0,0,0
60309,18.31,15.7,0,0.2,2.6,0,0
60310,34.72,2.9,0,4.7,3.1,0,0
60311,67.87,8.2,0,3.4,4.7,0,0
60312,142.17,3.6,0,2.4,2.7,0,0
60313,10.0,12.6,0,1.2,1.2,0,0
60314,44.08,6.1,0,5.9,0.2,0,0
60315,202.26,5.4,0,6.8,4.8,1,1
60316,70.53,11.3,0,10.4,1.6,0,0
60317,121.34,10.1,1,4.6,0.7,1,0
60318,120.59,6.3,1,9.0,3.2,0,0
60319,59.67,9.3,1,14.0,5.2,0,0
60320,70.92,8.0,0,5.4,0.0,0,0
60321,147.01,10.5,0,3.0,2.3,0,1
60322,170.21,6.2,0,5.8,4.0,1,1
60323,15.97,10.6,0,6.6,6.5,0,0
60324,152.99,6.9,1,4.2,8.6,1,0
60325,10.0,10.5,0,5.6,4.5,0,0
60326,143.66,0.5,0,22.6,0.4,1,0
60327,150.4,6.1,0,6.1,1.3,0,0
60328,110.9,3.3,0,2.3,3.3,0,0
60329,89.42,2.7,1,10.1,3.3,0,0
60330,171.15,8.6,0,2.0,5.1,0,0
60331,71.62,9.9,0,17.7,5.7,1,1
60332,110.26,12.3,1,10.4,3.8,0,0
60333,61.98,11.1,1,3.0,3.7,0,0
60334,166.13,4.0,1,0.8,0.3,0,0
60335,95.67,8.8,1,1.9,1.8,0,0
60336,128.87,8.0,1,2.5,0.3,0,0
60337,10.0,4.5,0,2.2,2.2,0,0
60338,71.62,6.4,0,14.7,0.7,0,0
60339,53.01,11.4,0,15.4,5.6,1,0
60340,49.7,9.6,0,1.5,3.6,0,0
60341,133.13,3.8,0,0.3,0.6,0,0
60342,44.15,5.4,0,4.1,1.0,0,0
60343,95.36,8.6,0,5.4,2.5,0,0
60344,202.75,0.0,0,12.4,0.4,0,0
60345,90.1,5.4,0,1.5,0.2,0,0
60346,24.64,9.5,1,7.1,1.7,0,0
60347,151.1,5.0,0,1.1,2.8,0,0
60348,71.35,9.4,1,11.5,0.2,0,0
60349,86.31,0.0,0,0.9,0.6,1,0
60350,25.52,10.5,0,0.8,0.8,0,0
60351,165.92,4.5,0,2.5,13.7,0,1
60352,154.69,10.3,0,10.6,2.3,0,0
60353,134.35,12.9,0,2.4,2.1,0,0
60354,168.0,9.5,1,11.7,6.9,0,0
60355,119.68,5.9,0,8.4,1.5,1,0
60356,47.28,13.3,0,1.0,4.0,0,0
60357,44.47,6.5,0,2.8,4.4,0,0
60358,93.81,6.3,1,7.9,12.3,0,0
60359,99.03,6.0,0,1.9,0.4,0,0
60360,91.24,6.4,1,2.8,3.5,0,0
60361,10.0,3.3,0,0.2,0.5,0,0
60362,110.4,4.2,1,10.5,2.1,0,0
60363,24.05,13.2,0,2.8,1.0,1,0
60364,138.19,14.6,0,1.1,5.1,0,0
60365,31.59,5.8,0,2.8,11.4,1,0
60366,144.62,10.9,0,5.0,1.7,0,0
60367,105.11,8.2,0,1.9,5.3,0,0
60368,50.71,5.3,0,12.5,1.3,0,0
60369,118.58,11.4,0,8.1,0.2,0,0
60370,165.1,6.6,0,1.2,1.6,1,0
60371,111.03,12.3,0,2.1,3.3,0,1
60372,42.07,6.9,0,19.6,0.9,0,0
60373,72.3,10.5,1,3.9,0.2,0,0
60374,75.48,7.0,0,4.8,1.7,1,0
60375,56.22,10.6,0,9.9,1.6,0,1
60376,10.0,3.2,0,6.4,1.2,0,0
60377,189.76,3.1,0,5.7,0.4,0,0
60378,58.08,11.2,1,1.5,2.3,0,0
60379,10.0,8.6,1,16.3,1.0,0,0
60380,30.35,6.4,0,0.2,0.3,0,0
60381,53.73,9.2,0,0.2,3.0,0,1
60382,10.0,3.0,1,5.1,0.1,0,0
60383,133.29,12.3,0,3.6,1.0,0,0
60384,123.27,4.7,1,0.2,0.6,1,0
60385,104.97,7.7,0,0.7,7.9,0,0
60386,32.06,7.1,1,3.6,1.6,0,0
60387,134.75,13.8,0,1.6,1.4,0,0
60388,79.16,0.9,0,8.1,9.5,0,0
60389,162.93,1.7,1,1.8,0.8,0,0
60390,10.0,0.3,1,0.3,3.9,0,0
60391,48.09,8.9,1,10.2,2.0,0,0
60392,40.15,6.6,0,4.7,0.3,0,0
60393,31.52,14.6,1,0.5,1.6,0,0
60394,120.52,9.9,0,6.5,0.6,0,0
60395,154.42,2.1,0,13.3,0.3,0,0
60396,132.64,7.0,1,4.4,0.2,0,0
60397,95.31,10.7,0,0.2,1.0,1,0
60398,107.97,7.7,1,0.2,1.6,0,0
60399,122.26,6.7,0,3.1,4.0,0,0
60400,49.74,5.9,1,3.7,4.8,0,0
60401,104.59,7.8,0,0.2,2.3,1,0
60402,87.52,3.7,0,3.2,4.6,1,0
60403,10.0,8.1,0,4.6,1.6,0,0
60404,205.07,9.6,1,1.0,3.1,0,0
60405,113.64,6.7,0,4.5,0.7,0,0
60406,43.88,8.4,0,10.6,1.6,1,0
60407,71.7,8.2,0,1.6,0.5,0,0
60408,120.46,6.6,0,0.3,1.5,0,0
60409,107.81,12.2,1,6.0,0.9,0,0
60410,86.41,0.0,0,8.6,8.0,0,0
60411,169.47,2.2,1,5.7,1.7,0,0
60412,78.78,10.1,0,1.8,0.1,0,0
60413,133.99,11.3,0,11.9,4.2,0,0
60414,146.71,6.4,0,2.9,0.8,0,0
60415,140.56,11.5,0,1.4,2.4,1,0
60416,78.89,5.4,1,11.8,0.1,1,0
60417,29.84,5.3,0,0.2,2.4,0,0
60418,10.0,9.4,1,1.9,1.0,0,0
60419,95.95,10.5,1,11.6,1.7,0,0
60420,106.88,8.0,0,1.4,0.4,0,0
60421,57.27,14.5,1,10.8,2.0,0,0
60422,100.27,10.6,0,2.8,2.9,0,0
60423,143.85,0.0,1,1.2,8.9,1,0
60424,41.78,8.3,0,14.1,4.2,0,0
60425,57.61,10.3,1,3.1,2.6,0,0
60426,12.87,12.3,0,17.3,2.5,0,0
60427,70.6,13.3,0,7.2,0.6,0,0
60428,124.93,10.0,0,7.4,0.4,0,0
60429,71.69,8.6,1,1.7,5.4,0,0
60430,88.18,9.5,0,6.8,2.3,0,0
60431,34.41,9.0,1,0.8,3.6,1,0
60432,162.95,0.0,0,14.1,0.8,1,0
60433,137.99,10.3,0,6.7,0.6,0,0
60434,42.97,2.3,1,2.0,4.3,1,0
60435,101.48,16.5,1,20.8,5.0,0,0
60436,118.71,6.9,0,1.0,10.8,1,0
60437,193.99,10.0,0,0.7,6.1,0,0
60438,137.71,10.9,0,7.2,0.6,0,0
60439,152.56,11.5,0,2.7,4.7,0,0
60440,90.97,10.1,0,6.8,3.9,1,0
60441,96.19,8.7,1,9.0,0.8,0,0
60442,109.74,17.9,0,1.1,2.5,1,0
60443,74.35,13.1,0,4.8,3.9,0,1
60444,149.42,4.2,0,0.7,1.0,0,0
60445,80.49,7.0,0,6.1,6.3,0,0
60446,116.51,18.6,1,0.9,1.5,1,1
60447,29.93,0.0,1,0.2,0.2,0,0
60448,47.41,6.6,0,0.4,1.2,1,0
60449,63.07,3.6,1,3.5,0.1,0,0
60450,114.98,4.6,1,10.6,1.4,1,0
60451,152.44,1.2,0,5.9,1.0,0,0
60452,32.65,10.5,0,2.5,3.7,0,0
60453,65.85,11.9,0,6.5,10.3,1,1
60454,109.8,8.7,1,8.3,3.0,1,0
60455,111.06,7.9,0,7.4,3.3,0,0
60456,168.99,5.6,0,10.4,1.9,0,0
60457,124.34,12.3,1,2.9,1.3,1,0
60458,101.45,12.4,0,0.3,0.1,0,0
60459,99.15,14.4,1,1.4,0.6,0,0
60460,132.98,3.0,0,0.3,5.1,0,0
60461,247.7,5.7,1,4.3,6.3,0,0
60462,135.83,7.7,0,0.5,3.6,0,0
60463,162.75,11.2,1,3.2,3.4,0,0
60464,147.92,6.8,1,14.1,1.5,0,0
60465,98.86,10.8,0,9.7,1.6,0,0
60466,10.0,1.0,0,1.3,6.3,0,0
60467,74.94,10.6,1,11.7,3.0,0,0
60468,99.46,5.4,0,15.9,2.6,0,0
60469,123.24,3.3,0,2.6,1.1,0,0
60470,133.56,7.9,0,1.6,0.0,0,0
60471,130.57,10.4,0,1.8,3.0,0,0
60472,10.0,3.1,0,3.8,3.3,0,0
60473,91.89,13.9,0,3.1,0.3,1,0
60474,82.03,5.1,1,6.9,4.9,0,0
60475,40.22,17.7,1,11.9,10.0,0,0
60476,109.14,3.7,0,12.5,6.0,1,0
60477,118.26,4.4,0,1.1,3.6,0,0
60478,53.74,4.1,0,3.7,6.8,0,0
60479,139.56,7.8,0,3.4,0.4,0,1
60480,16.02,12.8,0,5.7,0.8,1,0
60481,51.77,5.6,0,5.4,6.3,0,0
60482,138.85,7.4,0,5.6,0.3,0,0
60483,130.35,5.8,0,2.9,0.0,0,0
60484,137.38,10.3,0,3.9,10.6,0,1
60485,118.0,9.0,0,4.3,2.4,0,0
60486,91.66,19.3,0,0.2,0.5,1,1
60487,58.38,9.3,1,11.5,2.8,0,0
60488,83.17,10.0,1,5.8,0.4,1,1
60489,185.67,11.2,0,18.4,0.2,0,0
60490,190.03,0.9,1,6.0,2.4,0,0
60491,79.78,4.4,1,0.7,3.0,1,0
60492,184.86,9.6,0,1.3,0.6,0,1
60493,229.28,13.9,1,2.0,0.2,0,0
60494,28.68,6.6,0,4.4,6.6,1,0
60495,91.79,7.2,1,9.3,0.7,0,0
60496,46.23,6.2,0,4.7,0.4,0,0
60497,185.55,9.2,0,6.1,4.3,1,0
60498,45.53,14.5,1,19.1,2.3,1,0
60499,80.95,6.3,1,4.8,1.4,0,0
60500,111.74,13.4,0,0.6,1.8,0,0
60501,92.28,0.0,0,17.6,4.8,0,0
60502,40.96,11.9,1,11.0,3.8,0,0
60503,56.23,9.1,1,2.8,5.4,0,1
60504,61.65,7.2,0,4.8,3.7,1,1
60505,36.0,11.5,1,3.1,0.2,0,1
60506,127.94,8.0,0,20.7,5.3,0,0
60507,123.25,0.1,0,0.2,1.8,0,0
60508,75.03,7.3,0,1.3,2.5,0,0
60509,80.74,8.0,0,5.1,4.5,0,0
60510,71.72,6.9,0,6.7,9.3,0,0
60511,26.16,6.5,0,6.6,0.0,0,0
60512,95.65,6.3,1,2.6,0.6,0,0
60513,119.14,6.6,0,12.5,3.5,0,0
60514,24.67,5.1,1,0.3,0.9,0,0
60515,55.15,6.8,0,2.1,2.8,0,0
60516,168.24,10.0,0,2.0,2.0,0,0
60517,129.44,0.0,0,10.0,4.0,1,0
60518,94.79,6.8,0,2.7,1.1,0,0
60519,99.39,7.8,0,0.2,5.8,0,0
60520,86.07,8.1,0,26.3,0.4,0,0
60521,145.49,3.4,1,0.3,6.8,0,0
60522,63.15,9.3,1,1.9,5.0,1,0
60523,67.79,7.9,0,9.0,8.9,0,0
60524,80.04,5.6,0,0.5,2.4,0,0
60525,111.09,4.8,0,8.5,0.8,1,0
60526,170.19,9.4,1,8.3,0.2,0,1
60527,10.0,1.8,0,2.3,7.2,0,0
60528,91.6,9.2,1,5.6,9.2,0,0
60529,44.28,9.3,0,4.9,3.7,0,0
60530,141.08,1.0,0,6.1,1.0,0,0
60531,43.07,8.2,0,4.2,6.4,0,0
60532,170.04,3.5,0,1.9,0.8,0,0
60533,120.52,15.0,0,21.8,1.0,0,0
60534,170.73,3.0,1,8.1,3.5,0,0
60535,93.09,13.9,1,13.5,1.1,0,0
60536,69.6,6.9,0,7.2,0.1,0,0
60537,118.11,9.2,0,8.8,0.4,0,0
60538,91.14,9.2,0,5.1,0.0,0,0
60539,93.28,1.7,1,2.0,1.1,0,0
60540,163.24,5.8,1,5.4,3.0,0,1
60541,46.4,6.3,0,11.7,3.5,0,0
60542,121.2,1.6,0,13.3,0.6,0,0
60543,152.11,7.1,0,0.2,2.5,1,1
60544,77.26,8.1,1,8.1,0.5,0,0
60545,186.38,2.8,1,31.3,3.8,0,0
60546,13.46,13.4,1,0.3,3.6,1,1
60547,77.65,4.5,0,2.3,9.5,0,0
60548,56.05,2.4,0,6.3,0.3,0,0
60549,10.0,12.1,1,2.1,3.7,0,0
60550,137.15,3.5,0,3.7,2.0,1,0
60551,164.93,4.9,1,0.2,1.7,0,0
60552,125.74,11.6,0,6.5,2.0,0,0
60553,143.15,5.1,0,19.6,0.7,0,0
60554,99.81,12.2,0,3.1,0.7,1,0
60555,21.64,7.9,0,6.7,1.2,1,0
60556,68.09,5.4,1,8.5,0.2,0,0
60557,94.44,9.5,0,7.1,0.3,0,0
60558,74.05,5.2,0,0.8,0.3,0,0
60559,134.61,12.5,0,8.8,2.3,0,0
60560,10.0,7.8,0,1.2,1.0,0,0
60561,235.54,10.6,1,40.0,3.7,0,0
60562,62.24,2.1,0,3.7,9.1,0,0
60563,146.19,4.8,0,3.2,6.5,0,0
60564,94.4,2.3,0,9.9,1.3,0,0
60565,50.7,13.5,0,0.6,0.4,0,0
60566,87.44,6.5,0,1.4,1.0,0,0
60567,106.47,3.9,0,3.4,0.3,0,0
60568,226.56,5.7,0,12.8,2.6,0,0
60569,59.76,4.8,0,0.6,3.5,0,0
60570,101.07,14.9,0,3.1,9.8,0,0
60571,57.46,9.8,1,15.0,2.1,1,1
60572,126.01,2.9,0,2.6,0.5,0,0
60573,48.28,5.9,0,23.7,6.4,0,0
60574,113.63,8.6,0,29.4,3.8,0,0
60575,49.74,9.4,1,2.6,1.8,0,0
60576,101.16,7.9,0,6.3,3.4,1,0
60577,51.32,3.7,1,22.4,3.3,0,0
60578,106.67,10.2,0,3.0,4.3,0,0
60579,40.4,7.9,0,0.6,1.7,1,0
60580,202.23,9.7,1,3.9,1.2,0,0
60581,94.31,0.0,0,0.8,2.7,0,0
60582,10.0,8.8,1,2.1,4.8,0,0
60583,169.98,12.8,0,6.8,3.0,0,0
60584,61.09,7.6,0,4.8,1.6,0,0
60585,172.66,6.9,1,1.1,0.9,0,0
60586,62.67,4.5,0,2.2,0.8,0,0
60587,19.73,0.0,0,1.8,0.5,1,0
60588,74.13,7.7,1,0.3,5.3,0,0
60589,103.01,5.5,0,1.4,10.7,1,1
60590,18.21,12.9,0,6.0,1.2,0,0
60591,99.06,3.0,0,0.2,0.3,0,0
60592,96.76,8.1,0,10.4,4.1,1,0
60593,36.5,9.3,0,2.0,2.7,0,0
60594,18.04,9.1,1,1.6,0.4,0,0
60595,94.71,4.4,0,6.4,5.6,0,0
60596,155.05,6.3,0,1.9,1.7,0,0
60597,77.97,9.2,1,3.8,4.4,0,0
60598,124.55,6.9,0,6.6,1.2,0,0
60599,85.71,9.0,0,18.6,3.1,0,0
60600,104.52,1.3,1,1.1,3.7,1,0
60601,161.6,6.6,0,8.9,0.7,0,0
60602,95.6,10.4,0,33.5,0.2,0,0
60603,114.84,7.0,1,3.4,1.7,0,0
60604,10.0,0.0,0,7.5,3.0,1,0
60605,44.63,8.4,1,4.6,4.0,0,0
60606,24.69,7.0,1,1.8,3.3,0,0
60607,113.39,4.4,0,2.5,3.7,0,0
60608,56.3,11.6,0,1.9,14.8,0,0
60609,128.23,11.2,0,1.4,6.1,0,0
60610,47.98,5.6,1,4.5,1.6,0,0
60611,61.76,8.7,0,0.7,6.9,1,0
60612,135.52,7.7,0,0.3,0.1,0,0
60613,97.33,5.0,0,6.4,0.3,0,0
60614,76.08,12.7,0,0.7,0.7,0,0
60615,102.52,5.6,0,1.9,1.5,1,0
60616,128.59,7.1,1,10.5,13.2,1,0
60617,41.83,6.4,0,0.2,1.3,0,0
60618,60.91,8.9,0,6.1,0.5,0,0
60619,129.11,14.4,0,1.6,1.1,0,0
60620,35.41,12.0,1,2.8,2.6,0,0
60621,159.07,15.9,0,2.1,6.3,0,0
60622,91.51,11.3,0,7.7,2.5,1,1
60623,98.35,10.1,1,1.4,3.3,0,0
60624,135.45,0.0,1,0.2,3.5,0,0
60625,99.21,9.6,0,6.6,3.0,0,0
60626,19.6,5.8,0,0.4,4.3,0,0
60627,84.66,3.8,0,15.2,0.5,0,0
60628,106.22,6.1,0,16.0,0.3,0,0
60629,135.92,6.4,0,0.3,3.1,0,0
60630,34.15,3.1,1,3.6,2.0,0,0
60631,48.98,6.5,0,1.8,8.8,1,1
60632,26.95,16.6,1,15.8,8.3,1,1
60633,87.56,2.1,0,1.3,9.3,0,0
60634,82.11,9.3,0,9.3,3.1,1,0
60635,50.38,9.3,0,0.2,2.1,1,0
60636,103.01,9.5,0,2.7,2.2,0,0
60637,10.0,8.0,1,7.6,3.3,0,0
60638,76.88,9.9,0,11.2,1.5,0,0
60639,130.57,2.4,1,1.5,1.6,0,0
60640,126.69,6.0,0,8.5,3.0,1,0
60641,162.78,7.1,0,4.7,2.4,1,0
60642,143.93,15.9,1,6.1,0.5,0,0
60643,105.4,6.3,0,10.5,0.3,0,0
60644,30.95,4.1,1,10.1,1.5,0,0
60645,70.37,11.1,1,1.1,6.3,1,1
60646,71.65,12.0,0,13.9,2.1,0,0
60647,158.14,8.1,0,21.2,1.9,0,0
60648,144.0,0.9,1,9.2,2.1,0,0
60649,44.55,8.1,0,0.7,4.0,1,0
60650,210.59,5.4,0,5.0,0.2,0,0
60651,86.83,8.7,0,4.6,9.0,0,0
60652,64.41,5.0,1,6.4,0.3,0,0
60653,66.56,7.6,1,5.4,2.9,0,0
60654,23.02,5.5,0,2.8,1.7,0,0
60655,56.53,0.2,0,5.7,2.9,0,0
60656,185.53,12.2,0,1.3,1.9,0,0
60657,148.28,3.8,0,0.2,0.9,0,0
60658,105.16,8.4,1,2.1,2.6,0,1
60659,155.84,14.5,0,14.8,3.4,0,0
60660,77.52,4.8,0,4.3,2.8,0,0
60661,119.98,10.1,0,7.8,9.0,0,0
60662,127.6,3.9,0,0.6,3.6,0,0
60663,177.0,10.0,0,0.4,2.8,0,0
60664,134.91,5.9,0,10.1,6.1,0,0
60665,24.2,0.0,0,0.9,4.0,0,0
60666,162.68,10.6,1,3.0,1.1,1,0
60667,84.84,7.1,0,2.9,1.2,0,0
60668,63.52,9.3,0,16.4,0.3,0,0
60669,10.0,8.3,0,4.3,6.4,0,0
60670,10.41,4.9,1,22.9,0.2,0,0
60671,111.98,11.9,0,1.1,2.9,0,0
60672,63.65,9.2,0,3.8,5.5,0,0
60673,42.83,5.3,1,1.1,11.3,0,0
60674,108.14,7.7,0,25.8,15.0,0,0
60675,95.11,14.0,0,4.8,6.2,0,0
60676,77.93,6.9,1,13.4,4.3,0,0
60677,10.0,7.0,0,4.2,1.9,0,0
60678,65.46,13.5,0,38.4,4.2,0,0
60679,30.81,17.4,0,2.4,2.1,0,0
60680,112.93,4.3,1,3.0,3.6,0,0
60681,62.12,7.5,1,2.0,1.2,0,0
60682,53.96,7.5,0,2.2,0.6,0,0
60683,197.73,11.8,1,3.6,1.2,0,0
60684,54.73,14.6,0,7.7,3.2,0,0
60685,118.94,7.0,1,2.0,4.0,0,0
60686,10.0,0.7,1,2.6,4.5,0,0
60687,102.33,7.8,0,8.5,13.3,0,0
60688,121.31,7.6,1,10.3,0.1,0,1
60689,52.26,11.9,0,13.1,2.0,0,0
60690,88.23,2.8,0,0.2,15.0,0,0
60691,93.0,5.9,0,1.9,0.2,0,0
60692,119.61,12.5,0,2.7,14.3,1,1
60693,125.69,9.7,0,5.1,0.3,0,0
60694,117.56,8.5,1,11.7,1.8,1,0
60695,101.41,9.7,0,0.4,0.7,0,0
60696,56.92,7.4,1,12.3,1.8,0,0
60697,24.29,3.3,0,0.5,2.6,1,0
60698,197.52,7.9,1,0.3,7.0,0,0
60699,113.47,8.4,0,4.1,3.7,1,0
60700,38.81,15.8,1,5.2,1.6,0,0
60701,180.67,6.8,1,1.9,5.5,0,0
60702,30.13,10.1,0,4.1,0.2,0,0
60703,92.91,9.4,1,10.5,11.0,0,0
60704,77.78,12.3,0,3.7,0.7,0,0
60705,132.53,7.9,0,6.7,3.6,0,0
60706,86.87,4.5,0,1.9,0.6,0,0
60707,74.48,21.5,0,1.7,2.1,0,0
60708,137.91,1.7,1,0.4,4.1,0,1
60709,44.96,5.2,1,0.5,0.6,0,0
60710,58.14,7.1,0,2.9,0.6,0,0
60711,72.05,15.2,0,6.1,2.6,0,0
60712,85.01,5.7,1,7.0,0.1,0,0
60713,10.0,3.7,1,0.7,2.0,0,1
60714,107.69,9.4,0,1.2,4.0,0,0
60715,71.2,13.0,0,10.3,1.4,0,0
60716,202.65,2.6,0,2.8,1.4,0,0
60717,10.0,10.1,0,5.5,6.4,1,0
60718,60.33,9.3,0,2.2,7.0,0,0
60719,12.94,4.4,0,4.8,0.2,1,0
60720,105.43,3.0,0,4.8,0.5,0,0
60721,139.5,8.8,0,0.2,5.7,0,0
60722,160.65,4.5,0,18.8,1.4,0,0
60723,147.93,7.0,0,6.1,3.7,1,0
60724,65.77,13.0,0,5.2,0.8,0,0
60725,100.0,8.8,0,4.3,1.6,0,0
60726,46.45,6.6,1,3.6,7.1,1,1
60727,161.97,16.4,0,4.0,3.4,0,1
60728,87.11,9.6,1,3.3,2.9,0,0
60729,167.47,5.5,0,2.7,3.5,0,0
60730,89.23,10.2,0,1.9,0.0,0,0
60731,117.67,12.1,1,8.2,0.4,1,0
60732,66.17,10.5,0,12.9,2.3,1,0
60733,106.57,11.8,0,11.1,2.8,0,0
60734,133.95,12.7,0,4.9,0.5,0,0
60735,80.07,7.3,0,12.0,1.5,0,0
60736,63.76,13.3,0,7.9,0.8,1,1
60737,85.77,14.2,0,11.8,3.0,0,0
60738,70.75,8.8,1,6.6,1.4,0,0
60739,115.45,16.9,0,3.1,0.1,1,1
60740,189.67,6.3,0,2.7,4.7,0,1
60741,10.0,6.6,0,14.1,1.7,1,0
60742,27.7,2.8,0,3.5,3.7,1,0
60743,96.04,8.3,0,5.9,3.7,0,0
60744,120.77,5.9,1,3.7,0.3,0,0
60745,26.06,6.0,0,0.8,3.4,0,0
60746,147.45,10.3,0,8.3,4.7,1,0
60747,140.92,5.4,0,1.2,2.1,1,0
60748,168.92,6.2,1,1.3,0.6,0,0
60749,113.79,13.2,0,13.6,10.0,0,0
60750,158.37,3.4,0,31.6,2.3,0,0
60751,137.09,12.4,0,5.3,2.2,0,0
60752,171.36,16.5,0,1.7,6.3,0,0
60753,68.55,14.1,0,7.3,0.4,0,0
60754,134.1,5.2,0,10.2,2.0,0,0
60755,72.26,1.4,1,4.5,5.5,0,0
60756,92.41,6.5,1,4.2,0.4,0,0
60757,10.0,6.0,1,1.6,1.6,0,0
60758,79.03,0.4,1,19.6,0.9,0,0
60759,107.43,4.2,1,0.2,3.2,1,0
60760,99.14,6.8,0,11.3,2.6,0,0
60761,121.21,10.7,1,15.2,0.2,0,0
60762,133.03,9.1,1,0.2,1.8,0,0
60763,58.75,7.6,0,7.3,6.1,0,0
60764,171.95,10.5,0,1.8,9.6,0,0
60765,10.94,8.4,1,0.2,3.7,1,0
60766,110.63,7.3,1,3.1,3.3,0,0
60767,10.0,0.4,0,4.0,5.1,0,0
60768,165.98,4.9,0,1.4,2.2,0,0
60769,59.6,8.7,1,1.6,0.6,0,1
60770,178.97,1.8,1,4.8,0.4,0,0
60771,10.0,12.4,1,5.2,1.3,0,0
60772,187.63,8.4,0,0.5,5.8,1,0
60773,87.25,15.6,0,4.3,4.1,0,0
60774,70.79,8.7,1,3.5,2.2,0,0
60775,78.96,9.7,0,6.4,0.1,1,0
60776,163.89,3.7,0,4.1,2.5,0,0
60777,12.86,13.9,1,2.8,0.6,0,0
60778,128.91,10.2,0,4.8,11.4,0,0
60779,144.12,8.0,1,0.9,3.2,0,0
60780,92.38,10.5,0,7.2,0.2,0,0
60781,75.88,7.8,0,4.8,0.8,0,0
60782,90.73,4.5,0,3.3,2.3,0,0
60783,73.51,5.6,0,3.8,5.8,0,0
60784,40.41,9.1,1,2.0,4.7,0,0
60785,123.34,14.8,0,6.2,0.7,0,0
60786,130.6,5.9,1,1.1,5.5,0,0
60787,84.96,10.8,1,12.0,12.3,0,0
60788,80.05,4.0,0,4.0,0.7,0,0
60789,118.0,10.2,1,5.6,2.0,0,0
60790,100.62,9.9,0,10.7,2.0,1,0
60791,49.26,5.0,1,17.5,0.8,0,0
60792,10.0,10.3,0,0.7,5.1,1,0
60793,84.67,2.7,0,20.5,3.3,0,0
60794,69.0,7.9,0,17.1,1.6,1,0
60795,33.14,6.9,0,10.6,0.3,0,0
60796,148.1,13.2,0,18.1,5.5,1,0
60797,25.84,6.8,0,6.3,2.5,0,0
60798,55.29,13.0,1,1.6,1.0,1,1
60799,140.87,12.9,1,3.7,1.3,0,0
60800,138.84,16.2,0,23.6,4.9,1,1
60801,10.0,0.0,1,7.3,0.3,0,0
60802,89.53,9.2,0,1.4,7.9,0,0
60803,58.87,13.5,1,4.2,3.7,0,0
60804,187.45,9.6,0,3.2,10.2,1,0
60805,185.37,8.1,0,1.1,2.4,0,0
60806,60.28,9.8,0,11.4,9.2,0,0
60807,63.52,5.2,0,0.2,2.8,0,0
60808,98.41,14.5,0,5.0,0.7,0,0
60809,147.82,7.6,0,1.4,0.0,0,0
60810,125.98,6.7,1,1.4,7.3,0,0
60811,39.94,0.0,0,0.3,12.9,1,0
60812,149.15,11.1,1,2.6,1.5,0,1
60813,78.44,2.8,1,9.5,2.4,0,0
60814,33.09,13.8,0,13.0,0.5,0,0
60815,173.49,12.3,0,8.5,4.3,0,0
60816,159.84,7.2,0,0.2,1.1,0,0
60817,38.65,0.0,0,11.2,1.0,1,0
60818,129.96,5.0,0,8.8,3.0,0,0
60819,160.11,8.6,0,3.2,0.0,0,0
60820,146.1,8.3,1,5.5,2.1,0,0
60821,65.08,5.2,1,5.6,1.7,0,0
60822,43.16,14.3,0,4.5,1.4,0,0
60823,71.41,4.3,0,1.7,1.1,0,0
60824,64.46,0.0,1,1.9,2.8,1,0
60825,10.0,11.0,1,10.6,5.3,1,1
60826,114.44,10.9,0,9.8,1.3,1,0
60827,30.83,6.9,1,0.2,5.8,1,0
60828,76.06,7.0,1,2.1,15.0,0,0
60829,136.61,7.2,0,0.7,5.0,0,0
60830,140.03,6.5,0,0.6,2.2,1,0
60831,130.73,11.2,0,14.5,2.9,0,0
60832,141.63,8.6,1,6.7,3.6,1,0
60833,139.11,4.9,1,1.9,1.7,0,0
60834,147.89,11.7,0,26.6,1.0,0,0
60835,83.48,13.1,0,5.6,2.1,1,0
60836,83.26,8.4,1,9.1,4.7,0,0
60837,10.0,7.9,0,0.6,5.9,0,0
60838,83.41,12.1,1,0.4,9.6,0,0
60839,13.74,15.0,1,10.6,6.2,0,0
60840,46.06,6.3,1,3.1,2.3,0,0
60841,172.44,8.2,0,20.6,1.3,0,0
60842,42.37,8.5,0,0.3,2.4,0,0
60843,112.42,7.3,1,0.3,1.3,1,0
60844,10.0,8.6,1,2.7,0.7,0,0
60845,168.95,20.6,1,1.8,3.1,0,0
60846,167.35,6.6,0,1.1,5.2,0,0
60847,15.85,12.5,1,9.3,0.2,0,0
60848,151.33,4.8,0,3.2,0.6,0,0
60849,58.59,6.4,0,2.3,8.4,0,0
60850,39.35,0.0,1,8.9,0.1,0,0
60851,74.78,7.9,0,6.5,1.9,0,0
60852,88.84,2.7,1,4.1,10.4,1,0
60853,163.97,9.0,0,13.8,2.6,1,0
60854,80.58,6.6,1,0.2,4.4,0,0
60855,120.61,1.6,0,4.4,0.4,0,0
60856,105.96,7.5,1,0.6,0.9,0,0
60857,61.31,6.8,0,2.6,0.4,0,0
60858,42.6,16.3,0,12.1,0.4,0,0
60859,140.71,8.9,0,2.3,0.2,0,0
60860,214.19,2.8,0,2.1,1.2,0,0
60861,78.26,9.4,0,1.1,1.8,1,0
60862,46.26,9.8,1,4.9,3.2,1,1
60863,88.28,6.3,0,5.8,1.6,1,1
60864,149.0,7.0,1,0.6,0.8,1,0
60865,71.86,10.8,0,3.8,4.2,0,0
60866,46.67,3.9,0,3.2,0.0,1,1
60867,78.3,15.2,1,6.9,2.7,0,1
60868,87.71,12.4,1,8.1,1.3,0,0
60869,88.98,9.8,1,4.3,4.8,0,0
60870,148.87,3.1,0,6.8,0.1,0,0
60871,133.5,13.0,1,1.7,4.1,1,0
60872,101.22,3.3,0,9.5,3.2,0,0
60873,10.0,8.8,0,24.3,6.6,0,1
60874,10.0,7.2,1,0.2,2.2,1,0
60875,88.13,10.7,0,1.9,2.0,0,0
60876,91.61,6.9,0,8.9,0.7,0,0
60877,133.6,3.5,0,3.3,3.0,0,0
60878,183.31,5.5,1,7.9,0.3,1,1
60879,81.0,6.5,1,16.3,1.3,0,0
60880,64.45,12.4,1,12.1,1.4,0,0
60881,24.76,8.1,1,1.4,4.0,0,0
60882,153.52,3.5,0,0.5,2.7,1,0
60883,70.14,11.1,1,3.8,4.3,0,0
60884,85.51,10.3,1,12.9,6.0,0,0
60885,131.29,4.9,0,1.6,4.7,0,0
60886,31.99,4.5,1,3.4,2.0,0,0
60887,46.35,6.9,0,4.0,0.3,0,0
60888,68.22,5.7,0,0.2,1.1,0,0
60889,36.1,11.3,0,22.6,5.3,0,0
60890,19.01,8.3,1,6.6,6.3,0,0
60891,103.38,4.0,1,1.8,0.6,1,0
60892,115.05,8.3,0,2.6,2.5,1,0
60893,123.03,8.3,0,15.3,1.2,0,0
60894,146.59,4.1,0,11.4,2.7,0,0
60895,151.65,6.2,0,31.6,6.3,0,0
60896,85.74,9.3,1,2.5,2.6,0,0
60897,108.32,13.1,0,7.6,2.0,1,1
60898,133.59,10.8,0,2.3,0.5,0,0
60899,103.49,5.0,0,9.4,2.2,0,0
60900,144.46,13.7,0,0.2,2.9,0,0
60901,52.13,6.2,0,1.7,2.9,0,0
60902,102.84,10.3,1,5.4,0.3,0,0
60903,188.65,12.8,1,0.6,1.5,1,1
60904,53.29,10.0,0,2.5,10.8,0,0
60905,49.9,5.8,0,4.7,8.3,1,0
60906,84.59,9.2,1,0.3,1.1,0,0
60907,126.66,9.3,0,4.3,2.3,0,0
60908,10.0,3.7,0,6.6,2.4,0,0
60909,21.43,6.6,0,5.6,2.3,1,0
60910,186.67,10.9,0,1.2,2.2,0,0
60911,175.91,6.2,0,0.7,0.3,0,0
60912,130.81,5.0,0,8.8,3.6,0,0
60913,139.43,0.3,1,12.7,4.4,1,0
60914,86.08,1.4,1,9.7,2.1,1,0
60915,88.91,16.6,0,22.1,0.9,0,0
60916,83.21,4.3,1,1.7,2.6,1,0
60917,50.14,5.2,1,16.3,7.7,0,0
60918,36.97,12.5,0,8.1,0.4,0,0
60919,111.01,4.1,0,2.1,3.1,0,0
60920,40.52,6.1,0,5.6,0.1,0,0
60921,69.72,11.7,0,2.9,1.2,0,0
60922,100.24,8.4,0,7.8,6.1,0,0
60923,28.1,2.6,1,1.8,1.4,0,0
60924,169.43,5.7,0,1.9,1.2,0,0
60925,60.8,11.8,0,4.0,0.0,0,0
60926,98.54,6.7,0,14.4,5.3,0,0
60927,118.38,7.9,0,3.0,1.7,0,0
60928,159.41,7.9,0,9.4,1.4,0,0
60929,154.93,12.8,0,9.0,1.0,0,0
60930,146.77,4.6,1,0.2,3.0,1,0
60931,49.79,1.7,0,3.3,8.4,0,0
60932,63.15,11.4,0,20.4,3.3,1,0
60933,35.94,2.4,0,6.2,0.1,0,0
60934,123.32,2.5,1,4.3,2.1,0,0
60935,61.71,11.8,0,3.6,8.1,0,0
60936,25.26,6.2,1,3.7,0.2,1,0
60937,11.74,8.4,0,10.1,3.5,0,0
60938,159.57,0.0,0,1.7,1.2,0,0
60939,10.0,10.4,0,1.4,3.2,0,0
60940,206.27,3.9,1,2.2,0.7,1,0
60941,144.61,12.2,0,22.7,1.7,0,0
60942,51.83,7.8,1,1.2,5.9,1,0
60943,80.18,11.1,0,5.0,0.2,1,0
60944,99.78,9.7,1,13.3,7.5,1,0
60945,95.53,7.4,0,0.6,1.4,1,0
60946,76.92,5.5,0,2.4,4.0,0,1
60947,85.65,4.9,0,1.9,0.8,0,0
60948,161.23,12.5,1,2.1,3.1,0,0
60949,154.73,1.0,1,1.5,3.7,0,0
60950,148.14,2.6,1,6.7,4.8,0,0
60951,142.8,6.8,0,12.4,6.7,0,0
60952,51.54,0.0,0,2.4,0.7,0,0
60953,54.52,6.5,0,1.5,0.2,1,0
60954,87.64,8.0,1,2.3,0.0,0,0
60955,89.39,11.5,1,5.1,1.6,0,0
60956,62.44,13.6,0,0.5,6.1,0,0
60957,123.01,1.6,1,7.2,0.0,0,0
60958,128.44,8.6,0,5.9,0.9,0,0
60959,31.95,11.5,0,2.1,0.4,1,1
60960,144.99,9.4,0,6.4,1.0,0,0
60961,99.13,10.0,0,0.6,0.3,0,0
60962,121.98,6.1,0,7.1,1.6,0,0
60963,153.63,6.3,0,6.4,3.4,1,0
60964,138.52,5.0,0,22.1,2.3,0,0
60965,126.78,9.6,0,1.8,0.2,1,0
60966,145.97,13.0,0,19.1,5.2,1,0
60967,76.02,10.1,0,0.2,2.7,1,0
60968,144.47,4.0,1,8.8,0.6,0,0
60969,44.34,4.3,1,14.0,0.0,0,0
60970,73.51,3.2,1,11.5,3.1,0,0
60971,10.0,3.3,1,0.7,4.3,0,0
60972,163.69,8.5,0,3.7,4.8,0,0
60973,86.34,3.4,0,3.9,1.7,1,0
60974,65.98,5.2,1,1.4,5.6,0,0
60975,103.2,11.5,0,18.4,1.5,0,1
60976,99.21,6.5,0,15.6,1.3,0,0
60977,10.0,6.9,0,11.4,1.2,1,0
60978,109.16,7.5,0,3.3,1.3,0,0
60979,165.57,9.6,1,16.5,2.1,0,0
60980,108.66,6.5,1,3.4,2.8,0,0
60981,73.15,0.0,0,28.0,1.8,0,0
60982,85.29,7.6,0,7.1,1.4,0,0
60983,100.6,5.5,0,2.4,1.9,0,0
60984,126.47,15.0,1,6.6,0.2,0,0
60985,108.24,2.8,0,1.9,5.2,0,0
60986,28.18,10.3,0,3.2,1.1,0,0
60987,92.03,6.9,1,0.7,1.7,1,0
60988,139.75,17.5,0,11.3,1.5,0,1
60989,104.94,10.2,0,6.8,5.0,0,0
60990,15.21,14.6,0,6.0,4.4,0,0
60991,80.59,0.0,1,3.7,2.0,0,0
60992,57.46,7.4,0,3.8,2.2,0,1
60993,93.78,5.1,0,4.6,2.9,0,0
60994,107.63,11.0,1,0.5,0.7,1,0
60995,84.78,9.4,1,3.9,0.2,0,0
60996,71.81,10.4,1,1.7,2.0,0,0
60997,163.21,7.9,0,2.6,4.7,1,1
60998,67.83,11.8,0,12.9,4.7,0,0
60999,94.19,8.1,1,16.9,2.9,0,0
61000,10.0,5.6,1,3.9,2.8,0,0
61001,144.58,8.3,0,6.3,4.6,0,0
61002,76.65,12.9,0,22.3,4.6,0,0
61003,54.09,10.0,1,4.9,1.9,1,0
61004,25.44,9.5,0,0.3,4.6,0,0
61005,86.16,10.2,0,3.0,1.1,1,0
61006,163.51,8.9,0,11.1,1.2,0,0
61007,132.07,6.2,0,7.5,8.4,0,0
61008,84.56,8.4,1,6.9,1.9,1,0
61009,64.1,0.0,1,6.3,1.4,0,0
61010,164.6,0.0,1,5.4,2.9,0,0
61011,51.89,10.8,0,1.5,1.2,0,0
61012,103.01,3.6,0,4.0,0.0,0,0
61013,88.02,3.3,1,4.8,1.1,0,0
61014,173.4,8.7,0,4.7,4.7,1,1
61015,87.75,7.4,0,2.8,5.1,1,0
61016,213.81,8.8,1,2.7,0.1,1,1
61017,109.03,3.8,0,3.4,3.9,0,0
61018,30.91,9.6,1,3.5,8.5,0,0
61019,146.36,5.9,0,3.5,2.9,0,0
61020,169.96,12.8,0,6.5,2.3,0,0
61021,106.08,6.0,0,1.2,0.7,1,0
61022,138.53,9.7,0,1.3,5.2,0,1
61023,198.8,4.8,0,3.7,3.6,1,1
61024,128.25,15.6,1,11.2,4.1,0,0
61025,17.41,7.3,1,3.3,1.2,1,0
61026,47.35,9.0,0,1.5,1.2,0,0
61027,94.95,11.3,1,8.9,2.6,0,0
61028,83.23,6.8,0,0.5,2.8,0,0
61029,54.68,17.2,0,0.2,1.2,0,0
61030,157.33,11.7,0,11.1,1.0,0,0
61031,78.36,2.5,1,0.9,2.9,1,0
61032,200.91,9.5,1,1.3,0.0,0,0
61033,81.11,10.6,0,5.0,2.5,1,0
61034,130.1,10.7,0,0.8,1.9,0,0
61035,177.7,3.7,0,4.8,5.8,0,0
61036,135.09,7.0,0,1.5,3.9,0,0
61037,118.09,11.8,1,12.7,0.9,0,0
61038,146.03,5.7,0,8.3,0.2,0,0
61039,151.56,4.2,0,14.8,2.2,1,0
61040,117.39,4.3,0,16.2,2.7,0,0
61041,120.97,5.2,1,1.1,0.3,1,0
61042,149.41,0.2,0,24.4,0.5,0,0
61043,88.69,4.1,0,0.5,2.5,1,0
61044,54.64,9.4,1,0.2,2.1,0,0
61045,193.13,12.3,1,0.7,0.6,0,0
61046,95.92,6.3,0,2.3,7.7,1,1
61047,51.82,8.4,1,12.9,4.3,1,0
61048,120.78,7.6,1,16.9,6.5,0,0
61049,12.04,6.8,1,18.5,1.0,0,0
61050,125.22,3.3,1,5.8,1.0,0,1
61051,83.62,2.6,0,2.7,0.9,0,0
61052,10.0,12.7,0,1.1,1.3,0,0
61053,98.68,7.4,0,1.0,0.8,0,1
61054,48.49,10.5,0,2.5,3.2,0,0
61055,106.4,8.0,0,4.2,0.7,0,0
61056,79.71,13.1,0,0.2,3.4,1,0
61057,50.25,2.7,1,8.2,1.6,1,0
61058,119.62,6.8,0,9.5,1.9,0,0
61059,20.99,6.1,0,3.7,1.9,0,0
61060,52.54,4.7,1,9.5,1.2,1,0
61061,99.0,0.0,0,16.6,1.2,0,0
61062,92.86,8.0,0,8.7,1.7,0,0
61063,70.31,9.9,0,6.1,2.8,0,0
61064,51.19,13.7,0,1.9,2.6,0,0
61065,49.94,6.3,1,11.2,0.7,1,0
61066,125.49,3.2,1,19.7,3.6,0,0
61067,102.8,3.6,1,4.3,0.1,0,0
61068,142.9,4.8,1,2.0,1.5,1,0
61069,24.0,8.4,1,0.7,1.0,0,0
61070,126.21,3.8,1,27.5,3.6,0,0
61071,93.83,7.8,0,3.5,2.1,0,0
61072,79.75,3.4,1,3.8,1.6,0,0
61073,101.31,7.1,0,2.5,0.5,0,0
61074,105.82,15.8,0,6.7,8.6,0,0
61075,96.46,8.8,0,2.3,1.3,0,0
61076,35.66,3.8,0,18.4,0.3,0,0
61077,60.75,19.0,0,2.6,4.4,1,1
61078,109.95,12.1,0,16.8,2.8,0,0
61079,99.39,10.5,0,3.6,2.9,1,0
61080,54.27,6.8,0,38.3,3.4,0,0
61081,138.86,11.0,0,9.0,3.3,0,0
61082,96.85,10.6,1,9.1,11.9,1,0
61083,114.07,4.0,0,5.4,0.3,0,0
61084,166.5,12.1,0,6.6,2.5,0,0
61085,110.77,11.3,0,4.7,6.3,1,1
61086,74.3,7.7,0,0.2,1.1,0,0
61087,10.0,5.5,1,2.4,5.3,1,0
61088,35.07,13.3,0,4.4,0.4,1,1
61089,27.89,6.2,1,1.1,7.2,0,1
61090,16.86,8.0,0,16.3,1.1,1,0
61091,91.17,3.4,0,8.6,1.2,0,0
61092,10.0,3.5,0,3.7,2.2,0,0
61093,86.11,15.1,1,2.9,7.2,0,0
61094,92.91,13.7,1,5.8,6.8,0,0
61095,106.53,12.5,0,12.9,2.2,0,0
61096,121.33,9.1,0,6.1,1.3,1,0
61097,111.34,2.3,1,2.2,1.9,0,0
61098,125.14,9.5,1,0.5,0.2,1,1
61099,52.47,9.7,0,6.2,1.4,0,0
61100,65.47,7.7,0,32.9,7.5,0,0
61101,242.26,10.5,0,1.5,0.5,0,0
61102,140.42,15.5,0,10.3,0.9,0,0
61103,146.41,5.7,1,0.4,0.2,0,0
61104,16.04,9.0,0,4.1,1.6,0,0
61105,154.11,3.8,1,14.1,0.4,0,0
61106,10.0,10.1,1,2.0,0.9,0,0
61107,10.0,6.9,0,2.5,3.1,1,0
61108,136.03,8.4,1,3.6,0.7,0,0
61109,173.04,4.7,0,0.7,2.1,0,0
61110,33.13,5.2,1,4.0,1.0,0,0
61111,35.39,0.0,0,5.7,9.9,1,1
61112,67.44,7.9,0,3.9,0.8,0,0
61113,10.0,6.5,0,12.9,2.7,0,0
61114,104.43,8.5,1,3.9,0.2,0,0
61115,121.4,7.7,0,5.6,7.6,0,0
61116,58.37,10.4,0,14.7,1.0,0,0
61117,10.0,14.6,0,5.4,0.1,0,0
61118,56.33,4.3,1,8.2,10.1,0,0
61119,160.94,10.7,0,2.9,4.2,0,0
61120,134.37,3.8,1,7.9,0.3,1,0
61121,92.13,6.1,0,2.8,4.9,0,0
61122,88.99,7.3,1,13.6,1.3,1,1
61123,77.16,10.9,1,1.7,13.3,0,0
61124,136.6,2.7,1,1.9,2.2,0,0
61125,132.09,2.4,0,14.0,0.5,0,0
61126,25.77,7.8,0,7.1,2.0,0,0
61127,80.58,0.0,0,2.3,0.3,0,0
61128,71.62,11.7,0,10.7,2.7,0,0
61129,151.43,10.4,1,1.5,2.7,0,0
61130,149.03,7.5,0,1.8,5.0,0,0
61131,54.6,10.5,1,0.4,0.8,0,0
61132,120.6,0.0,1,8.1,1.9,1,0
61133,128.08,10.2,0,9.8,2.7,0,0
61134,89.77,10.2,0,3.0,1.4,0,0
61135,96.83,0.4,1,11.7,2.2,0,0
61136,162.4,8.1,1,9.5,8.5,1,1
61137,69.28,6.1,1,0.3,7.3,0,0
61138,155.51,0.0,1,1.3,4.3,0,0
61139,149.46,6.7,1,8.4,6.3,0,0
61140,106.82,9.7,1,0.2,6.4,0,1
61141,53.86,0.0,1,3.5,0.1,1,0
61142,120.34,10.1,1,1.2,2.2,0,1
61143,109.2,12.4,0,1.7,1.3,0,1
61144,11.3,2.6,1,8.7,0.8,1,0
61145,124.67,1.7,0,8.7,1.4,1,0
61146,61.53,11.9,0,3.4,5.7,0,0
61147,119.53,6.0,0,9.0,0.8,0,0
61148,163.02,12.3,1,10.9,7.0,1,0
61149,10.0,7.8,1,2.6,0.2,0,0
61150,41.13,2.3,0,8.1,3.2,1,0
61151,33.79,2.8,0,1.9,0.6,1,0
61152,45.19,15.9,0,2.7,1.5,0,0
61153,101.13,0.7,1,0.5,1.0,0,0
61154,72.95,6.1,0,6.9,2.3,0,0
61155,16.88,4.2,0,13.9,6.1,0,0
61156,12.14,0.0,0,9.0,5.1,1,0
61157,10.0,9.9,0,4.7,0.2,0,0
61158,124.69,4.0,0,4.5,3.2,0,0
61159,58.23,10.1,0,0.7,6.4,0,0
61160,29.65,7.3,0,1.7,1.8,0,0
61161,56.2,10.2,0,13.9,0.9,1,0
61162,92.43,0.0,0,9.6,0.3,0,0
61163,63.93,6.4,0,11.4,6.5,0,0
61164,136.67,11.4,0,3.4,1.5,0,0
61165,109.87,5.6,0,10.8,4.4,0,0
61166,77.96,6.5,1,1.4,0.8,1,0
61167,35.19,2.9,0,15.6,4.2,1,0
61168,146.85,7.0,0,5.9,0.1,0,0
61169,127.76,3.2,0,5.9,1.5,1,0
61170,10.0,6.6,0,2.3,3.0,0,0
61171,136.35,4.0,0,5.2,1.2,0,0
61172,120.38,12.1,0,15.5,4.2,0,0
61173,116.47,11.5,1,10.6,0.1,0,0
61174,128.88,3.1,1,4.7,0.3,0,0
61175,107.04,17.6,0,1.9,2.2,0,0
61176,168.45,9.0,1,2.9,2.1,0,0
61177,82.53,9.1,1,1.6,8.3,0,0
61178,10.0,13.7,1,18.7,0.5,0,0
61179,117.92,9.7,0,2.6,0.4,0,0
61180,142.48,4.4,0,0.9,0.1,0,0
61181,94.07,0.9,0,0.3,0.9,0,0
61182,63.39,0.0,0,7.3,9.9,0,0
61183,144.65,16.3,0,3.9,2.3,0,0
61184,106.53,8.7,0,7.3,1.4,0,0
61185,10.0,9.2,0,1.1,4.7,1,1
61186,76.62,10.2,0,10.2,0.1,0,0
61187,31.27,5.6,0,20.7,1.3,0,0
61188,97.3,9.8,1,9.4,0.0,1,0
61189,47.71,2.2,1,4.0,6.1,0,0
61190,174.81,8.5,1,3.1,6.7,0,0
61191,10.0,11.1,0,0.2,2.7,0,0
61192,204.16,4.1,0,1.1,5.2,0,0
61193,211.4,19.7,1,4.1,3.4,0,1
61194,58.88,2.3,0,14.3,0.6,0,0
61195,59.65,10.2,0,1.0,3.5,0,0
61196,128.55,7.8,0,2.2,0.1,0,0
61197,158.14,13.7,0,3.5,5.5,0,0
61198,49.2,6.8,0,7.9,1.5,1,0
61199,69.2,3.9,0,2.0,12.3,0,0
61200,172.57,11.5,0,2.7,4.4,0,1
61201,127.95,4.7,1,9.5,0.4,0,0
61202,86.3,11.4,0,12.6,2.1,0,0
61203,82.63,2.6,0,2.7,1.4,0,0
61204,182.77,5.1,0,19.5,0.9,0,0
61205,80.92,4.2,0,10.8,15.0,0,0
61206,52.39,2.1,1,1.9,0.7,1,0
61207,107.98,2.6,1,0.2,0.0,0,0
61208,128.88,14.1,0,5.5,1.7,1,0
61209,44.62,16.8,0,4.3,2.1,0,0
61210,104.16,0.3,0,3.4,0.3,0,0
61211,92.37,13.1,1,11.5,3.3,1,0
61212,116.55,9.8,1,13.6,1.6,0,0
61213,154.5,8.0,0,11.4,1.1,0,0
61214,109.2,2.2,0,23.8,0.4,0,0
61215,137.32,12.5,0,1.4,3.3,0,1
61216,58.7,0.4,0,6.6,3.1,0,0
61217,100.51,7.2,0,4.6,1.1,0,0
61218,43.76,4.8,0,3.3,4.0,0,0
61219,37.88,7.0,0,2.4,2.4,1,0
61220,133.99,13.6,1,1.5,1.3,0,0
61221,90.66,0.0,1,9.1,7.7,0,0
61222,123.33,2.5,0,2.2,15.0,0,0
61223,82.79,6.2,0,0.4,1.6,1,0
61224,48.93,12.2,0,5.9,5.1,0,0
61225,208.5,10.3,0,4.6,5.5,0,0
61226,48.28,15.3,1,2.3,6.0,0,0
61227,77.96,8.7,0,4.9,0.7,0,0
61228,203.55,9.4,1,1.4,0.2,1,1
61229,84.48,5.4,1,7.3,7.2,0,0
61230,80.03,0.0,0,0.7,0.8,0,0
61231,79.71,14.5,0,1.0,6.3,0,0
61232,10.0,9.2,0,15.5,1.8,0,0
61233,53.42,7.7,0,10.6,3.3,0,0
61234,133.01,4.6,0,10.1,2.0,0,0
61235,61.31,14.4,0,2.0,12.6,0,0
61236,10.0,1.7,0,12.8,0.1,0,0
61237,25.05,3.2,0,2.8,1.3,0,0
61238,120.35,6.0,0,0.2,2.2,0,0
61239,86.84,10.3,0,1.0,3.6,0,1
61240,203.77,7.0,0,0.7,2.4,1,1
61241,23.85,10.7,0,0.6,2.2,1,0
61242,95.23,11.3,1,1.2,0.4,0,0
61243,66.99,7.0,0,10.6,4.6,0,0
61244,82.91,13.1,0,6.7,1.0,0,0
61245,17.67,2.6,0,13.3,0.4,0,0
61246,50.44,6.1,0,13.1,2.7,0,0
61247,151.49,7.9,0,2.7,1.5,1,0
61248,81.84,11.3,0,6.6,1.7,1,0
61249,151.57,13.8,1,3.0,2.3,0,1
61250,76.35,5.0,0,1.3,0.1,1,0
61251,118.12,9.1,0,8.8,3.5,0,0
61252,69.3,3.8,0,2.6,2.4,0,0
61253,83.89,6.8,0,1.3,1.6,0,0
61254,45.12,9.9,1,0.8,0.6,0,0
61255,100.24,10.3,0,16.7,0.1,0,0
61256,183.0,9.0,0,0.6,0.5,0,0
61257,102.82,5.5,0,0.4,1.4,0,0
61258,174.81,7.6,0,0.9,0.3,1,0
61259,127.08,6.1,0,6.6,8.8,0,0
61260,100.72,8.4,1,1.2,0.9,0,0
61261,41.26,6.0,1,2.5,2.8,1,0
61262,71.06,5.2,0,14.6,5.5,0,0
61263,138.53,5.6,1,7.1,0.8,0,0
61264,28.86,8.9,0,4.1,1.7,0,0
61265,78.9,5.2,1,4.5,6.2,1,1
61266,128.61,3.1,0,1.1,2.3,0,0
61267,104.6,11.3,0,3.6,1.6,0,0
61268,240.26,4.6,0,1.2,1.0,0,0
61269,124.5,5.7,0,4.5,0.5,0,0
61270,95.98,5.0,1,9.4,0.5,0,0
61271,67.97,7.6,0,0.5,9.5,0,0
61272,67.37,9.1,0,2.4,2.4,0,0
61273,71.96,6.0,1,3.2,0.2,0,0
61274,113.91,10.0,1,1.6,0.3,0,0
61275,233.64,6.4,0,1.9,0.2,0,0
61276,84.52,9.1,0,5.9,0.5,0,0
61277,97.45,13.5,0,2.8,0.4,1,1
61278,81.99,6.2,0,2.6,3.7,0,0
61279,77.71,9.2,0,0.2,0.0,0,0
61280,16.78,12.9,0,5.3,3.1,0,0
61281,57.62,4.9,1,5.7,5.3,1,0
61282,65.79,1.9,1,7.6,11.1,0,0
61283,174.59,7.8,0,2.6,3.6,0,0
61284,30.73,9.8,1,3.5,3.3,1,0
61285,98.78,10.4,1,0.4,14.2,0,0
61286,128.16,7.4,0,17.9,4.4,0,0
61287,105.2,8.3,0,2.6,3.3,0,0
61288,39.67,6.6,0,3.6,1.0,0,0
61289,88.43,10.0,0,0.3,1.5,0,0
61290,10.0,8.6,0,6.4,3.9,0,0
61291,146.52,4.8,1,7.6,4.2,0,0
61292,116.99,13.7,0,15.2,0.7,0,0
61293,39.52,10.8,0,11.9,3.4,1,0
61294,146.86,4.0,1,1.2,5.2,0,0
61295,83.98,4.6,1,3.4,1.1,1,0
61296,111.68,5.9,0,9.1,0.9,0,0
61297,96.1,18.8,0,1.6,0.7,0,0
61298,74.44,0.0,1,5.2,2.4,0,0
61299,60.26,18.2,1,5.4,3.9,1,1
61300,157.81,6.9,1,8.1,13.8,1,0
61301,88.63,4.7,0,5.0,6.4,1,0
61302,64.26,13.2,1,0.8,0.9,1,0
61303,80.13,6.9,0,13.3,1.7,0,0
61304,110.93,15.5,0,1.5,0.6,0,0
61305,103.72,7.6,0,18.8,1.5,0,0
61306,140.24,9.5,0,16.6,4.3,0,0
61307,115.49,8.1,1,0.5,0.1,0,0
61308,103.57,14.4,0,2.8,0.6,0,0
61309,114.69,5.2,0,8.1,1.1,0,0
61310,128.52,6.5,0,0.9,1.0,0,0
61311,22.71,7.6,1,0.2,8.6,1,1
61312,76.81,7.8,0,8.4,6.0,0,0
61313,26.27,14.9,1,3.6,13.4,0,0
61314,54.57,10.9,0,1.8,2.0,0,0
61315,85.8,7.3,1,0.2,4.1,0,0
61316,83.5,7.2,0,8.6,7.0,0,0
61317,73.67,3.8,0,1.2,3.8,0,0
61318,71.5,7.8,0,1.7,6.2,0,1
61319,32.81,11.0,1,5.4,0.7,0,0
61320,48.42,5.7,0,2.3,1.7,1,0
61321,10.0,4.2,0,4.3,0.0,0,0
61322,61.28,11.7,1,14.0,0.0,1,0
61323,83.05,11.8,1,1.7,1.0,0,0
61324,83.21,3.7,1,3.4,0.3,0,0
61325,133.47,5.0,1,11.4,4.8,0,0
61326,140.19,13.6,1,13.0,0.6,0,0
61327,77.08,5.4,1,15.2,4.0,0,0
61328,71.68,11.0,0,7.1,4.1,1,0
61329,172.69,4.2,0,3.9,4.6,0,0
61330,90.54,7.1,1,0.6,2.4,0,0
61331,74.62,18.9,0,34.8,4.4,1,0
61332,106.05,2.0,1,6.4,6.5,1,0
61333,142.74,4.2,0,2.0,1.2,0,0
61334,123.72,3.0,1,13.4,0.6,0,0
61335,115.46,10.0,1,2.6,0.1,0,0
61336,90.72,0.0,0,0.8,1.3,0,0
61337,73.78,14.7,0,15.6,1.2,0,0
61338,216.55,7.2,0,1.7,2.7,1,0
61339,10.0,4.2,0,1.5,0.7,0,0
61340,76.32,12.5,0,0.6,4.2,0,0
61341,102.27,7.2,0,33.3,4.0,0,0
61342,69.58,13.6,0,2.5,6.2,0,0
61343,44.35,8.8,0,17.9,1.1,0,0
61344,58.52,6.5,0,0.7,2.8,1,0
61345,63.67,10.3,0,8.4,2.9,0,0
61346,129.76,11.1,1,11.0,0.2,0,0
61347,88.49,8.6,0,1.5,2.2,0,1
61348,74.59,4.9,0,14.4,6.1,1,0
61349,110.11,15.9,0,13.7,0.8,0,0
61350,10.0,7.6,1,7.7,5.2,1,0
61351,70.47,5.5,1,1.5,5.6,1,1
61352,50.88,12.1,0,2.2,1.5,1,0
61353,76.42,10.6,1,1.5,5.0,1,1
61354,32.46,10.7,0,8.3,12.4,0,0
61355,134.63,6.0,0,10.1,11.0,0,0
61356,46.96,3.2,0,0.2,3.9,0,0
61357,23.17,10.2,0,5.9,1.9,0,0
61358,70.09,6.8,0,7.0,1.8,0,0
61359,71.93,8.3,1,0.2,1.6,1,0
61360,107.81,14.4,0,1.0,1.8,0,0
61361,160.8,13.7,1,6.6,2.9,0,0
61362,93.87,3.7,1,17.0,3.0,0,0
61363,119.55,13.6,0,2.1,2.2,1,0
61364,59.53,12.6,1,14.7,2.3,0,0
61365,27.23,7.4,0,15.0,3.0,0,0
61366,117.87,13.0,0,0.5,13.9,0,0
61367,174.25,5.9,0,11.0,0.6,0,0
61368,71.2,8.3,0,8.5,2.9,0,0
61369,78.72,12.0,1,6.9,2.7,1,1
61370,136.11,5.5,0,2.1,5.4,0,0
61371,126.62,3.7,1,5.1,3.3,1,0
61372,70.14,10.1,0,3.9,0.1,1,0
61373,153.38,6.4,0,2.4,0.8,0,0
61374,49.06,10.2,0,18.9,1.5,1,0
61375,99.18,6.9,0,7.2,1.0,0,0
61376,36.2,0.0,1,31.4,1.3,0,0
61377,93.26,6.6,0,3.1,0.4,1,0
61378,117.51,12.2,1,5.2,13.5,1,0
61379,68.35,7.9,0,7.1,1.7,0,0
61380,84.72,7.1,1,9.3,11.3,0,0
61381,100.77,4.4,0,3.6,1.1,0,0
61382,107.2,11.9,1,0.2,0.4,0,0
61383,63.4,2.1,0,5.6,0.6,1,0
61384,176.5,7.5,0,4.7,0.4,0,0
61385,95.63,15.1,1,4.9,10.1,1,1
61386,116.76,4.7,0,5.9,8.5,0,0
61387,28.73,10.6,0,8.3,2.5,0,0
61388,108.91,7.0,0,4.4,0.9,0,0
61389,37.59,2.3,0,0.7,0.9,0,0
61390,143.62,11.9,1,10.1,0.1,0,0
61391,105.7,0.1,0,1.3,0.2,0,0
61392,61.85,7.8,0,13.7,1.5,1,0
61393,88.87,18.2,0,11.7,0.1,0,0
61394,132.06,7.8,1,11.9,1.9,0,0
61395,88.85,1.8,1,5.2,1.0,0,0
61396,71.06,5.4,1,26.1,1.6,0,0
61397,117.97,11.4,1,9.2,5.4,0,0
61398,94.14,7.8,0,0.5,1.9,1,0
61399,160.39,3.3,1,4.2,4.2,0,0
61400,170.94,6.9,1,19.5,1.0,0,0
61401,22.1,7.9,1,3.7,0.4,0,0
61402,78.54,11.8,1,1.8,3.1,0,0
61403,217.11,6.2,0,5.7,4.3,1,1
61404,122.48,8.8,0,8.2,4.8,0,0
61405,136.49,4.0,0,2.3,2.5,0,0
61406,109.8,10.3,0,7.0,0.4,0,0
61407,109.15,3.8,1,6.7,0.9,0,0
61408,10.0,7.1,0,4.0,11.3,0,1
61409,123.38,5.1,1,13.2,1.5,0,0
61410,173.01,10.8,0,10.3,2.5,1,0
61411,37.98,9.6,1,5.4,1.9,1,0
61412,55.57,9.2,0,21.0,2.1,0,0
61413,89.27,15.3,1,1.5,0.8,1,0
61414,11.48,10.9,0,27.8,0.1,1,0
61415,74.33,10.8,1,2.4,0.2,0,0
61416,34.86,11.3,1,11.4,1.7,0,0
61417,117.95,6.6,0,15.0,6.0,1,0
61418,104.0,6.8,1,1.9,0.2,0,0
61419,77.97,7.2,0,1.5,1.5,0,0
61420,71.65,1.7,0,5.1,0.7,1,0
61421,98.92,2.4,0,2.3,4.3,0,0
61422,147.38,8.7,0,8.2,1.1,0,0
61423,66.46,12.7,0,17.3,13.0,0,0
61424,97.16,6.9,1,10.7,2.0,0,0
61425,164.1,2.0,1,1.8,3.9,0,0
61426,53.7,3.8,1,6.2,7.7,0,0
61427,146.84,1.0,0,30.8,2.0,1,0
61428,81.3,14.8,0,1.2,1.1,0,0
61429,186.25,7.4,1,3.2,3.8,1,0
61430,10.0,9.7,0,6.0,3.1,0,0
61431,58.05,12.1,0,0.2,0.1,0,0
61432,105.97,5.9,1,1.5,0.6,0,0
61433,106.0,7.3,0,7.4,10.1,0,0
61434,135.14,7.9,0,6.6,0.2,0,0
61435,87.64,11.8,0,5.3,5.8,0,0
61436,159.91,8.6,0,5.7,4.9,1,0
61437,134.03,9.3,0,3.4,2.2,0,0
61438,45.33,5.4,0,5.5,1.8,0,0
61439,153.72,4.7,0,2.4,0.7,0,0
61440,112.78,10.2,0,5.2,10.3,0,0
61441,128.97,9.4,1,1.4,9.5,0,0
61442,164.85,5.9,1,2.6,0.3,0,0
61443,10.0,6.5,0,1.5,1.7,0,0
61444,12.15,9.0,0,7.4,1.9,0,0
61445,121.47,5.1,1,2.3,0.2,0,0
61446,10.0,4.2,0,0.5,2.2,1,0
61447,86.7,0.9,1,17.3,1.5,0,0
61448,104.12,10.9,0,1.2,2.5,0,1
61449,75.26,6.7,0,11.6,0.2,0,0
61450,154.16,6.0,0,5.0,2.1,0,0
61451,104.67,8.8,0,4.6,0.7,1,0
61452,216.53,8.0,0,12.9,2.1,0,0
61453,38.08,4.1,1,4.9,2.1,0,0
61454,132.68,6.6,0,5.6,6.7,1,0
61455,130.19,10.1,1,5.6,4.5,0,0
61456,86.25,8.3,0,1.5,0.8,0,0
61457,118.89,11.8,0,15.8,5.1,0,0
61458,93.0,10.5,0,1.6,3.1,0,0
61459,24.51,9.7,1,13.5,1.2,0,0
61460,104.59,1.6,1,0.5,7.6,0,0
61461,180.17,14.4,0,3.1,0.8,0,0
61462,177.87,8.6,0,0.2,0.1,0,0
61463,46.85,10.6,0,10.7,1.9,0,0
61464,99.66,14.3,0,6.2,15.0,0,0
61465,167.24,9.2,1,0.2,1.7,0,0
61466,33.69,0.5,1,4.5,7.4,0,0
61467,102.7,0.1,0,1.9,0.0,0,0
61468,50.41,1.4,1,0.3,0.3,0,0
61469,145.08,3.2,0,3.1,0.6,0,0
61470,108.35,12.5,1,4.7,4.2,0,0
61471,56.19,10.5,0,5.2,2.6,0,0
61472,73.44,9.2,0,2.5,0.5,0,0
61473,148.87,7.1,1,1.2,2.7,0,0
61474,85.5,14.4,0,0.2,3.0,0,0
61475,50.77,7.4,0,0.7,3.1,0,0
61476,129.08,2.1,0,0.4,0.1,0,0
61477,109.07,6.4,0,0.5,5.3,1,0
61478,92.43,10.8,0,7.6,6.8,0,0
61479,75.44,10.1,1,0.2,4.5,1,0
61480,109.58,0.0,0,5.7,0.9,0,0
61481,134.12,6.9,0,4.9,1.4,1,0
61482,52.11,14.3,1,1.0,0.5,0,0
61483,59.54,4.9,1,13.1,7.7,1,0
61484,111.0,4.5,0,0.2,1.1,0,0
61485,91.37,8.2,1,1.6,4.7,1,0
61486,94.57,13.7,0,1.7,2.4,1,0
61487,57.92,2.9,0,13.8,0.3,0,0
61488,126.59,9.4,0,2.1,1.0,1,0
61489,51.96,6.5,0,2.5,13.3,0,0
61490,150.87,1.4,0,2.6,0.6,1,0
61491,157.36,7.5,0,7.6,1.2,0,0
61492,165.96,6.3,0,5.8,4.5,0,0
61493,198.56,8.3,0,15.7,5.6,0,0
61494,74.2,5.4,0,12.0,14.4,1,0
61495,158.21,7.3,0,4.1,3.5,0,0
61496,64.21,5.0,0,1.0,2.0,1,0
61497,24.51,13.4,1,2.9,1.5,0,0
61498,36.19,3.1,1,2.8,2.1,0,0
61499,54.18,7.9,1,0.2,0.4,0,1
61500,13.96,5.9,1,10.0,5.1,0,0
61501,195.79,6.4,0,5.1,0.0,0,0
61502,84.41,7.2,0,3.1,8.8,0,0
61503,156.42,5.1,0,18.4,0.9,0,0
61504,159.78,0.0,0,0.4,1.3,0,0
61505,57.4,13.6,0,2.7,3.5,0,0
61506,100.61,5.8,0,7.5,1.3,0,0
61507,25.59,11.7,0,3.3,6.7,0,0
61508,115.14,4.2,1,5.4,0.8,0,0
61509,123.6,11.3,1,12.8,1.4,0,0
61510,179.08,5.6,1,2.2,7.3,0,0
61511,89.46,7.7,1,0.2,3.6,0,0
61512,137.18,2.6,1,13.5,1.1,0,0
61513,63.48,2.2,1,5.0,5.4,0,0
61514,174.81,4.7,1,12.1,0.3,0,0
61515,128.89,12.1,0,6.7,3.3,1,0
61516,25.27,12.2,1,8.7,3.7,1,0
61517,40.23,9.2,1,2.4,2.3,0,1
61518,99.69,14.4,1,6.4,0.6,1,1
61519,106.31,7.4,0,2.5,0.6,0,0
61520,70.65,5.1,0,26.1,3.7,0,0
61521,105.15,6.1,1,0.5,4.3,0,0
61522,10.0,10.0,1,0.3,8.2,0,0
61523,49.43,6.6,1,6.6,1.7,1,0
61524,52.22,13.5,0,4.1,7.4,0,1
61525,150.33,5.9,0,0.7,5.8,1,0
61526,52.69,11.9,0,1.1,3.2,0,0
61527,10.0,9.9,0,9.0,3.4,0,0
61528,133.61,10.7,0,0.9,0.3,0,0
61529,141.71,3.7,1,5.4,0.8,0,0
61530,17.94,0.0,0,6.9,0.9,0,0
61531,88.55,8.3,0,11.0,1.9,0,0
61532,20.22,5.6,1,6.4,3.6,0,0
61533,80.2,9.3,1,10.4,0.1,0,0
61534,76.31,9.8,1,10.8,0.9,0,0
61535,164.61,5.6,1,6.9,1.1,0,0
61536,152.83,4.6,1,7.7,0.4,0,0
61537,66.29,8.0,0,0.3,0.6,1,1
61538,116.05,0.0,0,0.8,3.2,0,0
61539,71.47,6.2,1,1.5,3.7,0,0
61540,121.24,7.4,1,5.4,5.8,0,0
61541,95.37,9.8,0,9.4,4.9,0,0
61542,72.9,4.2,1,0.9,0.0,0,0
61543,149.36,7.5,1,3.3,3.3,0,0
61544,87.98,11.0,1,6.0,6.0,0,0
61545,185.0,9.2,1,0.2,0.3,0,0
61546,67.71,11.0,1,4.5,0.9,0,0
61547,127.46,3.9,1,11.0,5.1,0,0
61548,47.36,5.8,0,2.5,0.8,1,0
61549,126.84,8.8,0,6.4,4.9,0,1
61550,178.2,4.0,1,6.3,2.1,1,0
61551,132.06,6.4,1,5.6,3.2,1,0
61552,181.43,11.8,0,2.7,12.1,0,0
61553,44.47,8.4,0,6.5,3.4,0,0
61554,127.69,10.3,1,12.2,1.5,0,1
61555,86.95,14.2,0,7.8,2.1,0,0
61556,38.67,6.3,0,1.2,0.0,0,0
61557,91.96,13.9,0,4.4,0.8,0,0
61558,158.49,6.6,0,3.9,4.1,0,0
61559,92.01,2.1,0,11.8,3.5,0,0
61560,125.86,8.8,0,3.7,3.4,0,0
61561,52.53,6.1,0,3.6,4.8,1,0
61562,139.26,2.2,0,1.9,10.2,0,0
61563,97.3,5.2,0,3.4,0.8,0,0
61564,92.07,4.7,0,7.4,4.4,1,0
61565,108.79,10.3,1,7.6,0.2,0,0
61566,206.99,14.7,0,4.4,6.5,0,1
61567,166.29,9.2,1,3.6,3.0,0,1
61568,47.23,9.5,0,14.2,5.9,0,0
61569,111.9,4.7,1,18.7,0.4,0,0
61570,77.14,5.2,0,4.2,4.6,0,0
61571,97.12,9.7,1,2.8,1.5,0,0
61572,72.8,9.7,0,8.3,0.9,1,0
61573,107.39,12.5,0,0.5,6.4,0,0
61574,171.06,6.4,0,7.3,1.0,0,0
61575,29.03,5.4,0,1.4,2.7,1,0
61576,78.4,17.1,0,3.6,3.7,0,0
61577,84.17,11.4,0,27.5,4.0,0,0
61578,57.0,11.0,0,3.3,3.9,0,0
61579,71.69,3.1,0,7.1,0.5,0,0
61580,36.86,8.8,0,6.2,0.4,0,0
61581,141.04,12.6,0,2.7,1.7,0,0
61582,22.68,11.0,1,0.6,4.5,0,0
61583,204.98,11.6,0,3.7,3.6,0,0
61584,84.3,6.9,0,0.6,2.6,0,0
61585,49.82,3.9,0,7.3,3.3,0,0
61586,42.21,5.8,0,0.3,8.7,0,0
61587,124.75,9.6,0,0.8,0.6,0,0
61588,79.68,6.1,0,13.2,2.7,1,0
61589,198.07,11.4,0,0.2,3.7,0,1
61590,75.52,8.5,0,7.7,2.3,0,0
61591,146.41,7.6,1,3.7,0.3,0,0
61592,82.38,7.6,0,0.2,3.6,0,0
61593,54.59,1.3,0,6.7,4.9,0,0
61594,133.33,3.2,0,15.0,7.7,0,0
61595,167.6,12.6,1,5.4,1.7,0,1
61596,39.0,7.0,0,10.8,10.3,1,0
61597,20.96,6.2,0,9.3,7.7,0,0
61598,80.63,2.8,0,0.2,0.1,0,0
61599,10.0,10.0,0,22.0,0.7,0,0
61600,100.4,0.1,0,1.0,0.5,0,0
61601,39.5,9.7,0,2.1,11.4,0,0
61602,69.1,0.0,0,9.9,0.4,0,0
61603,94.19,7.8,0,4.6,1.2,1,0
61604,177.51,11.5,1,0.9,3.0,0,0
61605,107.81,6.7,0,2.8,2.1,0,0
61606,198.48,7.6,1,3.2,1.3,0,1
61607,145.68,12.5,1,3.2,1.0,1,0
61608,114.59,1.8,0,1.8,5.7,0,0
61609,201.77,6.8,1,2.7,2.4,1,0
61610,119.14,5.0,0,1.2,2.6,0,0
61611,110.26,7.2,1,1.0,2.6,0,0
61612,129.82,7.4,1,0.8,0.5,0,0
61613,219.57,11.7,0,7.8,0.7,1,0
61614,113.47,2.1,0,2.2,1.1,0,0
61615,93.52,9.6,0,4.4,1.3,1,0
61616,10.0,14.4,1,3.4,5.8,1,0
61617,114.57,5.6,0,2.6,2.1,0,0
61618,45.45,8.8,0,6.1,3.1,0,0
61619,10.0,4.1,0,16.7,4.7,0,0
61620,83.43,15.1,1,5.1,1.2,1,0
61621,171.23,0.2,0,4.4,5.1,1,0
61622,145.14,7.2,0,1.2,3.9,0,0
61623,132.93,7.8,1,7.3,1.6,1,1
61624,152.43,0.0,1,3.1,3.1,1,1
61625,10.0,2.1,0,10.3,0.6,0,0
61626,59.38,5.0,0,4.6,3.1,0,0
61627,109.11,6.3,0,1.2,1.3,1,0
61628,38.72,8.3,1,5.4,7.3,0,0
61629,113.84,0.0,0,9.1,0.0,0,0
61630,72.99,10.8,1,8.4,4.0,0,0
61631,173.08,6.3,0,2.5,1.3,0,0
61632,12.95,8.4,0,1.7,0.5,0,0
61633,10.0,6.6,0,3.5,4.9,0,0
61634,147.11,4.4,1,2.3,2.0,0,0
61635,103.53,10.8,0,14.9,0.3,0,0
61636,154.45,12.8,0,12.2,7.8,0,1
61637,47.83,13.2,0,11.5,0.4,0,0
61638,197.21,9.6,0,1.2,0.2,0,0
61639,135.39,3.3,0,0.8,5.4,0,0
61640,84.42,6.1,1,3.8,8.0,0,0
61641,94.97,4.6,0,9.4,4.2,0,0
61642,79.35,5.9,0,5.5,1.5,0,0
61643,53.97,2.4,0,3.5,4.0,0,0
61644,80.63,13.4,1,0.5,0.6,0,0
61645,105.67,7.9,0,8.5,1.0,0,0
61646,86.92,4.9,0,3.2,9.5,1,1
61647,12.18,10.1,0,4.9,0.2,0,0
61648,140.77,6.1,0,1.1,2.3,0,0
61649,10.0,7.9,1,7.8,0.1,1,0
61650,10.0,4.3,0,0.2,0.7,0,0
61651,119.86,3.9,0,2.3,2.6,1,0
61652,81.02,11.9,1,4.1,4.0,0,0
61653,132.21,10.3,1,0.9,6.5,0,0
61654,84.19,13.0,1,1.4,3.0,0,0
61655,168.41,6.6,1,6.7,0.2,0,0
61656,47.74,7.6,0,4.3,11.0,0,0
61657,118.59,9.9,1,4.7,0.5,0,0
61658,165.44,5.4,1,6.7,1.3,0,0
61659,116.04,2.9,1,14.2,2.3,0,0
61660,140.7,9.7,0,3.9,2.8,0,0
61661,112.6,5.9,1,2.0,2.3,0,0
61662,136.24,6.9,0,8.9,0.5,1,1
61663,38.08,13.7,1,9.0,4.9,0,0
61664,109.24,5.6,0,8.8,2.5,0,0
61665,83.75,9.2,0,1.4,7.6,0,0
61666,79.03,7.6,1,3.2,0.9,0,0
61667,10.0,8.3,1,13.7,2.4,0,0
61668,134.58,1.1,1,0.8,8.1,0,1
61669,133.76,9.9,1,12.0,0.5,0,0
61670,150.24,14.2,0,5.2,4.5,0,0
61671,72.8,13.3,0,7.8,2.6,0,0
61672,44.74,7.2,1,3.8,5.6,0,0
61673,142.31,15.6,0,10.9,7.7,1,1
61674,64.72,12.6,0,9.2,5.7,0,0
61675,69.77,7.3,1,28.0,0.1,0,0
61676,109.79,14.2,0,5.3,0.2,0,0
61677,46.11,7.4,0,2.0,11.0,1,0
61678,60.58,9.7,0,3.6,3.7,0,0
61679,90.28,13.7,1,5.0,0.5,0,0
61680,157.78,5.8,1,1.7,2.3,1,0
61681,59.25,7.5,1,5.8,3.5,0,0
61682,78.75,1.4,1,13.0,0.2,0,0
61683,170.05,5.6,0,7.1,1.3,0,0
61684,99.65,10.0,0,0.4,2.9,1,0
61685,111.0,7.9,0,6.3,4.7,1,1
61686,126.68,10.4,0,3.6,1.7,0,0
61687,66.15,0.1,1,17.1,0.8,0,0
61688,164.13,9.3,1,0.6,1.4,0,0
61689,121.82,4.6,1,10.9,1.3,0,0
61690,95.21,11.4,0,6.9,3.6,0,0
61691,80.03,4.0,1,4.9,10.2,1,0
61692,48.08,11.6,1,0.5,0.7,1,1
61693,95.73,2.2,1,6.6,0.3,1,0
61694,99.06,9.2,0,17.5,3.0,0,0
61695,75.89,7.9,0,1.7,8.1,0,0
61696,145.38,8.8,1,0.2,1.9,0,0
61697,98.48,7.0,1,1.7,2.6,1,1
61698,125.68,11.0,0,4.2,0.7,0,0
61699,89.9,9.0,0,1.6,6.3,1,1
61700,134.83,8.5,1,8.0,0.3,1,0
61701,91.04,8.2,0,5.2,5.3,0,0
61702,121.77,3.5,0,3.9,1.7,1,0
61703,11.88,9.0,0,0.6,4.2,0,0
61704,74.87,4.4,1,1.6,1.5,0,0
61705,89.59,11.9,0,3.8,2.3,0,0
61706,130.99,6.7,0,2.4,0.6,0,0
61707,86.99,7.6,0,7.4,10.2,1,0
61708,71.48,11.6,0,4.3,0.5,0,0
61709,116.55,5.9,0,9.4,0.6,1,0
61710,80.53,6.1,0,4.5,2.9,0,0
61711,158.32,7.9,1,3.0,1.4,0,0
61712,116.46,12.0,0,2.1,8.2,1,0
61713,97.01,11.3,0,0.9,1.9,0,0
61714,56.93,9.7,0,8.9,0.7,0,0
61715,33.6,1.9,1,1.2,0.6,0,0
61716,74.63,11.8,1,0.3,0.4,0,0
61717,122.93,4.2,0,2.7,0.3,0,0
61718,121.89,8.5,0,32.7,4.7,0,0
61719,117.86,14.1,0,2.3,0.9,0,0
61720,84.76,5.2,1,10.0,2.7,0,0
61721,141.43,11.5,1,3.1,1.8,1,0
61722,73.98,7.2,0,0.4,3.8,0,0
61723,41.91,1.8,1,2.3,6.2,0,0
61724,59.01,11.3,1,0.2,4.3,0,0
61725,103.95,7.0,0,1.8,4.2,0,0
61726,97.36,5.8,0,5.6,11.5,0,0
61727,164.75,11.5,0,3.2,5.1,0,0
61728,146.17,9.4,1,8.4,2.2,0,0
61729,40.4,5.2,0,5.6,0.4,0,0
61730,65.99,2.3,0,7.7,2.5,0,0
61731,94.48,7.3,1,6.7,3.1,0,0
61732,32.15,6.6,0,3.2,3.7,1,0
61733,71.15,8.1,1,5.7,3.6,1,0
61734,118.9,9.4,0,11.9,0.6,0,0
61735,116.86,11.8,0,17.4,0.5,0,0
61736,116.24,11.9,1,0.5,0.4,0,0
61737,96.29,20.5,0,12.0,4.1,0,0
61738,164.13,9.5,0,6.1,6.7,0,1
61739,28.24,4.1,0,2.0,2.4,0,0
61740,142.51,8.6,1,6.7,12.2,0,1
61741,117.8,6.3,0,7.6,7.3,0,0
61742,105.07,3.8,0,5.0,2.7,0,0
61743,95.8,6.4,1,1.4,6.6,0,0
61744,99.15,16.8,1,11.8,4.2,0,1
61745,10.0,6.9,0,3.5,1.4,0,0
61746,79.3,13.4,0,0.3,4.6,0,0
61747,131.3,12.2,0,1.5,1.2,1,1
61748,23.37,9.3,1,4.5,2.1,0,0
61749,149.38,12.2,0,3.8,9.5,0,0
61750,118.05,9.9,1,17.5,0.7,1,0
61751,179.33,3.0,0,3.2,1.8,0,0
61752,82.04,10.2,0,15.1,2.5,1,0
61753,95.75,8.3,0,1.1,4.6,0,0
61754,81.32,1.4,1,16.4,3.2,0,0
61755,29.99,8.6,0,6.1,6.2,0,0
61756,105.18,7.9,0,4.3,3.7,1,0
61757,126.15,9.0,0,0.7,2.2,0,0
61758,196.94,18.6,1,0.4,1.5,0,0
61759,89.46,14.7,1,9.1,1.3,0,0
61760,48.66,8.9,0,16.4,0.0,0,0
61761,82.6,12.1,1,3.6,9.1,1,0
61762,75.02,6.4,0,1.3,0.4,0,0
61763,182.19,5.4,0,3.0,1.6,1,1
61764,61.57,11.1,1,0.3,4.0,1,1
61765,143.33,6.7,0,1.7,1.3,0,0
61766,110.59,9.4,0,4.7,0.3,0,0
61767,153.43,5.4,0,3.3,3.5,0,1
61768,77.0,8.3,0,27.3,0.6,0,0
61769,36.28,10.8,0,14.8,2.6,0,0
61770,193.23,12.4,0,4.5,0.5,1,0
61771,119.42,5.8,1,1.8,2.5,0,0
61772,177.48,15.0,0,11.4,4.2,0,0
61773,181.15,9.5,0,0.9,0.0,0,1
61774,68.05,8.3,1,6.8,1.2,0,0
61775,125.02,9.3,1,13.8,8.6,1,1
61776,132.5,8.6,0,4.5,0.6,1,0
61777,96.97,9.2,1,0.5,5.9,0,0
61778,138.82,9.6,1,7.1,2.3,0,0
61779,157.03,8.3,1,7.7,0.9,0,0
61780,60.05,13.9,0,6.5,0.9,1,0
61781,182.57,8.2,0,1.8,6.0,0,1
61782,105.83,2.1,1,3.5,2.8,0,0
61783,90.7,14.9,0,10.3,0.9,0,0
61784,80.39,9.5,0,7.6,6.4,0,0
61785,34.49,2.5,0,1.3,1.6,0,0
61786,172.43,4.3,0,4.1,0.2,0,0
61787,90.4,7.2,0,15.0,1.5,0,0
61788,39.19,9.8,0,0.7,13.3,0,0
61789,140.69,0.0,0,8.1,2.9,0,0
61790,41.58,0.0,1,0.7,0.3,0,0
61791,74.12,8.4,0,0.2,0.3,0,0
61792,100.39,13.5,0,5.0,2.5,0,0
61793,10.0,13.4,1,4.5,4.9,0,0
61794,130.83,4.0,1,4.2,4.0,0,1
61795,109.98,10.3,0,11.5,0.2,0,0
61796,40.07,10.3,0,15.5,3.1,0,0
61797,209.31,8.9,0,14.3,15.0,1,1
61798,61.17,12.9,1,4.1,1.3,0,0
61799,10.0,5.0,0,16.2,0.2,0,0
61800,79.47,9.5,0,6.3,3.6,1,0
61801,64.25,15.8,0,2.1,2.6,0,1
61802,110.74,6.7,0,0.2,4.7,0,1
61803,61.27,6.1,0,2.1,3.0,1,0
61804,92.1,11.1,1,0.8,1.8,0,0
61805,131.97,9.5,0,2.1,7.9,1,0
61806,88.05,0.7,0,29.2,3.8,1,0
61807,52.99,12.2,1,1.7,13.1,0,0
61808,103.49,3.2,1,1.3,2.3,0,0
61809,73.6,11.3,1,8.2,3.6,1,0
61810,124.65,7.5,0,1.1,3.7,0,0
61811,44.52,7.9,1,17.9,3.4,1,1
61812,77.01,8.3,0,0.2,0.3,0,0
61813,113.74,4.6,0,5.6,0.2,0,0
61814,115.03,12.9,1,4.5,5.3,0,1
61815,142.25,8.5,0,13.2,0.2,0,0
61816,61.74,6.7,0,3.3,1.3,0,0
61817,30.22,14.7,1,1.0,0.5,0,0
61818,180.18,7.7,1,4.1,1.3,0,0
61819,47.52,4.6,0,3.9,0.8,0,0
61820,68.11,11.4,0,4.7,1.1,0,0
61821,119.15,5.7,0,2.4,2.6,0,0
61822,103.14,14.8,0,4.4,6.9,0,0
61823,105.93,6.8,0,0.8,2.2,0,0
61824,48.7,5.9,0,4.0,1.0,0,0
61825,60.91,4.9,1,1.8,1.4,0,0
61826,105.72,8.1,0,10.0,0.9,0,0
61827,132.33,6.5,0,3.3,1.1,0,0
61828,53.8,7.3,0,1.6,13.6,0,0
61829,83.7,2.5,0,5.0,0.9,0,0
61830,87.24,9.3,1,4.7,1.4,0,0
61831,76.08,10.4,1,12.5,3.8,0,0
61832,36.49,11.8,1,4.0,0.6,0,0
61833,115.91,5.7,0,1.1,0.5,0,0
61834,46.31,9.5,0,0.2,1.2,1,0
61835,138.84,11.9,1,5.1,6.1,0,0
61836,56.16,9.5,0,22.4,1.6,0,0
61837,185.54,5.4,0,2.6,1.4,0,0
61838,117.78,11.3,0,13.2,0.9,0,0
61839,25.14,13.4,0,7.3,2.9,0,0
61840,91.64,8.6,0,4.9,2.7,0,0
61841,88.01,9.5,0,1.3,0.5,1,0
61842,85.26,3.8,0,7.0,0.6,0,0
61843,175.12,6.1,0,14.4,3.2,0,0
61844,180.55,11.8,0,16.0,1.9,0,0
61845,77.77,8.1,0,3.9,3.4,0,0
61846,171.05,4.5,0,2.9,0.6,1,0
61847,66.92,13.6,0,0.2,4.2,0,0
61848,39.59,12.2,1,2.9,2.1,0,0
61849,143.35,6.9,0,14.4,1.5,0,0
61850,69.47,18.4,1,9.5,6.4,1,1
61851,125.78,6.1,0,5.5,3.5,0,0
61852,115.14,1.6,0,6.7,2.0,0,0
61853,66.96,7.4,0,12.8,3.5,0,0
61854,120.55,1.9,0,1.6,5.1,1,0
61855,171.84,10.0,0,1.7,12.8,0,0
61856,85.23,13.7,0,5.9,7.1,0,0
61857,114.0,4.9,0,0.3,5.6,0,0
61858,63.79,6.3,1,0.7,1.6,0,0
61859,131.3,6.0,1,5.2,0.5,0,0
61860,39.48,6.6,0,13.8,10.0,0,0
61861,110.5,7.5,0,3.2,3.9,0,0
61862,57.41,5.3,1,0.2,1.8,0,0
61863,76.96,10.5,1,16.7,0.8,0,0
61864,10.0,3.7,0,10.3,0.1,0,0
61865,43.6,9.1,0,9.2,3.0,1,0
61866,19.74,11.3,1,4.0,4.0,1,0
61867,67.82,4.1,0,8.4,6.3,0,0
61868,110.6,1.6,0,2.7,9.9,1,0
61869,50.02,3.0,0,4.2,1.6,0,0
61870,36.32,6.4,1,4.8,1.0,1,0
61871,61.69,3.0,0,0.6,2.5,0,0
61872,108.16,14.0,1,11.6,15.0,0,0
61873,26.94,7.9,1,1.5,1.5,0,0
61874,76.62,5.2,0,6.2,5.7,1,1
61875,164.51,4.9,0,4.5,0.2,0,0
61876,76.66,11.3,0,8.0,6.2,1,0
61877,134.92,12.4,0,17.9,2.3,0,0
61878,39.15,6.2,0,14.5,0.4,0,0
61879,170.4,8.9,0,14.2,1.3,0,0
61880,10.0,10.0,1,7.6,0.5,0,0
61881,10.0,9.8,0,3.1,3.4,0,0
61882,115.69,10.7,0,4.5,2.7,0,0
61883,81.75,12.2,1,6.8,3.3,0,0
61884,96.83,10.5,1,1.1,2.8,0,0
61885,59.34,6.0,0,13.8,2.4,0,0
61886,126.46,6.8,1,23.1,1.6,0,0
61887,21.03,2.0,0,3.5,6.0,0,0
61888,147.46,8.8,1,6.5,1.5,0,0
61889,197.17,8.5,0,20.1,0.1,0,0
61890,10.0,6.1,1,20.2,4.1,1,0
61891,127.01,9.2,1,3.4,9.5,0,0
61892,188.13,6.3,0,5.6,1.0,1,0
61893,112.49,4.7,1,8.5,3.8,0,0
61894,71.08,12.9,0,3.4,0.8,0,0
61895,49.39,5.8,0,2.0,1.4,0,0
61896,111.81,7.6,0,22.8,4.6,0,0
61897,125.07,10.7,0,1.1,1.7,0,0
61898,43.06,3.9,0,28.4,5.1,0,0
61899,137.34,8.7,1,0.2,3.3,0,0
61900,104.32,4.3,0,4.4,2.5,0,0
61901,10.0,10.4,1,7.3,2.5,0,1
61902,120.36,16.7,0,1.6,5.1,0,0
61903,10.0,11.9,0,0.2,3.0,0,0
61904,69.33,13.0,0,3.6,0.9,1,1
61905,155.56,10.2,0,12.6,1.2,0,0
61906,109.21,15.0,1,7.4,0.1,0,0
61907,56.53,0.0,0,4.0,1.0,0,0
61908,128.26,9.3,0,13.9,4.4,1,0
61909,70.79,11.9,0,2.1,5.0,0,0
61910,146.03,6.9,0,0.4,2.2,0,0
61911,59.27,10.6,0,4.3,4.7,0,0
61912,70.82,5.8,0,9.1,3.4,0,0
61913,110.48,13.7,0,26.7,1.1,0,0
61914,164.2,8.0,0,4.7,0.5,1,0
61915,100.05,7.1,1,3.1,2.2,0,0
61916,116.35,5.3,0,2.2,4.7,1,0
61917,93.72,8.4,0,8.1,0.3,0,0
61918,162.84,14.1,0,15.5,3.2,0,0
61919,10.0,12.7,0,9.4,7.9,0,0
61920,19.19,4.7,0,19.1,8.3,1,0
61921,47.54,8.5,0,2.2,5.0,0,0
61922,140.49,10.0,1,15.2,2.1,0,0
61923,116.9,7.3,0,2.6,1.1,0,0
61924,149.48,8.9,0,11.5,3.2,1,1
61925,113.23,12.9,1,0.4,1.8,0,0
61926,147.85,7.7,0,5.7,0.2,1,0
61927,119.02,10.0,1,1.9,5.1,0,0
61928,125.79,12.4,0,19.8,6.3,0,0
61929,10.0,11.1,0,1.0,5.1,0,0
61930,162.7,8.8,0,0.3,3.3,0,0
61931,100.92,13.9,0,3.7,0.3,0,0
61932,159.86,5.2,0,16.6,0.6,0,0
61933,157.69,1.5,0,2.5,0.0,1,0
61934,104.87,9.5,1,1.0,1.4,0,0
61935,64.66,15.8,0,4.2,4.2,0,0
61936,149.96,16.9,0,9.1,0.6,0,0
61937,49.31,4.6,1,1.6,1.6,1,0
61938,111.47,5.9,0,0.2,6.6,1,0
61939,10.0,1.3,1,2.8,0.2,0,0
61940,112.53,8.7,0,1.7,0.2,0,0
61941,138.11,11.0,0,4.2,2.4,1,0
61942,129.09,4.3,0,3.1,0.5,0,0
61943,75.56,6.4,1,5.7,0.8,1,0
61944,61.93,13.5,0,0.8,4.3,1,0
61945,131.02,16.0,1,5.1,2.6,0,0
61946,157.1,11.5,0,3.0,0.1,0,0
61947,10.0,6.0,1,1.1,0.5,1,0
61948,83.17,15.2,0,1.7,1.0,0,0
61949,96.98,10.3,0,9.6,8.4,1,0
61950,54.91,6.6,1,3.0,0.1,1,1
61951,151.22,5.7,1,3.3,0.7,0,0
61952,108.73,0.0,0,23.4,1.8,0,0
61953,97.25,15.0,0,2.1,5.9,0,0
61954,75.78,18.5,0,20.6,2.6,0,0
61955,112.06,8.0,0,2.5,0.5,0,0
61956,77.64,10.6,0,0.7,11.4,0,0
61957,51.07,7.8,0,11.2,0.0,0,0
61958,68.03,8.9,0,1.7,1.7,0,0
61959,53.63,3.8,0,9.6,0.6,0,0
61960,90.35,9.9,0,2.1,1.4,1,0
61961,138.25,15.7,0,8.4,1.6,0,0
61962,19.73,7.9,0,3.1,1.0,0,0
61963,102.28,6.8,0,1.5,5.2,0,0
61964,208.26,12.5,0,10.1,11.4,0,1
61965,118.42,5.4,0,14.7,2.3,0,0
61966,105.2,6.9,0,4.4,0.0,0,0
61967,175.48,6.7,1,0.6,0.9,0,0
61968,10.0,6.1,1,4.9,0.8,1,0
61969,177.7,4.6,0,1.4,0.6,0,0
61970,53.89,11.3,1,5.4,0.5,1,1
61971,111.85,14.1,0,8.1,1.7,0,0
61972,28.2,11.5,0,0.3,3.8,0,0
61973,21.56,16.3,0,0.4,4.1,0,0
61974,79.64,11.5,0,0.8,0.1,1,0
61975,100.14,8.4,0,0.4,5.9,0,0
61976,106.4,7.2,1,10.4,2.4,0,0
61977,160.86,8.6,0,14.2,0.2,1,0
61978,10.0,12.0,0,10.9,1.5,0,0
61979,81.65,9.3,1,2.7,0.5,0,0
61980,12.73,13.0,0,6.6,0.9,0,0
61981,95.26,5.1,1,4.2,0.7,0,0
61982,204.23,7.1,1,18.6,8.8,1,1
61983,161.25,9.9,0,0.4,2.0,0,0
61984,40.3,4.5,1,3.9,5.0,1,0
61985,101.55,9.9,0,12.1,0.6,1,0
61986,66.0,0.0,0,2.0,0.8,0,0
61987,176.26,10.9,1,1.6,2.6,0,0
61988,128.34,6.1,1,19.3,0.2,1,0
61989,33.45,7.1,1,3.0,13.2,1,1
61990,110.86,5.4,0,7.1,0.3,0,0
61991,106.63,8.1,0,0.2,3.4,1,0
61992,110.27,4.6,1,7.5,2.6,0,0
61993,101.93,4.5,1,4.5,1.7,0,0
61994,148.9,9.5,0,0.9,2.5,0,0
61995,130.57,0.0,1,2.8,2.8,0,1
61996,105.19,6.3,0,11.9,1.8,0,0
61997,76.09,10.8,0,13.0,3.4,0,0
61998,92.25,5.3,0,1.0,5.5,1,0
61999,74.02,12.0,1,32.5,2.5,0,0
62000,54.66,2.6,1,0.4,13.3,0,1
62001,35.83,3.4,0,1.0,8.4,0,1
62002,115.52,0.9,0,0.5,1.9,0,0
62003,162.16,1.5,0,0.3,0.8,0,0
62004,115.68,3.9,0,6.3,12.2,0,0
62005,44.05,10.4,0,4.6,0.9,0,0
62006,48.74,3.2,0,1.2,9.5,0,0
62007,132.59,6.5,0,7.9,2.5,0,0
62008,62.96,2.2,0,2.9,0.6,1,0
62009,90.01,9.0,0,10.0,0.3,1,0
62010,78.76,4.4,0,5.2,0.0,0,0
62011,24.64,12.6,1,26.9,2.4,0,0
62012,120.57,9.0,1,10.0,2.5,0,0
62013,68.71,1.4,0,0.8,2.4,1,0
62014,20.3,0.0,1,14.1,0.5,0,0
62015,100.97,7.5,0,2.6,0.5,0,0
62016,95.57,3.7,1,9.7,8.0,1,0
62017,177.49,8.8,1,11.2,4.8,1,1
62018,91.69,8.9,0,5.8,1.7,1,0
62019,10.0,10.0,0,4.3,0.6,0,0
62020,161.86,11.4,0,0.2,4.3,0,0
62021,124.6,6.1,1,1.0,0.2,0,0
62022,58.37,12.1,0,3.8,1.2,0,0
62023,213.18,2.3,1,6.5,1.5,0,0
62024,73.27,10.9,0,21.9,0.5,0,0
62025,168.02,6.7,0,0.6,1.7,0,1
62026,104.54,13.1,0,10.8,5.7,0,0
62027,169.83,14.7,1,3.6,3.9,0,0
62028,59.44,12.6,0,1.2,4.2,0,1
62029,84.34,12.6,0,10.6,0.9,1,0
62030,76.16,8.0,1,0.5,1.1,1,0
62031,33.69,0.0,0,6.5,2.4,0,0
62032,42.67,13.0,0,5.5,10.2,1,1
62033,10.0,8.5,0,6.3,2.2,0,0
62034,134.55,11.6,0,9.0,1.7,1,1
62035,140.87,7.0,1,1.2,0.2,0,0
62036,150.89,10.4,0,1.9,9.2,0,0
62037,66.42,13.0,0,7.3,2.4,0,0
62038,22.39,5.2,0,4.9,3.3,1,0
62039,40.24,10.3,1,5.8,6.6,0,0
62040,114.59,8.0,0,13.8,1.7,0,0
62041,69.89,9.5,0,6.6,2.2,0,0
62042,32.68,9.2,1,1.1,5.1,0,0
62043,171.3,13.0,0,7.6,2.8,0,1
62044,55.69,5.4,0,5.8,1.8,1,0
62045,168.46,8.6,0,10.5,0.9,0,0
62046,63.31,8.4,0,11.7,0.4,0,0
62047,68.32,9.1,0,3.2,0.3,0,0
62048,89.55,3.0,1,9.2,0.6,0,0
62049,90.08,9.6,0,0.4,1.8,1,0
62050,121.97,12.9,1,10.0,3.9,0,0
62051,110.34,6.4,0,40.0,2.4,0,0
62052,146.32,2.5,1,10.0,4.6,0,0
62053,30.63,10.8,1,5.0,8.3,0,0
62054,46.06,5.2,0,2.9,2.5,0,0
62055,140.18,2.3,0,4.5,1.1,0,0
62056,44.79,8.1,1,1.9,4.4,0,0
62057,87.46,2.8,1,2.1,2.7,0,0
62058,31.09,2.5,1,1.6,0.1,0,0
62059,138.3,11.3,1,0.9,1.0,0,0
62060,19.89,8.1,0,7.7,0.8,0,0
62061,74.19,2.8,0,4.9,0.1,1,0
62062,42.89,5.9,0,0.9,1.2,0,0
62063,111.41,18.0,1,14.5,2.7,0,0
62064,113.28,7.5,0,0.6,1.3,0,0
62065,161.87,7.3,1,1.6,6.1,1,0
62066,108.43,3.4,1,5.3,4.6,0,0
62067,56.64,8.1,0,3.0,2.6,0,0
62068,99.97,3.0,1,6.3,0.9,0,0
62069,121.95,1.7,0,3.4,2.1,0,0
62070,136.96,8.9,0,1.7,1.2,0,0
62071,94.01,2.4,0,1.7,12.1,0,0
62072,142.13,8.9,0,2.0,1.3,0,0
62073,91.16,15.1,0,1.3,4.7,1,0
62074,40.31,10.4,0,0.2,7.9,1,1
62075,46.68,1.8,1,19.8,2.0,0,0
62076,85.57,4.7,1,2.0,1.2,1,0
62077,83.94,3.4,0,0.6,0.7,0,0
62078,92.79,7.6,0,2.0,0.5,0,0
62079,173.96,9.7,1,16.6,0.9,0,0
62080,100.57,2.1,0,2.0,0.3,0,0
62081,137.0,8.2,0,0.3,2.0,0,1
62082,117.37,12.6,0,1.7,1.9,0,0
62083,129.07,8.3,0,1.4,0.8,0,0
62084,46.04,5.7,1,6.7,1.0,0,0
62085,113.27,12.3,0,30.4,2.2,0,0
62086,167.9,13.1,1,8.1,4.2,0,0
62087,63.67,8.3,1,10.9,1.0,1,1
62088,66.09,6.8,0,1.9,1.6,1,1
62089,71.69,9.0,0,2.8,3.4,1,0
62090,136.27,14.0,1,4.8,0.3,0,1
62091,55.41,4.5,1,2.0,1.1,0,0
62092,71.75,9.6,0,19.9,1.7,0,0
62093,66.29,13.8,0,2.2,0.4,1,0
62094,48.33,12.3,0,13.7,6.6,1,0
62095,26.32,0.0,0,3.5,2.7,0,0
62096,90.98,8.4,0,6.5,6.8,1,0
62097,139.83,11.0,1,2.0,1.2,0,0
62098,19.92,11.2,0,13.5,0.5,0,0
62099,103.29,14.0,0,10.8,1.3,0,0
62100,198.27,3.3,0,3.4,0.8,0,0
62101,67.48,6.5,0,4.9,1.0,1,0
62102,113.54,9.8,0,4.8,10.5,0,0
62103,113.37,9.2,1,5.4,0.8,0,0
62104,48.89,15.6,0,0.5,1.2,0,0
62105,98.68,3.5,0,2.1,1.2,0,0
62106,24.02,12.4,0,1.3,1.2,0,0
62107,92.18,9.8,0,10.0,0.4,0,0
62108,192.47,6.8,0,5.6,1.9,0,1
62109,206.94,9.1,0,2.9,0.9,0,0
62110,21.39,9.5,0,21.4,0.9,0,0
62111,32.39,0.5,0,0.5,5.0,0,0
62112,142.05,8.3,0,2.6,1.8,0,0
62113,92.58,10.3,0,2.0,4.3,0,0
62114,130.23,12.1,0,0.4,5.8,0,0
62115,111.04,8.7,1,0.3,4.1,0,0
62116,60.33,10.1,0,9.2,1.5,0,1
62117,166.63,9.8,1,1.7,1.5,1,1
62118,15.74,9.3,1,1.1,1.4,1,0
62119,80.16,8.4,1,13.0,2.8,0,0
62120,85.95,9.0,1,3.1,15.0,0,0
62121,46.92,11.3,1,16.9,2.2,0,0
62122,74.0,4.9,1,0.3,1.2,1,0
62123,105.7,5.6,0,0.6,1.5,0,0
62124,105.9,6.9,0,7.9,3.4,1,0
62125,134.72,6.8,1,2.6,0.0,0,0
62126,193.91,4.8,1,0.5,3.6,0,0
62127,102.63,8.5,0,0.3,2.2,0,1
62128,86.55,9.0,1,3.9,0.1,0,0
62129,87.39,13.8,0,5.7,2.5,0,0
62130,26.9,5.0,1,5.4,5.9,0,0
62131,127.29,7.0,1,1.3,0.1,1,0
62132,68.67,16.4,0,2.2,0.7,0,0
62133,171.15,4.5,1,2.0,4.3,0,0
62134,58.41,10.2,1,1.2,1.9,0,0
62135,103.75,3.1,1,1.2,1.2,0,0
62136,152.8,9.0,0,8.4,1.1,0,0
62137,102.73,7.6,0,0.6,0.1,1,0
62138,116.36,10.5,1,1.4,0.6,0,0
62139,132.11,7.3,0,3.7,4.4,0,0
62140,63.39,10.7,0,0.5,1.1,0,0
62141,193.68,9.9,0,5.4,4.2,1,1
62142,10.0,16.1,0,6.4,6.5,0,0
62143,88.51,4.7,0,0.4,2.4,0,0
62144,88.16,3.4,1,20.1,4.1,0,0
62145,146.72,7.6,0,6.3,6.8,0,0
62146,82.15,10.3,1,0.2,0.4,1,1
62147,27.51,11.2,0,0.2,2.6,1,0
62148,97.36,5.8,1,3.3,0.8,0,0
62149,117.45,15.2,0,2.3,1.7,0,0
62150,60.51,7.8,0,26.1,0.4,1,0
62151,51.95,1.9,1,3.9,1.3,0,0
62152,90.14,8.8,0,6.3,1.2,0,0
62153,31.86,7.9,0,6.9,5.6,0,0
62154,114.49,7.1,0,0.8,2.1,0,0
62155,81.49,8.9,1,21.5,0.3,1,0
62156,68.91,9.1,0,5.8,0.6,0,0
62157,150.78,4.7,0,7.8,7.1,0,0
62158,133.75,4.1,0,2.7,4.1,0,0
62159,37.36,4.2,1,3.2,3.1,0,0
62160,80.52,16.3,0,3.5,1.1,1,0
62161,83.42,7.1,0,4.4,1.5,0,0
62162,143.67,12.6,1,2.2,2.2,0,0
62163,95.9,12.7,0,4.5,8.6,0,0
62164,102.31,6.5,1,1.3,1.9,1,0
62165,92.92,10.1,1,2.5,0.8,0,1
62166,123.09,10.6,0,1.5,0.7,1,0
62167,14.5,4.7,0,16.0,1.2,1,0
62168,155.97,4.9,0,13.4,3.3,1,0
62169,104.23,10.6,1,5.7,1.3,1,0
62170,32.77,8.0,0,0.2,7.5,0,0
62171,23.46,0.0,1,0.4,0.9,0,0
62172,99.69,5.5,0,19.4,1.3,0,0
62173,82.85,4.7,0,2.8,3.7,0,0
62174,80.67,6.5,1,1.6,0.4,0,0
62175,101.58,2.1,0,4.5,1.9,0,0
62176,133.81,8.4,0,2.7,0.3,0,0
62177,58.73,9.1,1,5.8,1.8,0,0
62178,10.0,7.5,0,2.8,0.4,0,0
62179,97.18,6.3,0,3.5,2.9,0,0
62180,96.68,5.3,1,8.5,0.7,0,0
62181,102.27,9.3,0,11.4,3.5,0,0
62182,65.34,2.1,0,0.5,0.7,1,0
62183,98.95,15.4,1,0.6,6.7,0,0
62184,161.05,12.5,0,6.6,0.2,1,0
62185,70.01,0.0,0,1.3,0.9,0,0
62186,69.28,14.1,0,1.0,0.7,0,0
62187,100.45,9.3,0,13.9,3.5,0,0
62188,146.64,9.1,1,7.3,0.4,0,0
62189,54.01,6.5,1,1.4,0.1,0,0
62190,106.24,10.7,1,1.6,0.1,0,0
62191,38.15,6.2,1,6.7,2.9,0,0
62192,154.39,5.0,0,3.4,5.2,0,0
62193,38.44,6.2,0,1.8,0.2,0,0
62194,48.26,6.1,0,7.6,1.7,0,0
62195,59.38,7.8,1,13.1,0.3,0,0
62196,87.58,9.0,1,1.9,1.1,0,0
62197,20.03,0.0,0,3.8,1.0,0,0
62198,157.19,10.0,1,3.0,3.9,0,0
62199,89.33,7.4,0,8.4,1.5,0,0
62200,73.46,10.8,1,7.4,1.2,0,0
62201,100.61,8.7,1,4.2,3.5,0,0
62202,126.16,0.0,0,7.5,8.3,0,0
62203,57.34,8.8,0,0.5,0.8,0,0
62204,156.73,6.1,1,2.0,0.8,1,0
62205,89.61,0.5,1,8.9,1.2,1,0
62206,46.61,5.4,1,0.3,3.6,0,0
62207,16.38,3.3,1,0.3,3.1,0,0
62208,64.04,10.4,1,27.5,3.2,0,0
62209,12.34,13.4,0,7.3,1.8,0,0
62210,23.58,9.2,0,8.6,1.5,1,0
62211,46.71,10.7,0,2.8,1.7,0,0
62212,166.26,4.0,0,8.1,2.3,0,0
62213,160.12,10.5,0,8.9,3.1,1,1
62214,98.88,6.0,0,2.7,0.7,0,0
62215,61.78,1.0,0,16.7,13.3,0,0
62216,135.62,7.4,0,8.8,1.8,0,0
62217,109.96,9.1,0,10.0,2.1,0,0
62218,111.84,12.5,0,1.2,1.2,1,0
62219,107.09,6.6,0,1.5,0.1,0,0
62220,145.17,3.7,1,8.8,1.1,0,0
62221,68.55,9.4,0,0.2,4.3,1,0
62222,101.75,7.6,0,0.2,3.0,0,0
62223,117.56,5.6,0,12.8,1.0,0,0
62224,48.43,8.8,1,2.3,2.1,1,0
62225,168.08,12.2,0,1.9,1.6,1,0
62226,55.66,7.4,0,4.2,8.4,0,0
62227,83.82,19.3,1,2.0,1.0,1,0
62228,101.35,3.2,0,3.6,4.1,0,0
62229,87.88,8.6,1,14.0,1.0,0,0
62230,39.09,10.0,1,0.2,1.9,1,0
62231,113.86,1.3,1,3.7,2.0,0,0
62232,35.34,8.3,1,1.9,2.0,0,0
62233,126.15,2.2,0,3.1,0.4,1,0
62234,184.59,5.2,0,1.8,0.4,0,0
62235,123.93,4.8,0,0.7,0.0,0,0
62236,74.33,4.8,1,2.6,10.0,1,1
62237,169.83,18.8,1,3.1,6.0,0,1
62238,35.91,7.0,0,17.6,4.7,0,0
62239,67.5,10.5,0,7.8,4.2,0,0
62240,141.3,4.0,1,11.9,2.7,0,0
62241,107.43,9.4,0,4.3,0.3,0,0
62242,125.96,2.5,0,10.1,1.3,0,0
62243,54.86,16.6,1,7.5,1.7,0,0
62244,30.04,10.5,0,15.4,11.4,0,0
62245,83.45,9.8,0,0.8,0.1,0,0
62246,74.63,6.4,0,21.7,3.9,0,0
62247,103.01,8.9,0,0.5,1.6,0,0
62248,140.12,15.2,0,3.7,8.0,0,0
62249,62.4,7.2,1,15.8,1.7,1,0
62250,81.23,9.2,0,2.7,5.9,0,0
62251,113.87,3.0,1,3.8,2.1,0,0
62252,10.0,13.1,0,4.6,10.4,1,0
62253,132.62,8.6,1,4.0,4.0,1,0
62254,10.0,9.8,1,6.7,0.1,0,0
62255,43.57,4.1,0,8.6,6.7,0,0
62256,176.26,3.4,0,4.3,3.3,0,0
62257,117.74,6.5,1,1.5,3.9,0,0
62258,134.27,10.4,0,2.3,1.6,1,1
62259,50.22,9.8,0,9.0,5.5,0,0
62260,66.92,8.8,0,10.1,1.4,0,0
62261,76.81,2.8,1,11.2,5.5,0,0
62262,115.26,3.2,0,0.5,5.8,0,0
62263,130.04,8.2,0,3.0,0.6,0,0
62264,123.54,0.0,0,2.2,4.5,0,0
62265,101.68,4.6,0,1.7,0.6,0,0
62266,98.04,9.7,1,10.9,1.0,0,0
62267,90.11,14.3,0,10.7,2.0,0,1
62268,73.77,8.1,0,2.8,1.3,0,0
62269,20.63,11.5,0,6.2,5.3,0,0
62270,70.52,11.3,1,1.9,0.6,0,0
62271,178.28,5.2,0,8.6,2.4,1,0
62272,80.31,15.1,0,0.3,0.5,0,0
62273,78.19,10.5,0,4.1,2.3,0,0
62274,81.71,8.9,0,5.9,6.4,0,0
62275,70.26,13.6,0,4.4,0.9,0,0
62276,80.72,12.0,1,2.8,4.9,1,0
62277,51.76,11.0,0,0.2,0.8,0,0
62278,101.23,2.0,1,2.4,0.6,0,0
62279,127.96,9.5,0,3.2,7.2,0,0
62280,47.48,8.5,0,26.4,8.1,0,0
62281,133.41,8.0,0,10.0,0.3,1,0
62282,112.52,11.0,0,8.2,0.8,0,0
62283,32.35,5.3,0,7.1,0.8,1,0
62284,139.56,11.8,1,0.3,3.0,1,1
62285,109.56,7.6,0,8.3,1.0,0,0
62286,44.98,10.8,0,2.3,3.7,0,0
62287,81.13,2.1,1,0.2,0.2,0,0
62288,143.55,8.9,1,4.5,0.0,0,0
62289,101.01,0.0,0,4.8,7.4,0,0
62290,69.32,13.3,1,3.5,1.7,0,1
62291,105.55,9.0,0,7.5,9.8,0,1
62292,64.15,6.7,1,3.9,1.2,0,0
62293,81.39,10.0,0,0.6,0.4,0,1
62294,92.53,7.6,0,13.5,1.8,0,0
62295,175.06,3.4,1,12.4,9.7,0,0
62296,56.85,7.1,0,1.9,0.9,1,0
62297,153.88,6.1,1,6.3,4.0,0,0
62298,10.0,4.6,1,13.3,0.9,1,0
62299,86.9,5.5,1,7.1,0.4,0,0
62300,110.36,6.8,0,4.0,2.5,1,0
62301,136.13,11.8,1,2.6,0.1,0,0
62302,119.67,12.2,1,40.0,1.8,0,0
62303,10.0,10.0,0,2.5,0.8,0,0
62304,156.56,13.4,0,15.2,15.0,1,1
62305,44.74,14.4,0,10.9,1.6,0,0
62306,51.38,18.0,1,2.1,5.6,0,0
62307,16.33,4.0,1,0.2,0.2,1,0
62308,122.14,11.3,1,1.9,0.3,0,0
62309,117.14,11.1,0,14.4,7.0,0,0
62310,75.25,9.4,1,1.3,0.6,0,0
62311,40.07,5.7,0,6.9,0.1,0,0
62312,105.89,11.3,1,12.0,2.0,1,0
62313,10.0,15.4,0,2.0,4.0,1,0
62314,237.93,14.4,0,5.3,2.5,0,0
62315,99.78,14.0,1,0.2,0.5,1,0
62316,163.9,8.5,0,13.8,3.7,1,0
62317,130.34,0.0,0,15.5,3.2,0,0
62318,84.58,8.3,0,8.7,4.9,1,0
62319,59.53,5.9,1,6.8,7.9,1,0
62320,143.13,17.3,0,17.0,8.4,1,1
62321,95.99,8.6,1,2.5,2.4,0,0
62322,146.41,7.0,1,10.8,1.9,0,0
62323,89.74,8.4,1,1.8,0.9,0,0
62324,182.04,10.4,1,1.4,1.0,0,0
62325,117.69,7.9,0,9.4,4.8,1,0
62326,56.46,8.1,0,12.1,2.1,0,0
62327,144.38,12.4,1,29.0,2.6,0,0
62328,110.43,1.4,1,0.5,1.1,0,0
62329,67.66,10.8,0,1.7,0.6,0,0
62330,78.67,6.4,0,1.1,2.9,0,0
62331,55.72,12.7,0,3.1,0.6,1,0
62332,56.96,7.7,0,5.8,0.3,0,0
62333,128.21,5.3,1,6.2,0.8,0,0
62334,168.29,9.1,1,7.9,1.4,0,0
62335,116.02,5.7,0,0.2,2.1,0,0
62336,87.74,13.9,0,28.4,2.5,0,0
62337,84.31,9.5,0,3.8,13.7,0,0
62338,106.97,4.0,0,12.1,8.1,1,0
62339,114.99,5.5,1,13.8,0.4,0,0
62340,43.22,7.7,0,4.5,9.6,1,0
62341,82.92,7.5,0,24.3,2.6,0,0
62342,113.87,9.0,1,4.3,0.7,1,0
62343,48.32,2.4,0,19.5,2.5,0,0
62344,170.62,15.6,1,1.2,0.4,1,0
62345,229.16,6.0,0,9.9,0.1,0,0
62346,148.92,4.8,0,2.6,0.2,0,0
62347,49.45,3.8,1,2.3,0.5,1,1
62348,123.67,4.0,0,6.8,3.0,0,0
62349,126.61,11.1,0,4.9,1.6,0,0
62350,58.85,6.2,0,5.0,1.3,0,0
62351,64.02,2.2,0,5.6,3.2,0,0
62352,54.23,6.0,0,0.2,8.5,1,0
62353,74.97,9.2,1,8.4,1.3,0,0
62354,35.29,11.0,0,3.6,1.9,0,0
62355,68.81,2.7,0,2.2,0.2,0,0
62356,127.83,0.0,0,8.8,3.3,0,0
62357,53.22,3.4,0,7.1,1.2,1,0
62358,142.35,15.8,1,2.7,0.9,0,0
62359,42.32,0.0,0,9.1,7.6,0,0
62360,129.21,3.4,0,8.1,3.1,0,0
62361,122.33,8.8,0,0.9,8.0,0,0
62362,94.0,17.5,0,2.0,2.5,0,0
62363,79.77,6.1,0,19.5,3.9,1,1
62364,98.65,9.3,1,12.1,1.0,0,0
62365,135.35,13.1,1,0.7,0.5,0,1
62366,46.75,4.0,0,2.3,2.0,1,0
62367,95.72,14.7,1,19.1,0.8,0,0
62368,73.24,4.3,0,7.0,1.0,0,0
62369,99.54,10.9,0,7.1,1.1,0,0
62370,78.42,18.5,0,3.6,0.4,0,0
62371,136.51,5.3,0,12.6,0.1,0,1
62372,24.93,7.6,0,2.6,0.2,0,0
62373,83.12,6.2,1,5.6,3.5,1,0
62374,96.88,7.5,0,7.8,0.8,1,0
62375,49.57,6.2,1,10.4,0.5,1,0
62376,16.7,10.9,0,2.4,1.2,0,0
62377,140.28,8.4,0,7.7,3.3,0,0
62378,75.07,9.3,1,2.9,0.7,1,0
62379,50.71,7.7,0,5.1,3.2,0,0
62380,101.38,7.7,1,5.0,1.0,0,0
62381,63.84,8.4,0,2.5,1.2,0,0
62382,60.66,8.2,1,3.8,0.4,0,0
62383,86.24,6.6,0,0.2,2.7,0,0
62384,76.19,10.9,0,5.8,4.3,0,0
62385,159.15,7.3,1,11.1,2.8,0,1
62386,113.01,10.2,0,0.7,6.3,0,0
62387,52.3,9.6,1,14.6,3.4,1,0
62388,159.89,14.4,1,2.9,1.5,0,0
62389,81.0,3.2,0,7.0,0.8,0,0
62390,176.41,8.2,0,1.8,0.7,0,0
62391,47.47,9.6,1,9.3,0.0,0,0
62392,65.41,11.2,0,12.3,0.1,0,0
62393,18.45,6.3,0,9.1,2.1,0,0
62394,65.46,12.8,0,2.7,2.3,0,0
62395,272.77,0.1,0,16.9,2.7,0,0
62396,82.8,8.6,0,19.3,5.9,0,0
62397,122.41,14.5,0,0.2,1.5,0,0
62398,62.09,8.0,0,1.6,4.0,0,0
62399,86.78,6.4,1,16.6,2.2,1,0
62400,100.05,12.2,0,1.0,0.9,1,0
62401,137.42,7.5,0,0.4,2.7,0,0
62402,79.54,1.9,1,9.0,0.4,0,0
62403,147.42,10.6,0,2.7,1.5,0,0
62404,58.34,4.8,1,0.6,1.2,0,0
62405,88.54,10.8,1,6.2,0.8,1,0
62406,76.59,11.6,0,7.2,7.3,0,0
62407,114.36,13.3,1,17.2,6.2,0,0
62408,110.22,10.2,0,2.6,0.3,0,0
62409,174.54,11.0,1,10.8,4.8,1,0
62410,142.76,7.5,1,22.2,2.5,1,0
62411,98.02,12.6,1,8.9,0.0,0,0
62412,69.88,12.3,0,4.0,0.9,0,1
62413,79.9,12.0,1,16.8,0.2,0,0
62414,65.14,11.4,0,0.2,2.7,0,0
62415,90.86,4.9,1,0.3,0.1,0,0
62416,160.25,13.3,0,2.3,0.1,0,0
62417,150.54,10.9,0,9.1,1.6,1,1
62418,168.07,0.0,1,3.8,1.5,0,0
62419,43.52,13.7,1,2.2,0.5,0,0
62420,141.58,7.4,0,5.3,9.1,0,0
62421,52.65,9.0,0,0.6,1.8,0,0
62422,115.63,7.0,0,3.7,3.1,0,0
62423,81.17,11.1,0,2.6,2.5,0,0
62424,119.46,9.5,0,6.4,5.5,0,0
62425,158.6,7.4,1,5.7,13.4,0,1
62426,84.4,0.9,1,4.7,4.2,0,0
62427,61.59,14.9,0,4.9,3.2,0,0
62428,65.82,7.2,0,8.4,1.7,0,0
62429,154.49,3.6,0,5.6,3.1,0,0
62430,112.24,18.7,0,4.7,2.5,0,1
62431,47.48,12.7,0,1.1,4.3,0,0
62432,114.44,5.9,0,7.0,0.6,1,0
62433,134.36,2.5,1,0.2,0.1,1,0
62434,232.85,7.7,0,0.5,13.8,1,1
62435,39.97,13.7,1,3.2,0.0,0,0
62436,100.63,2.9,0,0.7,3.3,1,0
62437,59.81,7.2,0,4.0,5.3,0,0
62438,157.49,13.3,1,15.3,1.4,0,0
62439,65.55,0.3,1,0.4,2.0,1,0
62440,67.49,3.8,0,7.3,5.2,0,0
62441,113.73,6.9,0,5.7,2.5,0,0
62442,72.89,6.6,0,8.8,0.2,0,0
62443,162.67,9.7,0,0.2,5.6,0,0
62444,197.79,0.0,0,4.6,6.7,1,0
62445,38.5,10.2,0,0.3,1.1,0,0
62446,134.87,7.1,0,0.8,0.5,1,1
62447,152.1,9.6,0,1.9,0.7,0,1
62448,67.55,3.6,0,1.7,0.9,0,0
62449,130.25,1.6,0,1.7,8.1,1,0
62450,156.63,5.4,0,0.2,4.7,0,0
62451,59.32,7.7,0,0.4,3.6,0,0
62452,59.71,6.3,1,24.0,1.2,0,0
62453,83.61,2.9,0,5.3,5.3,0,0
62454,94.28,3.7,1,0.3,6.5,1,1
62455,70.04,5.6,1,0.2,1.8,0,0
62456,194.66,16.3,0,9.3,3.8,0,0
62457,106.1,12.0,0,1.8,3.6,1,0
62458,67.76,8.3,0,0.4,1.2,0,0
62459,127.26,7.7,0,19.7,4.1,0,1
62460,66.93,12.8,1,1.1,0.6,0,0
62461,55.3,8.2,0,0.4,1.4,0,0
62462,112.62,8.0,0,0.8,1.1,0,0
62463,20.42,3.4,1,0.6,3.3,0,0
62464,84.97,12.6,0,5.9,1.3,0,0
62465,43.03,6.0,1,1.6,1.6,1,0
62466,117.8,4.7,0,0.3,0.4,0,0
62467,86.01,8.0,0,1.1,4.8,0,0
62468,86.47,14.8,0,1.6,4.1,1,0
62469,25.1,8.9,1,6.1,4.6,0,0
62470,151.04,4.1,1,4.3,0.5,0,0
62471,80.44,6.9,1,0.2,3.2,0,0
62472,79.84,11.1,0,5.6,1.6,0,0
62473,10.0,10.9,1,4.5,2.1,0,0
62474,157.56,6.5,0,3.6,7.9,0,0
62475,80.03,0.9,0,1.4,1.9,0,0
62476,78.68,8.5,0,7.5,1.5,0,0
62477,173.24,10.0,1,2.1,3.4,0,0
62478,52.98,9.2,0,15.3,1.7,0,0
62479,98.39,13.9,0,2.8,0.7,1,0
62480,142.25,14.8,0,10.0,3.6,1,0
62481,102.8,14.2,0,1.4,1.4,0,0
62482,93.98,4.9,0,10.3,0.7,1,0
62483,116.56,9.2,1,13.4,0.2,0,0
62484,116.2,5.4,0,23.6,2.8,0,0
62485,84.96,7.2,1,1.6,0.5,0,0
62486,124.41,10.0,0,0.4,4.8,0,0
62487,145.09,4.2,0,4.9,1.9,0,0
62488,82.63,8.8,0,11.6,3.8,0,0
62489,132.08,2.9,0,1.0,2.8,0,0
62490,203.77,8.5,0,19.5,2.8,0,0
62491,137.32,5.8,0,6.9,10.8,0,0
62492,92.47,6.1,0,1.8,4.7,0,0
62493,47.87,7.9,1,11.5,2.9,0,0
62494,71.27,9.2,1,9.9,2.1,0,0
62495,55.37,4.1,0,7.1,0.3,1,0
62496,76.51,9.3,0,0.2,1.0,0,0
62497,160.52,7.3,1,10.8,0.4,0,0
62498,157.54,5.2,1,15.9,0.1,0,0
62499,189.83,9.3,1,1.4,3.0,0,0
62500,57.36,11.6,0,0.8,1.7,0,0
62501,86.9,16.1,1,8.9,3.7,0,0
62502,10.0,2.8,0,0.8,3.7,0,0
62503,144.86,12.9,0,12.9,7.7,0,0
62504,186.85,6.1,0,17.9,1.3,0,0
62505,44.52,9.3,1,5.6,3.6,0,0
62506,199.12,3.2,0,0.9,7.8,1,1
62507,110.25,10.1,0,8.6,6.4,0,0
62508,137.39,5.0,0,11.8,1.5,0,0
62509,38.23,8.0,0,0.9,0.4,0,0
62510,127.96,5.1,0,2.7,4.6,0,0
62511,157.81,5.4,0,1.0,3.7,0,0
62512,60.78,4.9,0,21.1,1.4,0,0
62513,118.22,15.4,1,8.9,0.5,0,0
62514,111.17,4.4,0,9.5,2.4,1,0
62515,98.62,11.5,0,2.3,4.2,1,0
62516,166.92,6.8,0,1.3,0.9,0,0
62517,96.91,5.2,0,13.6,1.0,0,0
62518,136.57,9.1,0,0.8,5.3,1,1
62519,151.74,11.8,0,6.9,1.6,0,0
62520,10.0,4.2,0,25.5,5.2,0,0
62521,93.42,17.1,1,0.2,7.2,0,0
62522,69.2,15.2,0,10.9,0.0,0,0
62523,76.64,7.9,1,2.1,1.8,0,0
62524,61.16,9.9,1,1.9,7.3,1,0
62525,71.67,9.4,0,9.1,4.6,0,0
62526,10.0,8.3,0,25.4,2.8,0,0
62527,64.53,10.9,0,1.8,3.4,0,0
62528,37.96,5.3,1,8.7,0.6,0,0
62529,56.43,13.0,1,5.9,6.8,0,0
62530,130.68,6.6,0,4.5,1.7,0,0
62531,161.07,10.3,1,16.6,8.0,1,1
62532,117.82,7.6,1,5.7,1.4,1,0
62533,119.89,5.3,0,28.6,0.7,0,0
62534,54.89,3.5,0,4.8,0.9,0,0
62535,56.76,6.8,1,20.6,1.3,0,0
62536,93.04,7.2,0,13.1,2.2,0,0
62537,93.26,12.4,1,9.8,2.2,1,0
62538,125.56,5.7,0,10.2,1.7,1,0
62539,117.37,12.1,0,0.7,1.3,1,0
62540,116.22,2.4,0,2.6,1.0,0,0
62541,187.71,5.6,1,9.2,3.5,1,1
62542,96.0,11.9,1,5.6,1.3,1,1
62543,128.05,10.5,0,0.8,2.1,0,0
62544,172.84,8.4,0,19.9,2.4,0,0
62545,109.69,1.9,1,7.6,1.4,1,0
62546,88.13,11.1,0,4.1,0.5,0,0
62547,36.98,5.8,0,6.8,4.0,0,0
62548,33.98,10.0,0,3.8,2.0,0,0
62549,135.07,6.6,1,6.8,4.1,1,0
62550,106.96,6.8,1,6.5,4.1,0,0
62551,134.75,6.2,1,14.6,4.5,1,0
62552,86.58,15.6,0,3.4,2.1,1,0
62553,61.96,5.8,0,10.2,6.0,1,0
62554,42.74,3.6,0,2.5,0.4,0,0
62555,105.61,9.9,0,15.0,0.7,0,0
62556,70.21,0.2,0,9.5,1.1,0,0
62557,68.2,4.4,1,21.7,0.1,0,0
62558,195.39,13.7,0,9.9,0.4,0,0
62559,156.85,7.1,0,1.3,1.1,1,0
62560,70.05,6.2,0,11.6,6.9,0,0
62561,147.01,16.1,1,0.2,1.6,1,1
62562,72.46,8.1,0,2.9,2.8,0,0
62563,134.3,5.1,0,25.5,4.0,0,0
62564,134.45,10.3,1,2.6,4.8,0,0
62565,10.0,6.5,0,1.5,10.1,0,0
62566,87.45,7.7,0,10.6,0.8,1,0
62567,107.23,7.4,0,5.2,0.7,0,0
62568,66.79,1.0,0,5.0,3.9,0,0
62569,73.4,10.7,1,2.5,1.2,1,1
62570,84.31,16.6,0,4.3,6.4,0,0
62571,84.7,0.0,0,16.0,2.8,0,0
62572,44.54,13.4,0,2.7,2.4,0,0
62573,85.9,7.2,0,1.8,2.6,0,0
62574,44.64,5.2,0,7.5,0.2,0,0
62575,109.13,9.3,1,2.9,3.9,0,0
62576,29.16,10.7,1,5.1,0.8,1,1
62577,32.09,8.7,0,14.0,0.6,1,0
62578,176.21,4.7,0,11.5,0.2,0,0
62579,159.37,6.8,1,6.5,0.0,1,1
62580,161.95,8.4,0,0.5,4.7,0,0
62581,119.36,9.4,1,7.8,0.0,0,0
62582,133.11,12.3,1,2.4,0.1,1,0
62583,222.81,1.9,0,5.1,4.5,0,0
62584,10.0,8.8,1,2.3,1.1,0,0
62585,118.13,7.5,0,1.1,3.4,1,1
62586,168.11,8.0,1,1.5,0.2,1,0
62587,39.47,11.6,0,2.2,8.1,0,0
62588,74.41,5.1,1,8.9,5.5,0,0
62589,47.87,4.8,0,1.9,5.5,0,0
62590,38.73,3.0,1,2.3,0.1,0,0
62591,10.0,8.4,1,4.1,3.1,0,0
62592,111.84,4.3,0,1.8,3.2,0,0
62593,147.19,4.4,1,9.6,0.9,0,0
62594,114.58,9.1,0,1.5,7.3,0,0
62595,80.58,6.1,1,1.2,7.8,0,0
62596,94.84,6.1,0,1.3,0.6,0,0
62597,88.93,9.9,0,8.9,3.7,1,0
62598,167.99,5.0,0,4.4,14.9,0,0
62599,72.87,9.6,0,1.8,0.4,0,0
62600,133.7,12.4,0,12.9,1.4,1,0
62601,272.06,5.5,0,9.4,0.4,1,0
62602,104.21,11.9,1,11.3,4.0,0,0
62603,14.88,3.9,0,4.0,0.1,0,0
62604,215.73,15.9,0,2.8,2.9,0,1
62605,39.16,9.8,0,6.0,2.7,0,0
62606,150.39,5.8,1,3.4,0.4,0,0
62607,137.81,12.1,1,8.4,3.0,0,0
62608,76.73,4.3,0,2.9,2.9,0,0
62609,46.21,1.5,1,3.1,0.8,0,0
62610,172.18,4.0,0,11.0,6.8,1,0
62611,83.57,2.6,0,11.7,3.4,0,0
62612,28.35,2.3,0,1.5,0.2,0,0
62613,142.53,10.8,1,6.5,4.0,0,0
62614,119.73,10.8,1,1.7,0.7,0,0
62615,10.0,5.4,1,0.7,4.5,1,1
62616,140.1,13.8,1,1.1,9.2,0,0
62617,108.86,3.2,0,0.6,1.8,0,0
62618,135.53,12.7,0,2.5,1.9,0,0
62619,217.25,4.2,0,4.0,1.6,1,0
62620,45.38,8.9,0,16.4,0.6,0,0
62621,107.75,6.1,1,4.0,2.9,1,0
62622,93.05,7.5,0,4.3,3.0,0,0
62623,134.27,8.7,0,0.3,4.6,0,0
62624,64.85,5.9,0,9.7,2.3,1,0
62625,115.31,7.6,0,2.1,3.2,1,0
62626,165.67,4.9,0,2.0,5.5,1,0
62627,192.46,2.9,0,7.8,1.8,0,0
62628,120.39,0.8,0,16.7,2.6,0,1
62629,35.96,8.4,0,0.5,3.9,0,0
62630,151.17,15.0,0,5.7,0.4,0,0
62631,13.68,4.8,1,5.5,0.3,1,1
62632,10.0,10.6,1,0.4,0.4,0,0
62633,57.93,12.3,0,9.9,3.7,0,0
62634,46.8,6.4,0,0.5,2.4,0,0
62635,106.99,5.2,0,9.4,1.8,0,0
62636,147.22,9.4,0,4.1,0.0,0,0
62637,119.09,11.1,0,4.5,0.4,0,0
62638,10.0,11.1,0,23.2,3.0,0,0
62639,21.48,4.0,0,1.4,7.6,0,0
62640,86.76,15.9,0,2.6,1.9,0,0
62641,92.83,7.4,0,7.0,10.0,1,0
62642,137.44,7.6,0,4.5,1.7,0,0
62643,135.33,8.8,1,15.0,3.9,1,0
62644,120.98,12.4,0,10.7,2.4,1,1
62645,48.21,17.8,1,5.9,2.5,0,0
62646,10.0,8.5,0,2.9,4.2,0,0
62647,33.1,4.3,1,6.0,3.4,0,0
62648,159.34,9.3,0,6.6,11.4,0,1
62649,225.06,10.5,1,0.8,1.3,0,0
62650,10.0,5.9,1,1.7,1.5,0,0
62651,24.52,3.0,0,4.6,5.6,0,0
62652,174.46,13.4,0,31.7,0.5,0,0
62653,98.53,13.0,0,3.6,0.3,0,0
62654,139.99,8.8,1,19.7,2.7,0,0
62655,32.84,13.4,0,19.3,1.5,0,0
62656,91.76,7.4,1,0.2,3.1,1,0
62657,187.54,3.0,0,0.6,3.0,1,0
62658,87.26,12.4,0,6.2,7.3,0,0
62659,92.34,7.9,0,9.4,5.3,0,0
62660,134.01,16.7,0,2.2,2.6,1,1
62661,173.34,1.4,0,0.3,1.7,0,0
62662,122.33,10.1,1,4.5,1.6,0,0
62663,117.3,3.4,1,7.2,1.0,0,0
62664,61.28,11.8,0,12.3,1.6,0,0
62665,133.84,12.4,1,5.0,3.4,0,0
62666,125.43,4.9,1,7.0,4.0,0,0
62667,135.95,15.1,0,4.7,0.8,0,0
62668,147.17,1.0,1,21.5,13.6,0,0
62669,149.24,10.1,0,9.8,2.9,0,0
62670,121.47,9.9,1,0.2,3.5,0,1
62671,60.87,10.2,0,17.3,5.3,1,0
62672,137.67,12.1,1,3.9,1.2,1,1
62673,152.94,9.4,0,12.2,3.2,0,0
62674,113.0,9.7,0,4.2,1.2,0,0
62675,77.92,3.6,1,6.3,1.3,1,0
62676,119.23,4.9,1,0.2,4.8,0,0
62677,67.14,6.9,0,10.5,1.0,1,0
62678,56.8,12.5,0,15.2,3.0,0,0
62679,101.96,10.2,1,3.4,1.5,0,0
62680,100.76,9.0,0,0.2,2.3,0,0
62681,55.96,0.0,1,1.6,2.9,0,0
62682,127.22,2.5,0,17.5,0.9,0,0
62683,116.54,9.4,1,12.2,0.9,0,0
62684,46.92,6.0,0,5.3,1.9,0,0
62685,126.86,7.0,0,3.0,2.7,1,0
62686,75.1,11.6,0,0.2,7.4,0,0
62687,155.51,8.5,0,14.6,4.2,1,0
62688,42.75,2.0,1,2.0,0.8,0,0
62689,93.1,5.9,1,3.9,0.5,1,0
62690,100.64,9.3,1,9.8,3.5,1,0
62691,100.46,11.3,0,40.0,0.8,0,0
62692,191.28,5.2,0,1.0,0.6,0,0
62693,141.42,11.8,0,1.5,11.0,1,1
62694,112.7,0.0,0,3.3,0.1,0,0
62695,100.5,7.5,0,7.5,1.8,0,0
62696,146.13,1.6,1,1.5,1.8,0,0
62697,31.37,4.5,0,1.5,2.7,0,0
62698,141.78,10.9,0,2.5,0.8,0,0
62699,76.35,6.2,0,15.2,0.7,0,0
62700,40.55,4.4,1,1.5,4.8,0,0
62701,105.44,4.8,1,2.7,1.3,0,1
62702,79.08,13.3,0,1.1,0.5,0,0
62703,141.29,11.3,1,6.5,1.8,0,0
62704,85.7,7.9,0,0.2,1.4,0,0
62705,142.32,1.4,0,2.7,0.0,1,0
62706,125.35,0.6,0,3.2,13.0,0,0
62707,72.97,5.5,0,1.1,1.4,0,0
62708,59.3,6.6,1,12.7,1.7,0,0
62709,135.27,18.8,0,4.8,1.6,0,0
62710,119.25,4.9,0,1.5,1.2,1,0
62711,80.88,6.6,1,1.4,1.3,0,0
62712,137.8,7.0,0,0.9,0.8,0,0
62713,63.58,4.4,0,3.9,0.0,0,0
62714,97.74,15.3,0,6.7,15.0,1,0
62715,56.37,6.7,1,1.2,4.4,0,0
62716,82.49,0.3,0,10.9,1.4,0,0
62717,115.82,10.2,0,0.2,0.7,0,0
62718,29.97,10.0,0,3.1,1.7,1,0
62719,126.01,11.6,0,0.2,5.3,0,1
62720,123.03,6.5,0,0.4,4.6,0,1
62721,149.18,2.7,0,9.6,1.4,0,0
62722,160.06,8.3,1,10.1,8.4,0,0
62723,132.74,8.3,1,3.7,1.9,0,0
62724,135.12,5.6,1,12.4,4.4,1,0
62725,36.81,5.0,0,0.7,1.1,0,0
62726,130.96,9.9,1,0.2,3.5,0,0
62727,163.15,5.0,1,14.4,1.4,0,0
62728,160.4,13.4,1,5.1,1.2,0,0
62729,121.62,11.3,0,8.1,0.2,0,0
62730,154.14,12.6,0,0.9,5.3,0,0
62731,197.35,4.1,0,34.4,2.7,0,0
62732,78.38,8.0,0,4.2,0.3,0,0
62733,154.94,5.7,1,2.8,0.5,1,0
62734,142.12,5.4,0,1.5,1.1,0,0
62735,57.69,14.7,0,1.7,1.4,0,0
62736,122.38,12.3,1,9.5,1.7,0,0
62737,132.11,8.9,0,0.2,0.9,0,0
62738,69.52,14.1,0,0.4,2.1,0,0
62739,49.51,12.5,1,1.7,2.6,0,0
62740,132.17,6.0,1,5.3,0.5,1,0
62741,102.79,1.5,0,0.2,1.5,0,0
62742,73.89,0.0,1,6.5,3.4,0,0
62743,21.93,3.3,0,1.1,2.7,0,0
62744,106.48,13.9,0,6.7,6.2,0,0
62745,76.84,7.3,0,3.2,2.7,0,0
62746,37.13,10.9,1,2.6,1.8,0,0
62747,123.05,9.7,0,12.5,1.7,1,0
62748,118.86,7.4,0,5.6,1.9,0,0
62749,49.75,5.7,1,8.3,5.6,0,0
62750,48.93,9.7,1,1.9,0.0,1,0
62751,48.07,15.7,1,0.2,15.0,0,0
62752,117.98,9.2,0,0.7,0.9,0,0
62753,136.62,1.4,0,7.5,1.6,0,0
62754,10.0,0.2,0,1.1,5.0,0,0
62755,76.04,8.6,0,37.8,3.7,0,0
62756,91.96,6.5,0,3.7,3.8,0,0
62757,268.7,2.3,0,2.2,2.3,0,0
62758,96.07,12.5,0,5.7,0.6,0,0
62759,67.14,5.8,0,4.7,1.4,0,0
62760,153.8,10.1,0,7.0,0.7,0,0
62761,34.73,11.8,0,6.5,1.5,0,0
62762,21.6,2.2,0,1.3,7.0,1,0
62763,131.14,7.4,0,15.9,0.1,1,0
62764,120.74,4.6,0,0.2,2.1,1,1
62765,52.6,10.6,0,3.7,0.9,0,0
62766,123.66,13.1,1,1.4,14.3,1,1
62767,81.46,8.8,0,2.5,1.8,0,0
62768,47.62,9.2,1,1.4,0.1,0,0
62769,162.22,6.9,0,0.5,0.6,1,0
62770,64.62,10.3,0,3.4,0.6,0,0
62771,107.91,4.1,0,10.4,2.2,0,0
62772,171.16,0.1,0,8.0,2.1,0,0
62773,141.35,10.8,0,8.4,1.7,0,0
62774,60.92,9.9,0,0.9,2.6,1,0
62775,167.06,11.6,0,0.2,2.5,1,1
62776,81.25,10.2,1,7.5,12.2,1,0
62777,52.25,3.2,0,2.0,6.3,0,0
62778,96.94,3.6,1,0.9,3.0,0,0
62779,54.7,12.0,0,5.4,1.2,0,0
62780,47.14,3.7,0,0.5,0.1,0,0
62781,55.33,7.1,1,3.5,2.2,0,0
62782,224.8,3.9,0,13.2,3.7,0,0
62783,134.05,13.3,1,0.4,0.0,0,1
62784,13.41,2.3,0,2.4,3.6,0,0
62785,140.01,10.3,1,2.8,0.5,0,1
62786,145.92,4.3,0,9.8,1.7,0,0
62787,45.94,10.4,0,4.1,1.6,0,0
62788,76.38,10.3,0,3.3,7.3,1,0
62789,10.0,9.2,0,16.1,2.0,1,0
62790,77.42,13.7,1,0.5,0.4,0,1
62791,10.0,16.0,1,0.6,3.0,1,0
62792,104.92,0.0,0,10.3,10.0,0,0
62793,172.62,7.3,0,15.6,3.5,1,0
62794,140.61,5.8,1,16.2,0.3,0,0
62795,121.43,11.8,0,2.9,0.7,0,0
62796,114.15,12.2,1,1.2,0.5,1,0
62797,181.07,1.8,0,7.0,2.4,0,0
62798,151.5,7.9,1,0.8,2.9,0,0
62799,10.0,5.2,0,7.2,0.8,0,0
62800,92.28,10.2,1,1.4,3.6,1,0
62801,42.44,12.6,1,4.8,4.8,0,0
62802,154.82,3.7,1,1.4,1.5,0,0
62803,124.57,8.0,0,8.7,1.7,0,0
62804,55.56,4.0,0,4.1,7.5,0,0
62805,170.12,1.6,0,2.0,2.8,0,0
62806,124.8,12.7,0,17.7,8.9,0,0
62807,231.65,12.4,0,0.2,1.5,1,1
62808,59.48,3.9,0,2.6,0.5,0,0
62809,85.99,12.5,0,4.3,2.3,0,0
62810,28.0,3.1,0,2.5,5.9,0,0
62811,70.75,11.2,1,1.4,8.0,0,0
62812,64.24,3.9,1,11.6,15.0,0,1
62813,115.41,8.1,1,9.1,3.4,0,0
62814,63.07,7.5,1,10.8,3.1,0,0
62815,79.39,0.0,1,1.1,0.0,1,1
62816,70.49,6.7,0,9.3,4.3,0,0
62817,84.17,7.5,0,8.3,1.9,0,0
62818,124.62,3.3,0,5.1,6.8,0,0
62819,10.0,5.9,0,4.1,6.0,1,0
62820,126.52,12.2,1,3.9,0.5,1,0
62821,97.08,7.6,0,7.9,2.2,0,0
62822,68.3,5.9,0,5.1,0.4,0,0
62823,92.31,2.6,1,11.4,2.4,0,0
62824,115.86,4.8,0,0.4,0.9,0,0
62825,144.22,7.6,0,3.5,3.1,0,0
62826,82.4,6.8,1,5.7,3.6,0,0
62827,166.53,4.0,1,1.9,2.7,0,0
62828,178.8,5.2,0,2.5,13.0,0,0
62829,101.18,4.3,1,1.5,6.0,0,0
62830,192.12,13.8,0,7.4,2.5,0,0
62831,28.62,13.4,1,1.0,4.7,0,1
62832,44.79,8.0,0,12.3,1.2,1,0
62833,147.07,9.8,0,5.9,0.4,0,0
62834,184.99,14.0,0,8.7,0.4,0,0
62835,44.31,11.8,0,3.7,3.8,0,0
62836,139.97,4.7,1,1.5,1.0,0,0
62837,171.85,9.4,0,8.1,3.9,0,0
62838,61.98,6.8,0,7.8,3.6,0,0
62839,43.64,11.6,1,0.2,0.0,0,0
62840,104.82,0.0,1,9.2,4.1,0,0
62841,57.3,0.0,0,0.2,1.7,0,0
62842,10.0,9.7,0,2.8,3.8,0,0
62843,139.67,8.9,0,10.7,0.2,0,0
62844,95.66,10.1,1,9.9,7.8,0,0
62845,68.86,4.5,0,2.9,1.3,1,0
62846,134.05,2.0,0,0.2,2.5,1,0
62847,92.51,5.9,1,19.2,1.2,0,0
62848,152.02,0.9,1,2.5,1.5,0,0
62849,124.02,3.4,0,2.6,0.2,1,0
62850,43.12,11.4,1,5.6,4.4,1,0
62851,148.74,6.5,1,1.9,4.3,1,1
62852,149.65,5.7,0,3.4,1.9,0,0
62853,89.34,3.9,0,11.1,0.4,0,0
62854,182.29,5.7,0,1.0,0.8,0,0
62855,110.55,8.7,0,3.2,3.0,0,0
62856,127.66,9.8,1,2.2,0.6,0,1
62857,95.15,2.8,0,0.4,0.3,0,0
62858,10.0,8.5,1,4.7,4.5,1,0
62859,145.1,15.4,0,1.8,0.6,0,1
62860,100.79,4.7,1,12.1,3.7,0,0
62861,33.86,9.5,0,17.3,3.6,0,0
62862,120.86,6.8,0,2.9,1.2,0,0
62863,118.64,7.8,0,12.2,4.0,1,0
62864,104.46,11.2,1,6.3,0.5,0,0
62865,88.46,9.3,1,5.6,2.1,0,0
62866,100.83,10.2,1,0.7,1.5,0,0
62867,77.51,3.7,0,9.9,5.1,0,0
62868,105.65,5.8,1,15.1,5.5,0,0
62869,72.68,11.7,0,12.3,3.2,0,0
62870,64.24,4.2,0,3.8,4.9,0,0
62871,73.78,9.2,1,6.1,2.8,0,0
62872,143.81,11.9,1,5.8,9.0,0,0
62873,76.66,10.9,0,5.6,0.5,0,0
62874,99.5,5.8,1,6.4,0.5,0,0
62875,20.92,7.1,1,5.1,1.7,1,0
62876,109.99,9.1,0,2.9,1.3,0,0
62877,139.6,4.8,1,8.3,2.9,0,0
62878,121.94,4.5,0,4.2,9.3,0,0
62879,62.16,5.9,0,6.0,3.0,0,0
62880,109.16,12.8,0,4.0,1.7,0,0
62881,68.63,2.7,0,4.5,5.6,0,0
62882,113.04,9.2,0,3.7,2.1,0,0
62883,54.65,9.4,0,14.4,4.3,1,1
62884,151.89,14.9,0,7.0,5.3,1,1
62885,160.04,16.3,0,7.8,0.2,0,1
62886,87.38,4.1,0,12.6,1.0,1,0
62887,64.38,10.6,0,9.0,1.5,0,0
62888,20.84,5.7,0,2.4,0.4,0,0
62889,213.79,10.0,0,0.9,1.1,0,0
62890,118.01,3.5,0,12.5,5.2,0,0
62891,82.63,9.4,1,1.0,5.5,0,0
62892,72.08,15.2,1,25.0,10.9,0,1
62893,42.4,3.5,1,6.4,4.2,0,0
62894,138.43,11.7,0,1.6,0.9,0,0
62895,117.32,10.5,1,10.7,1.3,1,0
62896,69.99,13.4,0,7.3,1.7,0,0
62897,116.0,9.0,1,2.2,1.3,0,0
62898,126.99,8.9,0,8.8,1.1,0,0
62899,111.02,11.4,1,18.0,2.3,0,0
62900,186.29,16.4,1,7.8,0.7,0,0
62901,79.6,8.0,1,8.1,15.0,0,1
62902,22.22,9.5,0,4.1,1.3,0,0
62903,116.25,9.1,0,10.4,2.4,0,0
62904,82.28,3.2,0,18.6,7.3,0,0
62905,95.23,5.1,1,3.5,0.5,0,0
62906,124.48,4.0,0,2.1,0.5,0,0
62907,43.13,10.4,1,10.3,4.0,0,0
62908,21.28,7.1,1,2.3,4.7,0,0
62909,136.22,6.8,0,5.8,9.9,1,1
62910,105.63,10.0,1,1.5,0.8,1,0
62911,174.22,4.6,0,2.3,3.3,0,0
62912,139.86,7.5,0,2.5,1.7,1,1
62913,107.78,11.4,1,16.5,3.5,0,0
62914,33.52,8.6,0,3.6,4.2,0,0
62915,192.52,11.5,0,2.3,0.7,0,0
62916,10.0,1.0,1,3.1,1.3,1,0
62917,92.25,8.9,0,1.0,1.4,0,0
62918,41.49,8.2,1,3.3,0.5,0,0
62919,97.01,9.8,0,1.5,1.3,0,0
62920,104.91,2.8,1,0.2,4.5,0,0
62921,54.87,5.8,0,4.9,1.0,0,0
62922,41.48,3.3,0,0.4,6.8,0,0
62923,74.91,6.2,0,10.2,0.2,1,0
62924,98.0,16.1,0,10.5,5.0,0,1
62925,122.48,6.8,1,2.9,3.4,0,0
62926,118.62,4.1,0,4.6,0.2,1,0
62927,71.24,2.7,1,6.4,2.0,0,0
62928,57.96,4.8,0,13.9,0.9,1,0
62929,166.09,7.2,0,1.7,1.4,1,0
62930,21.48,10.6,0,13.4,1.9,1,0
62931,132.07,10.0,1,7.5,4.2,0,0
62932,58.71,10.9,0,3.8,0.9,1,0
62933,108.08,12.4,1,0.2,0.1,1,0
62934,161.81,10.8,0,14.1,15.0,0,0
62935,94.28,11.5,0,3.7,0.1,1,0
62936,123.58,18.4,0,4.7,0.3,0,0
62937,103.24,10.1,1,4.7,0.5,0,0
62938,107.94,8.2,0,2.8,0.7,0,0
62939,98.46,8.0,1,1.7,4.4,0,0
62940,117.68,6.3,0,17.2,1.1,0,0
62941,69.2,4.5,0,4.8,2.7,0,1
62942,74.34,2.0,0,0.5,3.3,0,0
62943,59.49,18.7,1,1.0,2.9,0,0
62944,137.77,5.0,0,3.2,1.4,0,0
62945,212.88,11.3,1,4.7,1.1,0,0
62946,149.36,8.4,1,5.7,2.2,0,0
62947,134.2,7.8,1,2.5,4.7,0,0
62948,63.93,9.3,1,4.5,2.1,0,0
62949,10.0,8.6,1,10.9,2.7,1,0
62950,10.0,0.2,1,16.2,5.5,1,0
62951,10.0,8.9,1,1.0,3.9,1,0
62952,96.78,10.9,1,10.9,6.0,0,0
62953,57.66,10.8,1,10.5,3.1,0,0
62954,109.7,4.4,0,4.3,1.9,0,0
62955,125.42,10.6,0,1.5,5.6,1,1
62956,74.42,4.4,1,1.5,0.3,0,0
62957,57.58,0.0,0,3.9,1.5,0,0
62958,160.05,0.9,1,8.2,1.4,0,0
62959,122.63,1.2,0,5.5,7.7,0,0
62960,99.61,14.5,0,10.0,0.6,1,0
62961,105.25,8.5,0,16.1,8.7,0,0
62962,141.36,1.1,1,2.1,0.7,0,0
62963,72.58,11.3,0,26.4,1.8,0,0
62964,146.54,11.8,0,9.0,4.0,1,0
62965,129.01,10.6,1,5.4,3.5,1,0
62966,172.69,8.3,1,0.5,1.3,0,0
62967,175.74,9.6,1,2.3,3.1,0,0
62968,131.33,4.4,0,6.5,1.8,1,0
62969,155.18,10.1,1,0.3,2.0,0,0
62970,97.81,8.5,1,3.0,5.4,0,0
62971,135.71,0.1,1,0.7,1.3,0,0
62972,31.55,5.5,0,1.1,5.3,0,0
62973,162.53,8.0,0,0.9,0.4,0,0
62974,105.95,1.5,1,1.1,0.3,0,0
62975,42.62,6.7,0,7.0,2.5,0,0
62976,139.98,4.4,1,1.1,0.1,0,0
62977,155.81,0.9,0,2.1,0.2,1,1
62978,108.25,12.7,1,6.9,4.4,1,0
62979,84.66,9.6,0,0.4,2.3,1,0
62980,10.0,5.9,1,6.7,3.9,1,0
62981,94.08,11.9,0,0.5,0.4,0,0
62982,177.94,14.2,0,2.1,4.4,0,0
62983,69.7,3.6,0,1.8,0.2,0,0
62984,70.5,13.2,0,6.2,2.5,0,0
62985,153.84,11.6,0,2.3,5.4,1,1
62986,22.99,11.1,0,7.7,1.1,0,0
62987,69.96,14.0,0,8.9,2.4,0,0
62988,132.31,17.3,0,1.8,0.3,0,0
62989,136.36,11.2,0,0.9,1.9,0,0
62990,38.26,11.0,0,11.0,2.4,0,0
62991,139.65,6.9,0,7.1,1.2,0,0
62992,138.47,5.9,0,7.4,3.0,0,0
62993,64.34,11.7,0,3.7,1.9,0,0
62994,97.67,5.4,0,0.2,7.8,0,0
62995,143.23,13.6,0,13.2,0.4,0,0
62996,85.1,5.9,0,0.6,0.9,1,0
62997,18.45,16.2,1,6.5,4.7,0,0
62998,133.71,10.8,1,0.2,4.3,0,0
62999,159.68,7.9,0,3.5,0.9,1,0
63000,111.33,3.3,0,1.5,2.5,0,0
