loan_id,annual_income,credit_score,debt_to_income_ratio,loan_amount,employment_years,has_prior_default,defaulted
20001,89883,741,0.36,16103,4.6,0,0
20002,97704,689,0.41,23693,1.4,0,0
20003,57045,691,0.05,31227,2.1,0,0
20004,69478,673,0.27,28766,9.0,0,1
20005,86902,781,0.44,19623,1.9,0,0
20006,103067,690,0.47,16218,0.4,0,0
20007,94697,818,0.46,20471,2.8,0,0
20008,25554,708,0.54,13712,2.6,0,1
20009,55373,691,0.42,4020,1.4,0,1
20010,72514,681,0.1,8866,0.0,0,0
20011,51621,727,0.49,33685,3.3,1,0
20012,99438,652,0.17,37787,11.4,0,0
20013,96217,699,0.44,28408,1.0,0,0
20014,44865,691,0.17,21506,0.1,0,0
20015,58590,711,0.41,10160,6.0,0,0
20016,46259,713,0.32,20630,1.4,0,0
20017,57902,716,0.61,27201,3.0,1,0
20018,57266,696,0.31,29054,9.7,0,0
20019,82039,792,0.47,27855,3.3,0,0
20020,43342,717,0.76,32281,3.4,0,0
20021,20000,840,0.48,38515,1.7,0,1
20022,28305,693,0.23,18557,1.6,1,1
20023,40406,752,0.17,45845,2.3,0,0
20024,48230,643,0.26,4831,2.6,0,0
20025,65931,781,0.66,15384,1.6,1,1
20026,39324,644,0.17,23700,5.6,0,0
20027,36567,720,0.25,26667,6.5,0,0
20028,42482,673,0.52,20456,0.3,0,0
20029,38571,719,0.22,17786,2.0,0,0
20030,50356,675,0.32,40722,3.1,0,0
20031,49457,639,0.22,17380,3.0,0,1
20032,76470,672,0.71,13335,8.7,0,0
20033,41220,790,0.66,36372,2.0,0,0
20034,54490,720,0.43,29218,7.2,0,0
20035,50555,606,0.19,31305,0.9,0,0
20036,78987,761,0.62,23665,26.3,0,0
20037,58760,632,0.07,10304,2.5,0,0
20038,84065,738,0.15,22719,12.2,0,0
20039,37800,726,0.35,9134,10.7,0,0
20040,60963,730,0.19,24060,0.7,0,0
20041,49906,810,0.57,27554,9.0,0,0
20042,36253,636,0.08,31141,6.4,0,0
20043,60582,730,0.15,21215,1.9,0,0
20044,98391,772,0.43,28359,8.4,0,0
20045,44089,648,0.25,14317,7.2,0,0
20046,59323,642,0.1,30216,21.2,0,0
20047,34443,671,0.38,27734,0.1,0,0
20048,31356,711,0.19,15198,7.4,0,0
20049,45468,598,0.58,26508,0.7,0,0
20050,52550,726,0.51,31263,0.1,0,0
20051,53483,598,0.27,22668,9.5,0,0
20052,57253,774,0.34,15009,8.3,0,0
20053,27385,723,0.31,23511,4.1,1,0
20054,48855,814,0.47,26696,2.5,0,0
20055,72537,733,0.47,14945,17.9,0,0
20056,33477,670,0.37,13435,5.7,0,0
20057,54542,638,0.28,26434,2.6,0,0
20058,68150,706,0.57,28998,9.7,0,0
20059,45572,688,0.55,40273,6.2,0,0
20060,69172,767,0.47,27659,10.3,0,0
20061,30056,630,0.06,11723,3.2,0,0
20062,80657,821,0.37,39338,0.6,1,0
20063,69682,773,0.24,30967,8.7,0,0
20064,63169,677,0.34,4955,17.3,0,0
20065,85621,807,0.17,13243,0.3,0,0
20066,55084,639,0.56,17822,0.2,0,1
20067,49025,703,0.11,29124,5.1,0,0
20068,90823,607,0.25,3000,0.9,0,0
20069,100656,810,0.18,20988,1.4,1,0
20070,47438,583,0.16,28639,13.2,0,0
20071,59611,596,0.62,3000,1.2,0,0
20072,83946,649,0.43,28347,1.4,1,0
20073,60359,776,0.6,29369,3.9,0,0
20074,74486,752,0.17,14803,4.7,0,0
20075,78388,698,0.38,12197,8.9,0,0
20076,50192,756,0.53,14671,0.1,0,0
20077,70805,682,0.12,3000,0.9,0,0
20078,61870,717,0.17,19227,0.0,0,0
20079,36446,797,0.32,23867,0.0,0,0
20080,41217,674,0.41,11636,0.1,0,0
20081,48299,640,0.05,30262,2.0,1,0
20082,81499,721,0.06,22872,1.1,0,0
20083,82189,738,0.65,24210,7.2,0,0
20084,77748,697,0.07,18583,2.9,0,0
20085,71242,755,0.16,28316,1.0,0,0
20086,70669,677,0.4,32970,6.7,0,0
20087,67829,698,0.24,18536,8.5,0,0
20088,70560,714,0.17,28469,2.2,0,0
20089,71983,709,0.13,28562,4.0,0,0
20090,32507,795,0.39,25552,7.4,0,0
20091,45405,714,0.73,36255,6.3,0,0
20092,40393,670,0.05,15825,19.9,0,0
20093,85250,724,0.28,18417,5.3,0,0
20094,96736,756,0.77,15396,5.5,0,0
20095,20000,740,0.53,28163,2.1,0,0
20096,94861,737,0.31,19684,9.7,0,0
20097,63821,593,0.24,16086,7.4,0,0
20098,83267,528,0.38,36137,3.3,0,0
20099,72636,773,0.09,37381,1.8,0,0
20100,92248,719,0.48,19206,3.9,0,0
20101,66405,689,0.65,10377,3.7,0,0
20102,33367,735,0.7,37840,0.5,0,0
20103,59781,815,0.21,26001,5.4,0,0
20104,72829,782,0.64,25576,2.3,0,1
20105,57465,753,0.65,22893,6.5,0,1
20106,75812,632,0.5,15197,12.0,0,0
20107,60620,641,0.27,18487,9.7,0,0
20108,49494,535,0.38,27761,0.4,0,1
20109,39194,731,0.16,18196,1.3,0,0
20110,53772,762,0.36,25680,3.4,0,1
20111,66296,767,0.14,22114,1.5,0,0
20112,20853,734,0.38,13016,0.1,0,0
20113,45618,680,0.27,35780,1.9,0,0
20114,20069,653,0.25,27049,3.1,0,1
20115,49041,636,0.34,24811,3.7,0,0
20116,87144,679,0.32,26718,9.5,0,0
20117,37092,626,0.39,6760,2.7,0,0
20118,76766,804,0.28,17808,1.3,0,0
20119,121825,605,0.07,9018,7.4,0,0
20120,92524,677,0.36,23060,0.2,0,0
20121,64804,564,0.16,24770,0.9,0,0
20122,80027,709,0.45,23201,8.9,0,0
20123,33237,690,0.3,32018,0.4,0,0
20124,28958,667,0.59,9273,5.0,0,0
20125,62603,629,0.38,15206,4.0,0,0
20126,70371,690,0.56,25522,12.5,0,0
20127,84982,655,0.32,24243,0.7,0,0
20128,50056,681,0.16,10819,7.4,0,0
20129,66061,817,0.41,32171,2.3,0,0
20130,65341,701,0.16,35117,1.4,0,0
20131,59241,725,0.28,25617,8.1,0,0
20132,60478,660,0.06,9173,3.4,0,0
20133,44051,639,0.5,23358,0.4,0,0
20134,67874,689,0.72,24893,3.1,0,0
20135,66096,840,0.32,19689,5.3,0,0
20136,52760,671,0.3,33452,18.3,0,0
20137,75981,713,0.36,21015,0.7,1,0
20138,83584,636,0.36,39889,4.5,0,0
20139,76225,520,0.71,28656,4.3,0,0
20140,40109,639,0.39,24347,1.6,1,1
20141,64093,840,0.56,29824,8.0,0,0
20142,42860,729,0.59,35013,1.7,0,0
20143,64028,797,0.53,29642,0.9,0,0
20144,42942,667,0.48,21355,7.9,0,0
20145,88820,537,0.13,16391,14.5,0,0
20146,78450,618,0.31,12462,0.9,0,0
20147,86213,716,0.34,3000,0.1,0,0
20148,84086,705,0.14,23481,7.7,0,0
20149,56317,689,0.4,18705,0.9,0,0
20150,53062,656,0.34,19160,1.8,0,0
20151,98576,751,0.23,30745,3.9,0,0
20152,58532,657,0.3,21047,6.3,0,0
20153,33554,710,0.07,38108,2.5,0,0
20154,83157,703,0.51,17129,0.6,0,0
20155,65019,666,0.54,13747,1.4,0,0
20156,93625,633,0.28,11310,6.9,0,0
20157,67102,662,0.18,28143,0.4,0,0
20158,61580,812,0.48,31788,4.2,0,0
20159,94049,762,0.06,16948,2.7,1,0
20160,29692,756,0.32,12956,3.3,0,0
20161,49707,639,0.12,35007,4.1,0,0
20162,43365,597,0.1,9672,8.1,1,0
20163,20000,761,0.33,30587,4.1,0,0
20164,80337,749,0.59,17147,6.9,0,0
20165,50294,699,0.31,25375,0.1,0,0
20166,81013,666,0.22,31154,5.0,0,0
20167,70171,595,0.12,26048,2.2,0,0
20168,74750,746,0.6,19490,5.2,0,0
20169,52437,767,0.08,33867,1.5,0,0
20170,45951,646,0.63,24457,5.8,0,0
20171,63885,640,0.22,53301,12.0,0,0
20172,81303,771,0.43,7506,2.6,0,0
20173,60942,648,0.28,7381,6.1,0,0
20174,47259,806,0.43,30451,0.8,0,0
20175,36821,683,0.44,21730,4.2,0,0
20176,66287,665,0.38,28737,1.8,0,0
20177,50365,693,0.36,12664,1.9,0,1
20178,60493,665,0.11,22460,0.6,0,0
20179,56986,763,0.66,25887,6.9,0,0
20180,52667,748,0.39,17378,3.8,0,0
20181,68170,761,0.7,23971,11.2,0,0
20182,73645,702,0.11,10427,5.8,0,0
20183,103271,660,0.14,25356,1.8,0,0
20184,77917,689,0.09,34286,0.9,0,0
20185,95467,662,0.49,11481,5.0,0,0
20186,44809,785,0.71,10967,6.4,0,0
20187,28380,755,0.48,32114,5.5,0,0
20188,61697,684,0.48,10817,6.2,0,0
20189,80019,630,0.18,29145,3.6,0,0
20190,76724,790,0.43,22470,4.4,1,0
20191,87439,699,0.27,18449,0.3,0,0
20192,20000,682,0.38,34465,2.6,0,0
20193,88313,791,0.2,29889,4.9,0,0
20194,69045,657,0.16,24378,0.4,0,0
20195,29576,669,0.25,3702,6.5,0,0
20196,77194,675,0.37,28054,9.5,0,0
20197,65559,604,0.7,12898,2.5,0,1
20198,70006,711,0.05,20118,5.0,0,0
20199,82981,640,0.23,22062,0.9,0,0
20200,71036,653,0.6,38127,6.3,0,0
20201,31071,644,0.18,19847,4.4,0,1
20202,58996,652,0.55,9906,2.3,0,0
20203,28029,635,0.63,34492,1.7,0,1
20204,75630,706,0.25,28169,0.9,0,0
20205,91357,680,0.61,28485,0.2,0,0
20206,35930,693,0.32,34652,4.0,0,0
20207,47899,840,0.35,36647,1.7,1,0
20208,43470,680,0.32,14420,7.3,1,0
20209,52468,729,0.5,10177,4.1,0,0
20210,70661,737,0.45,29161,0.1,0,0
20211,52696,686,0.48,19769,2.9,0,0
20212,75703,708,0.51,20540,6.8,0,0
20213,84373,691,0.49,12466,1.5,0,0
20214,85137,703,0.66,26963,2.7,0,0
20215,38518,652,0.24,25418,0.2,1,1
20216,91105,658,0.19,20678,9.1,0,0
20217,92788,691,0.2,10199,2.3,0,0
20218,94606,562,0.41,32278,1.3,0,0
20219,58686,787,0.28,24173,6.4,0,1
20220,46211,830,0.31,31502,0.7,1,0
20221,41331,701,0.37,4124,1.2,0,0
20222,38863,733,0.5,22483,0.4,0,1
20223,62245,760,0.31,15906,17.5,0,0
20224,79805,604,0.33,22307,1.1,0,0
20225,89438,750,0.3,30017,1.6,0,0
20226,51803,662,0.07,25145,7.9,0,0
20227,61188,839,0.29,22154,5.9,0,0
20228,59812,678,0.58,22109,10.8,0,0
20229,48659,749,0.08,8742,4.6,0,0
20230,77451,678,0.24,14294,3.5,0,0
20231,69620,833,0.72,31531,2.1,0,0
20232,64978,657,0.34,17703,4.6,0,0
20233,69524,766,0.5,31694,0.2,0,0
20234,74924,731,0.1,29024,0.3,0,0
20235,74714,716,0.51,29473,0.8,0,0
20236,44392,705,0.13,24830,4.9,0,0
20237,80823,647,0.64,18294,3.3,0,0
20238,67363,522,0.29,20715,18.3,1,0
20239,52873,760,0.6,27443,3.5,0,0
20240,66919,658,0.17,3932,4.1,0,0
20241,69234,766,0.42,32572,4.3,0,0
20242,84717,713,0.52,17749,8.2,0,0
20243,40031,768,0.32,21267,17.9,0,0
20244,89825,742,0.56,21340,2.7,0,0
20245,62486,530,0.17,21661,0.1,0,0
20246,51371,730,0.33,10834,8.0,0,0
20247,50728,668,0.25,23290,4.5,0,1
20248,40971,766,0.26,27052,8.9,1,0
20249,25441,728,0.26,4622,6.6,0,0
20250,76225,729,0.49,10943,2.4,0,0
20251,103599,672,0.4,29615,6.1,0,0
20252,28030,631,0.27,28033,1.2,0,0
20253,42041,662,0.51,24539,11.9,1,0
20254,77783,573,0.7,16202,15.6,0,0
20255,61042,652,0.34,28083,1.1,0,0
20256,79523,595,0.12,11775,12.9,0,0
20257,59864,597,0.25,20833,11.5,0,0
20258,49807,698,0.58,10895,0.1,0,0
20259,57257,725,0.06,20623,4.8,0,0
20260,20000,688,0.18,13242,7.8,1,0
20261,37987,658,0.49,28424,9.7,0,1
20262,81914,628,0.6,25682,13.3,0,0
20263,87030,669,0.31,17150,17.7,0,0
20264,91529,637,0.51,31268,2.3,0,0
20265,71258,686,0.4,13871,3.6,0,1
20266,20000,591,0.31,21700,0.1,0,1
20267,48665,736,0.57,16774,0.4,0,0
20268,89818,653,0.18,28310,1.2,0,0
20269,96084,714,0.11,27469,3.2,1,0
20270,90616,748,0.24,33067,7.9,0,0
20271,57039,711,0.13,22705,0.3,0,0
20272,34562,742,0.28,3000,5.2,0,0
20273,61147,556,0.13,18338,18.2,0,0
20274,62311,658,0.21,35305,23.9,0,0
20275,94877,762,0.29,19238,8.1,0,0
20276,66784,723,0.12,5701,1.7,0,0
20277,62350,810,0.07,25819,6.2,0,0
20278,63543,801,0.57,26455,1.8,0,0
20279,70397,709,0.21,15819,4.0,0,0
20280,75155,674,0.35,19903,5.9,1,0
20281,46785,628,0.5,14798,2.8,0,0
20282,39790,659,0.62,26442,3.7,0,0
20283,90782,663,0.11,22481,11.1,0,0
20284,27538,651,0.45,12091,7.0,0,0
20285,96393,630,0.63,21919,13.5,1,0
20286,21876,716,0.57,15769,0.8,0,0
20287,49725,800,0.15,34419,11.2,0,0
20288,82409,751,0.37,29596,1.2,0,0
20289,62007,669,0.57,20961,0.1,0,0
20290,34354,756,0.48,22689,7.7,0,0
20291,70955,713,0.26,30617,1.8,1,1
20292,63407,687,0.35,20524,1.0,0,0
20293,57463,683,0.54,28446,2.4,0,0
20294,48898,677,0.54,34558,1.6,0,1
20295,61273,732,0.45,17828,12.8,0,0
20296,49780,699,0.19,35992,0.6,0,0
20297,113125,643,0.52,33518,0.5,0,0
20298,56960,640,0.12,24113,2.3,0,0
20299,54151,710,0.07,18227,1.4,0,0
20300,50626,718,0.25,24007,2.0,0,0
20301,99316,670,0.13,19922,0.8,0,0
20302,27580,616,0.45,15261,8.6,0,1
20303,69548,771,0.43,26524,3.5,0,0
20304,56975,758,0.4,13300,0.7,0,0
20305,32109,561,0.12,19122,6.1,0,0
20306,44799,777,0.26,19234,2.6,0,0
20307,68656,676,0.2,10395,6.8,0,0
20308,43848,702,0.23,27597,1.4,1,0
20309,67451,764,0.15,20059,4.0,0,0
20310,98312,797,0.18,33040,0.1,0,0
20311,65583,755,0.59,19920,26.0,0,0
20312,31476,706,0.38,18544,5.2,0,0
20313,44217,601,0.38,14311,24.3,0,0
20314,56006,558,0.21,22332,3.8,0,0
20315,54603,747,0.43,22380,0.0,0,0
20316,65192,777,0.69,28305,8.3,0,0
20317,68561,637,0.11,22570,7.5,0,0
20318,98341,672,0.39,39798,0.8,0,0
20319,61922,654,0.56,25878,2.8,0,0
20320,37804,652,0.26,13612,4.0,0,0
20321,86230,760,0.5,12892,9.0,0,0
20322,88524,704,0.68,26546,9.0,0,0
20323,66881,675,0.45,13344,2.4,0,0
20324,56826,840,0.66,27056,0.3,0,0
20325,75073,597,0.25,29613,2.8,0,0
20326,57567,726,0.31,29818,2.6,0,0
20327,20000,622,0.12,14612,1.9,1,1
20328,73833,680,0.3,29833,13.4,1,0
20329,80737,700,0.17,24742,15.7,0,0
20330,92263,745,0.49,16833,6.9,0,0
20331,46654,673,0.21,20645,0.0,0,0
20332,66749,666,0.47,26006,0.0,0,0
20333,67204,672,0.45,16281,11.2,0,0
20334,63793,620,0.1,24566,10.8,1,0
20335,64412,731,0.3,34288,0.9,0,0
20336,62780,708,0.14,30194,0.1,0,0
20337,66447,718,0.53,22697,11.0,1,0
20338,77554,685,0.28,23990,11.7,0,0
20339,87626,677,0.24,17426,3.2,0,0
20340,46117,766,0.65,17666,1.8,0,0
20341,58382,756,0.26,8934,11.5,0,0
20342,53125,782,0.39,24134,0.1,0,0
20343,50121,714,0.47,27801,5.6,0,0
20344,28063,778,0.24,21398,2.2,0,0
20345,62509,663,0.54,14543,0.9,0,0
20346,72066,677,0.42,22562,3.7,0,0
20347,58743,768,0.49,33405,0.6,0,0
20348,61812,745,0.37,29633,1.7,0,0
20349,70787,671,0.12,21749,8.9,1,0
20350,91634,622,0.46,39403,7.7,1,0
20351,53185,677,0.35,44939,4.4,0,0
20352,37396,645,0.33,17919,0.8,0,0
20353,60101,802,0.09,19910,5.1,1,0
20354,101555,739,0.33,27893,2.9,0,0
20355,37621,640,0.29,14240,2.9,0,0
20356,75653,622,0.21,29218,3.3,0,0
20357,86316,639,0.28,22862,3.0,0,0
20358,20000,654,0.45,25159,1.0,0,1
20359,70615,679,0.47,17109,0.4,0,0
20360,74672,762,0.12,15305,1.7,0,0
20361,56386,627,0.33,5124,2.0,0,0
20362,48425,839,0.49,34621,1.3,0,0
20363,49596,629,0.71,30002,0.2,0,0
20364,55100,598,0.25,27724,4.4,0,0
20365,55656,800,0.39,24961,4.0,0,0
20366,51694,776,0.13,3000,0.2,0,0
20367,54766,678,0.44,15616,4.9,0,0
20368,87007,715,0.55,19823,5.5,0,0
20369,36497,716,0.54,12809,1.2,0,0
20370,25270,699,0.52,7605,0.8,0,1
20371,87342,606,0.35,13692,4.7,0,0
20372,57968,529,0.34,22418,4.6,0,0
20373,53847,635,0.42,22420,0.8,0,0
20374,59664,808,0.52,29714,2.3,1,0
20375,66395,811,0.45,39537,4.9,0,0
20376,50995,673,0.67,27829,7.2,0,0
20377,72625,628,0.57,20508,2.2,0,0
20378,41792,708,0.46,37303,5.6,0,0
20379,55662,719,0.57,8554,10.2,0,0
20380,20000,729,0.16,4330,1.7,0,0
20381,86617,526,0.53,14463,2.5,1,0
20382,58302,840,0.43,28904,3.0,0,0
20383,76072,764,0.63,23433,6.1,0,0
20384,72008,677,0.34,12409,0.8,1,0
20385,73546,643,0.29,15820,4.4,0,0
20386,61837,754,0.6,11447,7.8,0,0
20387,70153,722,0.17,11447,0.8,0,0
20388,41813,696,0.27,35184,2.7,0,0
20389,37405,720,0.54,20781,2.2,0,0
20390,59877,683,0.34,37041,4.1,0,0
20391,47725,716,0.38,14435,6.5,0,0
20392,91935,737,0.67,26175,0.9,0,1
20393,69878,712,0.41,23930,20.8,0,0
20394,46954,709,0.42,29477,0.8,0,0
20395,56298,781,0.29,24164,5.4,0,0
20396,64793,586,0.06,30373,2.3,0,0
20397,60572,638,0.05,26711,2.0,0,0
20398,67707,692,0.54,12724,0.4,0,0
20399,63442,643,0.21,28228,9.7,0,0
20400,32796,664,0.09,21124,2.3,0,0
20401,20000,774,0.32,15398,5.8,0,0
20402,54154,680,0.53,27899,1.8,0,0
20403,73770,571,0.3,29833,0.5,1,0
20404,54390,662,0.33,17890,10.9,0,0
20405,87968,694,0.74,19020,1.9,0,0
20406,61015,693,0.17,10209,3.6,0,0
20407,90501,726,0.13,6660,5.2,0,0
20408,86190,721,0.44,19940,27.1,0,0
20409,84077,681,0.18,28732,6.5,0,0
20410,36726,612,0.1,17127,2.8,0,0
20411,62360,661,0.5,34136,2.7,0,0
20412,87678,650,0.34,20257,6.3,0,0
20413,67719,671,0.51,20291,0.2,0,0
20414,73642,735,0.26,19543,4.0,1,0
20415,32854,716,0.13,30344,4.5,0,0
20416,102295,744,0.16,13849,1.4,0,0
20417,45381,665,0.58,20904,7.2,0,0
20418,20117,788,0.43,17347,10.6,0,1
20419,54626,734,0.41,17227,4.4,0,0
20420,20000,697,0.34,22299,0.7,0,0
20421,39212,729,0.17,21037,4.0,1,0
20422,115729,646,0.38,30939,1.4,0,0
20423,54019,553,0.8,21908,13.3,1,0
20424,32016,651,0.22,26718,0.4,0,0
20425,62531,739,0.66,23468,22.6,0,0
20426,43146,695,0.52,33932,0.3,0,0
20427,80155,681,0.63,19430,6.3,0,1
20428,43320,635,0.76,19454,2.6,0,0
20429,67685,563,0.21,28333,6.3,0,0
20430,37912,783,0.13,19314,0.7,0,0
20431,116580,676,0.49,26236,7.5,0,0
20432,72576,662,0.49,41872,1.3,0,0
20433,58944,646,0.18,13679,2.5,0,0
20434,55848,772,0.58,35019,5.9,0,0
20435,50374,747,0.45,17816,5.1,0,0
20436,46021,627,0.43,33370,3.2,0,0
20437,45444,766,0.15,27831,0.5,0,0
20438,97245,681,0.63,27103,3.5,0,0
20439,50395,650,0.77,20717,8.6,0,0
20440,20000,671,0.36,19871,1.0,0,1
20441,37515,639,0.39,15863,1.9,0,0
20442,81482,604,0.33,22053,4.2,1,0
20443,56701,740,0.48,20437,0.0,0,0
20444,59184,676,0.07,23624,5.1,0,0
20445,86566,730,0.34,10009,10.8,0,0
20446,45680,709,0.55,22192,0.6,0,0
20447,75281,726,0.23,32733,1.6,0,0
20448,47974,557,0.61,30024,0.0,1,0
20449,74093,634,0.78,22196,0.0,0,0
20450,53786,727,0.62,43781,0.7,0,1
20451,56927,607,0.37,17092,1.2,0,0
20452,79223,714,0.48,21263,2.1,0,0
20453,77709,600,0.26,9671,7.2,0,0
20454,58526,691,0.8,18569,0.3,1,1
20455,52096,795,0.14,37196,18.5,0,0
20456,95582,740,0.75,18893,17.7,1,0
20457,74376,570,0.6,9013,1.6,0,1
20458,53786,745,0.19,29412,3.7,0,0
20459,48285,808,0.54,25308,1.0,0,0
20460,83523,840,0.38,29060,10.7,0,0
20461,64423,721,0.33,19475,4.5,0,0
20462,58565,601,0.31,13439,0.6,0,0
20463,64414,718,0.32,20439,0.1,0,0
20464,69094,794,0.44,26716,2.7,0,0
20465,60810,678,0.7,21385,8.6,0,0
20466,87277,758,0.08,25298,0.7,0,0
20467,88446,635,0.15,17437,2.2,0,0
20468,73170,714,0.11,25613,2.9,0,0
20469,90869,528,0.59,21974,8.9,0,1
20470,62178,628,0.4,16000,1.6,0,1
20471,76497,690,0.18,23190,1.1,0,0
20472,83094,666,0.34,18713,5.1,0,0
20473,83400,605,0.46,27246,5.0,0,0
20474,81236,658,0.18,29422,4.6,0,0
20475,75255,711,0.38,26263,2.0,0,0
20476,103100,684,0.43,8103,0.2,0,0
20477,50666,694,0.05,13799,2.6,0,0
20478,58740,738,0.52,16589,5.8,0,0
20479,57495,668,0.65,15231,7.1,0,1
20480,54271,778,0.48,17386,1.1,0,0
20481,20236,626,0.3,29865,11.4,0,0
20482,90872,815,0.35,27939,4.9,0,0
20483,40453,762,0.24,18397,6.6,0,0
20484,65566,667,0.47,27030,2.8,0,0
20485,32141,671,0.58,24795,10.5,0,0
20486,75035,703,0.23,21721,2.9,0,0
20487,45507,729,0.39,31760,18.9,0,0
20488,38145,761,0.34,16379,4.2,0,0
20489,66081,603,0.51,22448,13.8,1,0
20490,47285,718,0.52,13068,1.4,0,0
20491,49943,552,0.38,13475,2.8,0,0
20492,65608,678,0.19,10433,1.9,0,0
20493,78800,785,0.24,13620,0.0,0,0
20494,44814,598,0.35,22706,4.9,0,0
20495,41185,586,0.48,19429,0.7,0,1
20496,62493,704,0.67,19706,0.3,0,0
20497,73324,780,0.76,19457,8.1,0,0
20498,92718,711,0.17,37068,15.7,0,0
20499,39502,566,0.63,12334,17.4,0,0
20500,55323,581,0.38,11425,5.1,0,0
20501,86692,696,0.8,14814,0.1,0,0
20502,103435,613,0.31,21389,1.4,0,0
20503,41145,699,0.05,26376,7.1,0,0
20504,46485,703,0.33,27258,1.7,0,0
20505,70003,658,0.5,30029,5.6,0,0
20506,49867,808,0.09,21080,14.9,0,0
20507,46056,728,0.59,18631,1.8,1,0
20508,67134,769,0.3,35884,1.5,0,0
20509,94538,750,0.59,3000,0.7,0,0
20510,34501,680,0.35,22533,3.9,1,0
20511,93465,677,0.6,25655,3.3,0,0
20512,49930,671,0.49,37926,9.3,0,0
20513,69262,734,0.37,7885,5.5,0,0
20514,95408,648,0.34,18429,6.5,0,0
20515,68832,802,0.58,10460,1.9,0,0
20516,55753,642,0.36,6715,10.4,0,0
20517,77082,704,0.32,20262,7.8,0,0
20518,58364,675,0.38,29081,8.6,0,0
20519,72948,661,0.19,32251,14.1,0,0
20520,57702,831,0.11,17479,7.0,0,0
20521,80084,661,0.72,27665,7.8,0,0
20522,32721,670,0.11,20319,10.8,1,0
20523,40716,647,0.4,26731,7.9,0,1
20524,32413,693,0.66,31813,6.8,0,0
20525,60815,683,0.18,20349,3.4,0,0
20526,29880,617,0.5,31154,0.8,0,1
20527,47472,662,0.38,11689,1.0,0,1
20528,38742,730,0.31,27580,0.5,0,0
20529,93073,757,0.4,30786,7.0,0,0
20530,41196,692,0.13,29907,1.7,0,0
20531,34983,694,0.15,11927,9.6,0,0
20532,67215,667,0.22,20251,1.4,0,0
20533,97423,657,0.21,24568,0.3,0,0
20534,59563,630,0.44,25766,4.3,0,0
20535,61187,589,0.05,22985,6.7,0,0
20536,89106,644,0.32,34148,1.9,0,0
20537,80443,749,0.52,10987,3.8,0,0
20538,70934,662,0.35,19958,0.1,0,0
20539,49771,668,0.1,7654,0.5,0,0
20540,71575,666,0.8,27281,1.6,0,0
20541,33424,771,0.56,26714,4.3,1,0
20542,48903,630,0.22,50463,0.1,0,0
20543,92061,708,0.2,30724,0.1,0,0
20544,89342,686,0.09,24817,10.0,0,0
20545,71187,694,0.41,24167,6.5,0,0
20546,21484,706,0.6,19309,1.5,0,0
20547,36627,694,0.39,23109,2.9,0,0
20548,47731,742,0.36,24348,7.4,0,0
20549,58394,688,0.14,5300,11.6,0,0
20550,35741,803,0.65,23674,2.4,0,0
20551,56827,693,0.59,22859,9.0,0,0
20552,99113,579,0.36,36909,0.6,0,0
20553,70418,731,0.1,20881,1.8,0,0
20554,66595,715,0.07,15493,6.0,1,1
20555,40631,692,0.64,24283,6.2,0,0
20556,27581,673,0.46,22632,5.4,0,1
20557,36208,553,0.36,20890,28.1,0,0
20558,26733,563,0.43,11129,2.9,0,0
20559,63576,797,0.15,20674,0.3,0,0
20560,70062,652,0.31,17077,0.6,0,0
20561,41729,753,0.14,20160,9.4,0,0
20562,65106,586,0.44,28223,8.9,0,0
20563,92849,622,0.47,16267,5.6,0,0
20564,103112,734,0.16,20120,0.3,0,0
20565,78179,683,0.05,26600,8.2,0,0
20566,58328,725,0.37,19710,5.8,0,0
20567,77500,689,0.39,44178,3.5,0,0
20568,90388,677,0.3,24115,8.4,1,0
20569,20000,646,0.51,11444,1.1,0,1
20570,93123,612,0.47,14866,7.9,0,0
20571,50564,781,0.29,14011,2.6,0,0
20572,50766,792,0.31,14987,0.5,0,0
20573,54547,622,0.36,26564,10.4,0,0
20574,68722,618,0.48,12595,3.6,0,0
20575,38664,667,0.42,19185,3.6,0,0
20576,56019,712,0.17,31713,0.9,1,0
20577,73031,678,0.12,17582,3.3,0,0
20578,66590,722,0.41,27708,2.2,0,0
20579,69997,687,0.35,7695,4.5,0,0
20580,55197,683,0.33,18850,12.0,0,0
20581,76568,840,0.07,14469,2.4,0,0
20582,84185,656,0.44,24548,4.9,0,0
20583,82925,797,0.19,13204,7.9,0,0
20584,70980,784,0.61,39592,1.1,0,1
20585,81717,723,0.23,8065,0.9,0,0
20586,80292,565,0.12,31654,10.6,0,0
20587,118207,692,0.58,29465,30.0,0,0
20588,87579,657,0.09,24634,9.4,0,0
20589,60136,691,0.16,22463,5.4,0,0
20590,42855,621,0.75,37767,0.0,0,0
20591,56516,739,0.3,43003,2.1,0,1
20592,55033,754,0.58,20238,0.6,0,0
20593,72740,766,0.06,23341,10.9,0,0
20594,47295,665,0.22,17305,5.8,0,0
20595,87036,621,0.26,12061,12.2,0,0
20596,32819,713,0.27,25936,1.2,0,0
20597,27717,804,0.35,24122,4.3,0,0
20598,59163,695,0.6,8313,2.7,0,0
20599,44306,719,0.07,25876,0.6,0,0
20600,35577,675,0.06,24407,4.0,0,0
20601,48622,657,0.26,16889,8.1,1,1
20602,46009,733,0.27,16335,4.9,0,0
20603,62213,683,0.79,25602,12.3,0,0
20604,48970,716,0.77,35675,4.0,1,1
20605,50678,723,0.2,25386,1.3,0,0
20606,61898,713,0.05,28634,0.6,0,0
20607,83299,726,0.32,14926,4.9,0,0
20608,92886,635,0.05,18479,1.2,0,0
20609,65103,631,0.14,27168,11.3,0,0
20610,66736,687,0.31,10454,13.4,0,0
20611,58153,689,0.75,23761,6.0,0,0
20612,72106,656,0.49,26194,3.8,0,0
20613,70195,706,0.35,21672,0.1,0,0
20614,89843,749,0.5,24715,0.1,0,0
20615,22337,767,0.29,22491,7.7,0,0
20616,57076,782,0.58,16712,4.1,0,0
20617,69123,605,0.09,11986,7.1,0,0
20618,61448,614,0.42,21232,0.2,0,0
20619,42277,671,0.49,33088,0.8,0,0
20620,34713,695,0.31,30707,8.7,0,0
20621,78933,675,0.34,19065,3.8,0,0
20622,46105,654,0.43,18888,5.0,0,0
20623,25147,670,0.1,18262,7.7,0,0
20624,79988,721,0.76,18264,1.6,0,0
20625,71639,604,0.17,24446,1.4,0,0
20626,59567,840,0.61,30989,3.2,0,0
20627,42794,691,0.47,41234,0.2,0,0
20628,59618,758,0.09,14946,16.6,0,1
20629,87527,652,0.15,27535,3.9,0,0
20630,28091,727,0.17,26610,0.2,0,0
20631,29156,697,0.25,19197,1.6,0,0
20632,48817,746,0.26,13279,6.0,0,0
20633,61440,677,0.7,24341,4.9,0,0
20634,51578,791,0.26,40019,4.1,0,1
20635,75499,593,0.2,24287,18.6,0,0
20636,84866,752,0.16,15309,0.2,0,0
20637,67854,698,0.6,20663,7.8,0,0
20638,73769,624,0.12,12309,0.3,0,0
20639,67714,817,0.64,22157,1.5,0,0
20640,62200,810,0.69,27809,3.1,0,0
20641,34835,555,0.26,16113,3.5,0,1
20642,40412,701,0.54,3000,5.4,0,0
20643,33631,736,0.36,24353,2.6,0,0
20644,58881,719,0.14,17737,0.5,0,0
20645,66878,789,0.4,15619,5.2,0,0
20646,31565,775,0.51,15546,2.8,0,0
20647,63524,707,0.51,25402,5.7,0,1
20648,43620,838,0.36,18533,5.7,0,0
20649,39547,751,0.07,29909,1.9,1,0
20650,48868,667,0.08,30096,5.6,0,0
20651,38470,654,0.29,19700,2.7,0,0
20652,74740,771,0.53,17573,12.2,0,0
20653,58472,638,0.2,23086,4.2,0,0
20654,79119,663,0.4,20764,2.1,0,0
20655,52687,674,0.27,7104,1.2,0,1
20656,53481,713,0.23,38270,0.4,1,0
20657,101341,677,0.32,28072,1.2,0,0
20658,27916,604,0.48,18060,0.9,0,1
20659,88974,766,0.14,5711,3.0,0,0
20660,96745,664,0.18,20466,0.2,0,0
20661,78082,821,0.58,17002,0.0,0,0
20662,55060,710,0.11,21485,1.0,0,0
20663,91965,772,0.45,3607,5.1,0,0
20664,55243,731,0.21,17986,9.2,0,0
20665,47179,775,0.12,18504,1.4,0,0
20666,53846,727,0.35,20366,1.3,0,0
20667,50026,705,0.57,19992,4.3,0,0
20668,42121,761,0.15,22444,3.2,0,0
20669,85310,840,0.5,34930,12.3,0,0
20670,45758,672,0.17,17622,4.2,0,0
20671,61377,742,0.46,14255,3.0,0,0
20672,31681,690,0.41,7318,5.0,0,0
20673,62647,723,0.33,17656,1.8,0,0
20674,37726,693,0.41,10089,6.8,1,1
20675,37210,550,0.08,30161,8.5,0,0
20676,59705,677,0.1,21183,0.2,0,0
20677,84196,755,0.13,29985,4.9,0,0
20678,71249,640,0.31,34458,7.6,0,0
20679,72692,750,0.65,14647,0.6,0,0
20680,59272,702,0.42,19047,0.8,0,0
20681,54952,678,0.54,33319,5.0,0,0
20682,78614,749,0.27,23608,5.4,0,0
20683,50173,734,0.1,26433,4.0,0,0
20684,79523,717,0.33,30780,10.9,0,0
20685,87955,756,0.38,29620,0.1,0,0
20686,44331,703,0.48,25488,2.6,0,0
20687,47417,583,0.33,33869,1.7,0,0
20688,50540,665,0.24,21420,2.2,0,0
20689,31194,573,0.13,26415,4.9,0,0
20690,52143,733,0.45,20498,2.5,0,0
20691,89330,748,0.23,30675,7.3,1,0
20692,40043,751,0.25,16044,4.6,0,0
20693,89829,722,0.37,7696,0.9,0,0
20694,52898,753,0.53,27567,0.6,1,1
20695,106395,588,0.28,13329,1.2,0,0
20696,47682,683,0.12,12486,0.8,0,0
20697,58976,598,0.23,32752,2.3,0,0
20698,42886,667,0.06,30213,1.6,0,0
20699,47558,795,0.71,19089,2.1,0,0
20700,90102,761,0.11,3000,3.9,0,0
20701,71965,733,0.79,26533,0.5,0,0
20702,83605,678,0.27,27631,0.7,0,0
20703,34373,625,0.31,26393,1.2,0,1
20704,75751,702,0.44,26002,10.4,0,0
20705,41600,762,0.49,20458,1.9,0,0
20706,33916,717,0.56,18511,2.5,0,1
20707,67014,587,0.27,12598,14.1,0,0
20708,66799,697,0.41,16072,1.7,0,0
20709,63120,566,0.6,24733,3.1,0,0
20710,77069,742,0.36,24872,9.7,0,0
20711,80345,645,0.32,28714,9.1,0,0
20712,92864,610,0.32,10045,12.6,0,0
20713,37003,743,0.13,7897,1.5,0,0
20714,93542,726,0.8,18773,1.8,0,0
20715,101529,705,0.51,13330,0.9,1,0
20716,54309,832,0.56,23581,2.3,0,0
20717,26962,731,0.35,10866,3.9,0,0
20718,32947,648,0.43,32032,7.7,0,0
20719,52301,724,0.32,15012,13.8,0,0
20720,104297,671,0.61,35538,4.2,0,0
20721,62359,772,0.05,26457,1.0,0,0
20722,49039,708,0.17,13031,10.3,0,0
20723,47607,715,0.46,39805,3.7,0,1
20724,34223,596,0.49,24256,0.1,0,0
20725,80366,694,0.45,23412,7.3,0,0
20726,60067,686,0.35,21446,4.7,0,0
20727,106096,623,0.37,25966,6.6,0,0
20728,75192,676,0.47,26466,0.2,0,0
20729,79429,718,0.4,14648,3.4,0,0
20730,56916,690,0.53,20185,4.8,0,1
20731,39088,598,0.48,22983,2.6,0,0
20732,43655,672,0.46,26953,0.1,0,0
20733,33246,660,0.52,27097,6.8,1,0
20734,81118,703,0.3,23399,1.7,0,0
20735,53917,696,0.36,17322,7.6,0,0
20736,82003,663,0.41,16886,7.7,1,1
20737,64854,661,0.53,11872,1.6,0,0
20738,55851,694,0.09,27037,2.8,0,0
20739,37438,753,0.41,16764,11.1,0,0
20740,68334,708,0.6,20370,4.9,0,0
20741,57409,782,0.51,24021,4.6,1,0
20742,80946,764,0.46,22033,0.7,0,0
20743,46976,787,0.41,21952,3.2,0,0
20744,74938,779,0.46,14308,8.4,0,0
20745,96458,792,0.18,24285,0.8,1,0
20746,67724,615,0.64,19341,1.2,0,0
20747,78491,732,0.06,21266,3.1,0,0
20748,74010,769,0.55,31843,2.6,0,0
20749,101860,781,0.06,26295,0.3,1,0
20750,69803,640,0.61,17148,15.2,0,0
20751,76699,733,0.45,20734,1.1,0,0
20752,61238,695,0.35,35595,4.5,0,0
20753,45738,810,0.4,19387,4.1,0,0
20754,36628,600,0.36,22339,4.2,0,0
20755,88605,640,0.05,27645,13.7,0,0
20756,40824,572,0.31,23829,19.1,0,0
20757,77663,699,0.46,18831,5.9,0,0
20758,70736,837,0.72,15681,1.0,0,0
20759,81273,687,0.34,21914,7.4,0,0
20760,51191,697,0.28,27593,1.1,1,0
20761,45395,726,0.06,33228,3.3,0,0
20762,69946,682,0.24,9544,1.9,0,0
20763,55861,714,0.35,36984,0.5,0,0
20764,36148,715,0.47,19549,2.2,0,0
20765,102709,635,0.17,29861,0.6,0,0
20766,45380,684,0.57,15731,0.0,0,0
20767,41134,738,0.42,8308,0.4,0,0
20768,56915,750,0.33,10840,3.4,1,0
20769,88310,774,0.65,19187,2.2,0,0
20770,20000,712,0.35,26455,1.0,0,0
20771,86568,713,0.56,22265,10.8,0,0
20772,42859,739,0.44,19873,0.3,0,0
20773,67555,651,0.39,31503,11.1,0,0
20774,47804,649,0.31,22017,11.4,0,0
20775,103830,682,0.12,24378,2.7,0,0
20776,64617,607,0.1,48444,0.2,0,1
20777,47130,716,0.34,21932,11.7,0,0
20778,55677,758,0.39,16085,10.5,0,0
20779,63882,644,0.22,26088,1.4,0,1
20780,65731,718,0.48,28240,1.2,0,0
20781,71214,649,0.11,24558,2.6,0,0
20782,61971,624,0.31,23334,0.2,0,0
20783,33080,824,0.47,34599,0.8,0,0
20784,54854,625,0.41,33537,13.5,0,1
20785,74740,607,0.24,21005,2.6,0,0
20786,47932,704,0.4,16530,4.2,0,0
20787,76128,707,0.18,25648,2.6,0,0
20788,62666,733,0.51,16482,0.4,0,0
20789,57427,820,0.45,29524,2.8,0,0
20790,87077,639,0.31,25604,0.4,0,0
20791,25499,652,0.19,44695,5.1,0,0
20792,47818,795,0.31,34523,18.8,0,0
20793,87881,751,0.59,12831,1.8,0,0
20794,100431,742,0.19,17590,0.8,0,0
20795,110006,652,0.33,5731,4.1,0,0
20796,63057,763,0.05,3829,11.2,0,0
20797,71616,742,0.58,22968,2.0,0,0
20798,79166,702,0.51,11865,10.9,0,0
20799,88777,652,0.34,35950,0.2,0,0
20800,68575,697,0.49,31842,23.1,0,0
20801,81449,797,0.54,19692,2.7,0,0
20802,71655,619,0.26,19209,5.0,0,0
20803,72967,638,0.38,34626,6.8,1,1
20804,42714,649,0.26,36574,1.9,0,0
20805,55087,663,0.55,14073,3.9,0,0
20806,51022,689,0.17,12980,6.1,0,0
20807,37033,752,0.67,19441,3.7,0,1
20808,27316,720,0.23,25665,5.2,0,0
20809,53104,694,0.16,17634,2.3,0,0
20810,56458,708,0.59,25844,3.6,0,0
20811,64206,731,0.47,38578,1.3,0,0
20812,73670,581,0.44,10049,0.8,0,0
20813,65951,760,0.4,18212,14.5,0,0
20814,56605,636,0.72,10211,9.0,0,0
20815,42782,661,0.35,14889,14.8,0,0
20816,80418,712,0.05,19495,0.3,0,0
20817,59862,685,0.56,15819,17.9,0,0
20818,52890,722,0.37,26420,2.5,1,0
20819,58084,699,0.23,23283,17.1,0,0
20820,46612,671,0.78,24542,1.4,0,0
20821,50856,789,0.26,19393,0.1,0,0
20822,50188,736,0.1,20176,3.8,0,0
20823,55966,710,0.33,19019,9.6,0,0
20824,75771,735,0.05,19886,4.2,0,0
20825,70549,644,0.45,25562,0.8,0,0
20826,94481,831,0.37,5650,1.2,0,0
20827,87446,619,0.38,24448,0.8,0,0
20828,103085,697,0.56,14616,8.5,0,0
20829,73742,671,0.14,19120,4.0,0,0
20830,73405,669,0.07,8727,0.1,0,0
20831,51764,660,0.48,18951,2.1,0,0
20832,79346,640,0.4,24362,5.6,1,0
20833,48222,767,0.07,25885,2.5,0,0
20834,31120,612,0.74,11916,5.5,0,1
20835,94053,754,0.28,25475,4.2,0,0
20836,35767,732,0.37,31688,1.7,0,1
20837,71216,665,0.18,17804,1.0,1,0
20838,43513,725,0.6,22008,5.8,0,0
20839,85660,680,0.56,4417,6.1,0,0
20840,88522,618,0.15,14375,21.4,0,0
20841,73113,619,0.32,24299,1.7,0,0
20842,88174,733,0.38,30121,18.8,1,0
20843,62154,729,0.24,16906,2.0,0,0
20844,108918,706,0.5,44690,4.5,1,0
20845,77669,665,0.51,24668,0.1,0,0
20846,43088,678,0.14,11176,14.6,0,0
20847,63462,669,0.6,32941,0.3,0,0
20848,58797,576,0.43,11350,0.8,1,0
20849,56741,694,0.22,24792,4.7,0,0
20850,27200,724,0.46,14101,4.8,1,0
20851,70124,694,0.34,10462,8.6,0,0
20852,32899,805,0.45,30178,3.1,0,0
20853,20000,625,0.71,19792,3.5,0,1
20854,54776,647,0.51,36668,25.0,0,0
20855,46126,699,0.21,13348,3.0,0,0
20856,43908,706,0.49,8743,4.9,0,1
20857,20000,566,0.34,17923,10.8,0,1
20858,44132,729,0.54,46569,10.8,0,0
20859,58354,706,0.19,29088,3.4,0,0
20860,48683,552,0.28,26708,4.1,0,0
20861,70134,682,0.23,26989,2.1,0,0
20862,91246,637,0.23,17879,2.6,0,0
20863,72844,661,0.45,45199,14.6,0,0
20864,83554,603,0.54,25894,4.1,0,0
20865,85292,717,0.46,25097,7.9,0,1
20866,40604,805,0.26,30371,0.3,0,0
20867,71221,707,0.38,11177,0.9,0,0
20868,82898,550,0.34,14526,1.3,0,0
20869,52845,709,0.26,19913,2.8,0,0
20870,45397,677,0.39,30426,0.5,1,0
20871,73139,618,0.5,10967,0.5,0,0
20872,30886,713,0.35,21427,3.7,0,0
20873,39152,747,0.22,20225,4.4,0,0
20874,47998,647,0.32,8618,6.9,0,1
20875,71461,583,0.27,17674,13.3,0,0
20876,66597,559,0.36,26609,4.4,0,0
20877,83680,647,0.32,9392,6.2,0,0
20878,42641,680,0.23,33996,12.7,1,1
20879,41515,656,0.28,25978,1.8,0,1
20880,73002,646,0.11,24941,5.0,1,0
20881,45228,727,0.35,22070,3.3,0,0
20882,49326,720,0.32,12715,0.6,0,0
20883,23008,703,0.7,16478,1.0,0,1
20884,68108,743,0.45,25076,1.3,0,0
20885,94367,647,0.33,16461,1.0,0,0
20886,40385,619,0.06,23604,15.3,0,0
20887,83456,656,0.14,14360,1.0,0,0
20888,60753,652,0.54,25837,6.1,0,0
20889,24926,557,0.32,26472,0.6,0,0
20890,43211,655,0.3,8165,11.3,0,0
20891,41914,762,0.51,22572,11.6,0,0
20892,55353,742,0.45,9066,16.2,0,0
20893,70810,724,0.31,6181,6.4,0,0
20894,100827,699,0.29,16952,3.6,0,0
20895,31946,784,0.33,45774,11.1,1,0
20896,51820,621,0.24,28591,9.6,0,0
20897,43184,627,0.25,33833,3.5,0,1
20898,35372,763,0.23,27172,3.8,0,0
20899,64004,692,0.36,23746,5.6,0,0
20900,62031,646,0.37,29611,0.6,0,0
20901,23910,726,0.06,16564,0.8,0,0
20902,62381,661,0.71,25999,1.3,0,0
20903,36687,636,0.34,32005,0.4,0,0
20904,62248,634,0.39,27945,7.9,1,1
20905,88659,711,0.17,32564,6.9,0,0
20906,71724,703,0.6,23552,1.1,0,0
20907,65728,789,0.41,36383,1.2,0,0
20908,50896,671,0.45,20230,12.5,0,0
20909,63404,670,0.3,40000,5.8,0,0
20910,73828,784,0.52,26876,0.4,0,0
20911,71747,754,0.24,18736,2.0,0,0
20912,59916,699,0.8,11977,4.9,0,0
20913,66565,589,0.11,15132,7.0,1,0
20914,34352,637,0.23,13845,3.4,0,0
20915,46579,621,0.11,21246,1.3,0,0
20916,76859,692,0.48,11171,0.9,0,0
20917,79683,657,0.37,32988,4.2,0,0
20918,63966,794,0.35,22941,13.2,0,0
20919,93058,588,0.46,22596,3.6,0,0
20920,72668,615,0.4,12094,5.4,0,0
20921,57104,706,0.39,15463,0.3,0,0
20922,36385,724,0.55,3127,4.2,0,0
20923,92213,522,0.12,35751,2.7,0,0
20924,78177,577,0.53,9949,0.4,0,0
20925,99765,673,0.35,10594,1.7,1,0
20926,107504,778,0.69,34012,4.2,0,0
20927,34974,813,0.6,25294,14.6,0,0
20928,35029,663,0.39,23026,0.9,0,0
20929,20000,679,0.15,24892,3.1,0,0
20930,81286,636,0.14,30108,2.0,1,0
20931,75786,731,0.15,22849,1.9,0,0
20932,64053,789,0.58,8880,5.1,0,0
20933,36251,772,0.5,28232,22.3,0,0
20934,60130,688,0.23,25590,3.9,0,0
20935,65879,635,0.29,31958,7.1,1,1
20936,78437,691,0.24,11383,1.4,0,0
20937,67733,780,0.32,15801,1.5,0,0
20938,75940,664,0.59,25333,0.3,1,0
20939,59393,572,0.27,13972,2.1,0,0
20940,86811,667,0.28,3000,25.3,0,0
20941,75266,672,0.09,23677,9.6,0,0
20942,37074,572,0.64,29608,5.7,0,0
20943,91174,705,0.39,20904,0.8,0,0
20944,87737,723,0.39,26659,3.3,0,0
20945,71775,811,0.57,25429,7.3,0,0
20946,67895,603,0.5,22089,3.4,0,0
20947,96831,737,0.19,23156,2.1,0,0
20948,27700,753,0.24,33468,7.2,0,0
20949,88066,724,0.3,13804,9.0,0,0
20950,52000,625,0.12,28571,3.6,0,0
20951,84999,621,0.39,11963,0.8,0,0
20952,64528,696,0.62,15244,8.8,0,0
20953,35899,696,0.12,32165,2.6,0,0
20954,51573,654,0.54,11716,5.9,0,0
20955,83456,774,0.37,19946,7.7,1,0
20956,57586,664,0.39,42071,1.7,0,0
20957,48949,567,0.34,30717,3.4,0,0
20958,48808,675,0.57,15734,0.6,0,0
20959,75487,721,0.27,17190,3.8,0,0
20960,98763,712,0.34,20554,2.6,0,0
20961,20000,712,0.46,33152,11.4,0,1
20962,120814,787,0.17,13486,18.1,0,0
20963,66279,618,0.43,12972,1.3,0,0
20964,74185,662,0.74,28064,4.0,0,0
20965,52839,790,0.22,7710,8.5,0,0
20966,61926,562,0.48,14256,3.0,0,0
20967,66043,687,0.31,21277,14.7,0,0
20968,39969,770,0.14,21713,7.4,0,0
20969,45081,769,0.57,10401,2.5,0,0
20970,86876,733,0.3,25007,3.3,0,0
20971,29401,735,0.14,26707,1.2,0,0
20972,71262,622,0.55,16369,0.1,0,0
20973,54219,779,0.71,36116,2.0,0,0
20974,41825,612,0.66,24887,7.7,0,0
20975,103411,616,0.33,13459,2.3,0,0
20976,41955,715,0.39,35777,3.3,1,0
20977,38268,658,0.53,17552,0.9,0,1
20978,58074,703,0.44,23520,0.3,1,1
20979,45860,718,0.47,17862,7.8,0,0
20980,62134,806,0.17,27305,2.2,0,0
20981,65263,718,0.25,17907,2.1,0,0
20982,66928,650,0.29,18423,1.0,0,0
20983,59398,734,0.09,20640,0.1,0,0
20984,47255,636,0.38,17733,3.5,0,0
20985,75511,749,0.34,31110,9.9,0,0
20986,59654,694,0.61,11309,4.0,0,0
20987,51592,716,0.74,21684,6.9,0,1
20988,93080,574,0.23,22760,7.9,0,0
20989,59452,544,0.47,20941,1.4,0,0
20990,84932,592,0.2,30231,4.0,0,0
20991,87764,803,0.31,9216,2.6,0,0
20992,89041,615,0.31,26827,9.7,0,0
20993,76514,738,0.24,11418,10.8,1,0
20994,61987,648,0.33,17675,7.0,0,0
20995,60655,674,0.21,10545,12.5,1,0
20996,56873,687,0.28,19177,2.2,0,0
20997,20000,797,0.7,17085,3.7,0,0
20998,77095,728,0.37,35925,2.1,0,0
20999,67134,715,0.44,24052,7.9,0,0
21000,79336,774,0.17,25738,0.1,0,0
21001,59543,649,0.33,12586,0.8,0,0
21002,75961,759,0.19,28291,5.5,0,0
21003,33072,749,0.63,35925,1.4,0,0
21004,37445,748,0.55,29394,0.7,0,0
21005,20000,680,0.19,10848,13.8,0,0
21006,59179,662,0.31,18055,4.6,0,0
21007,45777,633,0.32,22922,0.0,0,0
21008,43029,638,0.17,17094,8.7,0,0
21009,69028,630,0.33,43530,5.1,0,0
21010,53064,714,0.59,17901,0.5,0,0
21011,31905,675,0.36,21632,5.7,0,1
21012,115440,718,0.54,16898,1.9,1,0
21013,61223,722,0.41,23969,3.8,0,0
21014,39254,621,0.37,33750,5.2,0,0
21015,47933,619,0.12,22976,1.3,0,0
21016,58364,675,0.18,20138,6.4,0,0
21017,58320,640,0.28,12872,1.5,0,0
21018,89345,633,0.26,32275,4.8,0,0
21019,60332,800,0.68,20779,5.9,0,0
21020,100959,590,0.44,20413,0.8,0,0
21021,52919,821,0.21,3000,2.5,0,0
21022,70955,709,0.57,20919,0.1,0,0
21023,83462,754,0.5,18591,4.7,0,0
21024,87098,746,0.13,6479,1.4,0,0
21025,89549,730,0.35,30412,8.8,0,0
21026,56288,798,0.66,17450,6.9,0,0
21027,61885,620,0.16,38112,0.8,0,0
21028,20000,680,0.33,34023,10.7,0,0
21029,57884,635,0.66,15881,2.8,0,1
21030,84916,580,0.45,33639,0.5,0,0
21031,80834,647,0.28,35690,0.3,0,0
21032,60184,812,0.24,17248,5.1,0,0
21033,97682,679,0.68,13222,4.4,0,0
21034,53936,819,0.11,3679,0.7,0,0
21035,46961,826,0.54,25234,2.0,0,0
21036,52169,840,0.34,13727,0.5,0,0
21037,38428,814,0.46,25489,0.8,0,0
21038,75070,840,0.42,17173,9.2,0,0
21039,68058,711,0.3,15372,8.5,1,0
21040,74810,705,0.61,17227,10.5,0,0
21041,53298,709,0.24,10952,6.1,0,0
21042,60780,690,0.26,17223,1.8,0,1
21043,20000,700,0.29,15739,1.2,0,0
21044,69901,739,0.54,21880,0.9,0,0
21045,64076,660,0.39,22886,9.3,0,0
21046,38889,600,0.46,12895,0.7,0,1
21047,59802,714,0.38,31357,3.4,0,0
21048,56585,645,0.29,20644,1.8,0,0
21049,99051,652,0.31,34771,0.4,0,0
21050,39716,681,0.08,24049,7.9,1,0
21051,68960,666,0.59,22587,4.7,0,0
21052,39094,762,0.22,17827,11.0,0,0
21053,50285,679,0.49,27226,4.3,0,0
21054,67813,765,0.25,22285,11.2,0,0
21055,57561,703,0.1,29297,2.5,0,0
21056,61874,684,0.57,35640,1.2,0,1
21057,68987,700,0.48,15822,1.8,0,1
21058,51633,606,0.25,27214,1.4,0,0
21059,80567,712,0.37,26973,12.9,0,0
21060,55585,745,0.69,25894,4.3,1,0
21061,59951,754,0.14,18318,4.1,0,0
21062,69588,602,0.46,18490,7.1,0,0
21063,66767,591,0.16,17037,0.7,0,0
21064,75529,655,0.07,16868,1.6,0,0
21065,68656,780,0.22,14859,0.6,0,0
21066,71850,704,0.19,21112,2.0,0,0
21067,55167,640,0.58,15559,0.2,0,1
21068,39556,596,0.26,25703,15.3,0,0
21069,32020,646,0.26,22484,4.3,1,1
21070,26915,641,0.34,23438,7.1,0,0
21071,99017,751,0.5,19675,25.5,0,0
21072,20000,756,0.53,22586,1.4,0,0
21073,87068,622,0.13,19898,1.4,0,0
21074,44762,739,0.42,28626,3.1,1,1
21075,86915,732,0.26,18240,3.7,0,0
21076,20000,613,0.16,25192,2.0,0,1
21077,57063,685,0.17,10896,1.6,0,0
21078,92535,712,0.61,28053,0.3,0,0
21079,76977,701,0.4,17246,3.7,0,0
21080,54917,579,0.37,14246,10.6,0,0
21081,21197,699,0.32,12320,0.8,0,1
21082,34228,731,0.57,11648,7.8,0,0
21083,91172,793,0.64,17907,5.0,0,0
21084,54687,647,0.25,34738,0.1,0,0
21085,60492,655,0.2,16532,4.7,0,0
21086,67954,676,0.13,3222,18.6,0,0
21087,34640,709,0.45,25106,8.8,0,0
21088,70553,696,0.23,12529,1.1,0,0
21089,53188,729,0.3,28926,4.3,0,0
21090,68168,617,0.17,18421,2.4,0,0
21091,49861,716,0.29,19671,0.2,0,0
21092,28965,642,0.21,32177,3.0,0,0
21093,53025,681,0.18,27251,6.7,0,0
21094,75456,801,0.13,11406,8.0,0,0
21095,70275,599,0.21,12656,1.8,0,0
21096,62650,672,0.14,6840,1.0,0,0
21097,80861,607,0.17,44127,1.0,0,0
21098,57725,700,0.05,14667,14.0,0,0
21099,63182,758,0.77,31943,6.2,1,1
21100,51925,701,0.51,17476,10.9,0,0
21101,82089,682,0.05,12821,1.2,0,0
21102,68122,776,0.56,22183,2.6,0,1
21103,50304,711,0.68,19223,0.4,0,0
21104,30730,743,0.26,28816,0.2,0,0
21105,85204,736,0.3,28922,7.1,0,0
21106,46375,520,0.77,16984,0.1,0,1
21107,63513,685,0.36,9760,1.0,0,0
21108,111405,620,0.53,11824,0.5,0,0
21109,78832,636,0.09,3000,2.5,0,0
21110,95834,786,0.05,19667,4.7,1,0
21111,50699,666,0.31,21900,14.3,0,0
21112,84491,813,0.3,12286,0.9,0,0
21113,62560,599,0.48,11259,3.7,0,0
21114,69686,620,0.15,21863,1.3,0,0
21115,104438,740,0.45,16628,6.2,0,0
21116,56148,668,0.44,20190,0.9,0,0
21117,62404,710,0.57,18879,0.1,0,0
21118,43032,683,0.57,24114,1.0,0,0
21119,80658,681,0.27,17195,1.8,0,0
21120,50227,670,0.41,17846,0.4,0,0
21121,83477,702,0.26,6005,1.5,0,0
21122,27352,732,0.33,21572,11.2,0,0
21123,73521,795,0.24,22754,2.0,0,0
21124,48482,677,0.49,20490,3.5,0,0
21125,77341,664,0.8,38251,2.0,0,1
21126,61715,656,0.09,23384,0.3,0,0
21127,50758,786,0.51,20670,2.7,0,0
21128,53882,735,0.41,26243,2.0,0,0
21129,44142,567,0.47,39959,19.2,0,0
21130,79594,564,0.18,24148,6.1,0,0
21131,39979,636,0.09,3100,0.7,0,0
21132,56391,705,0.24,25672,0.5,0,0
21133,69250,688,0.23,14526,1.2,0,0
21134,95883,723,0.59,5659,4.4,0,0
21135,61805,679,0.44,36429,0.5,0,0
21136,56907,781,0.33,34592,2.1,0,0
21137,67746,740,0.34,14306,1.8,1,0
21138,20000,695,0.66,14362,2.0,0,1
21139,36828,764,0.34,23361,1.1,0,0
21140,54117,583,0.5,14476,0.9,0,1
21141,47028,684,0.7,20852,2.4,0,1
21142,28383,699,0.49,15938,0.0,0,0
21143,80013,729,0.35,18597,5.5,0,0
21144,67455,579,0.1,10063,1.1,0,0
21145,64946,673,0.17,29029,1.9,0,0
21146,47426,716,0.19,32232,4.1,0,1
21147,63667,721,0.53,21148,0.8,0,0
21148,72803,767,0.61,21692,4.2,0,1
21149,56437,739,0.33,27348,0.8,0,0
21150,71336,686,0.16,22016,14.6,0,0
21151,45283,734,0.4,36701,3.8,0,0
21152,64047,677,0.42,10811,5.5,0,0
21153,85992,700,0.25,29318,5.1,0,0
21154,87872,742,0.65,21029,3.4,0,0
21155,89879,687,0.65,12470,7.4,0,0
21156,67997,714,0.3,41100,0.0,0,0
21157,62664,752,0.4,42274,4.5,0,0
21158,52575,736,0.27,20233,9.4,0,0
21159,24043,770,0.3,25780,10.0,0,1
21160,33757,840,0.36,17995,4.5,0,0
21161,58471,736,0.18,19362,1.8,0,0
21162,59726,660,0.33,12374,2.3,1,0
21163,91657,723,0.51,11118,2.0,0,0
21164,89611,720,0.13,37675,7.1,0,0
21165,47584,730,0.17,21670,0.6,0,0
21166,79185,787,0.5,22430,6.8,1,0
21167,51982,581,0.1,15111,1.7,0,0
21168,76335,788,0.45,23615,3.6,0,0
21169,78926,810,0.32,9218,1.7,0,0
21170,88084,727,0.34,15423,5.8,0,0
21171,51654,728,0.36,11802,9.8,0,0
21172,83300,674,0.05,32990,3.3,0,0
21173,22671,690,0.34,7959,7.7,0,0
21174,89221,735,0.2,11977,1.8,0,0
21175,61475,731,0.45,4595,2.6,0,0
21176,61922,737,0.37,14435,2.8,0,0
21177,20000,731,0.27,18094,2.4,0,0
21178,53838,748,0.25,30311,5.5,0,0
21179,90465,741,0.48,20113,5.6,0,0
21180,53039,623,0.74,18510,3.9,0,1
21181,76983,744,0.51,24549,10.9,0,1
21182,62726,811,0.45,18235,7.8,0,0
21183,84316,688,0.09,42484,0.5,0,0
21184,66022,787,0.34,16976,6.7,0,0
21185,42432,630,0.5,25517,2.6,0,0
21186,63185,688,0.17,29025,8.9,0,0
21187,95626,648,0.25,16732,0.0,0,0
21188,72451,780,0.6,23406,1.1,0,0
21189,59555,797,0.3,17743,4.7,0,0
21190,109371,684,0.67,24329,3.7,1,0
21191,86344,766,0.79,22858,5.3,0,0
21192,79151,797,0.58,20808,3.1,0,0
21193,68664,688,0.13,12178,8.6,0,0
21194,77336,698,0.67,37841,0.4,0,0
21195,78017,738,0.12,26984,11.0,0,0
21196,20000,635,0.38,8497,11.9,0,0
21197,70294,697,0.29,18427,2.6,0,0
21198,58623,829,0.34,8660,1.4,0,0
21199,51505,657,0.48,28478,18.1,0,0
21200,57896,745,0.16,21815,3.8,0,0
21201,29327,724,0.58,22035,9.7,0,0
21202,24103,679,0.22,14840,0.6,0,1
21203,88177,704,0.37,19318,0.4,1,0
21204,71705,804,0.09,28691,0.6,0,0
21205,20000,726,0.23,30975,14.7,0,1
21206,49896,736,0.18,29195,9.9,0,0
21207,80492,794,0.25,8807,9.0,0,0
21208,56120,671,0.26,20418,5.1,0,0
21209,88145,622,0.24,24153,2.0,0,0
21210,84045,805,0.34,15754,4.6,0,0
21211,33509,699,0.06,7898,3.1,0,0
21212,58990,748,0.39,11064,8.9,0,0
21213,52590,640,0.75,34748,1.2,0,0
21214,32826,715,0.21,11873,2.0,0,0
21215,31460,619,0.58,22404,1.5,0,0
21216,45074,694,0.36,20671,1.7,0,0
21217,48541,648,0.49,20693,0.0,0,0
21218,67948,633,0.24,19281,1.5,0,0
21219,83928,670,0.3,28708,2.6,0,0
21220,72787,541,0.56,22303,8.7,1,0
21221,77758,615,0.34,16682,4.3,0,0
21222,56401,741,0.2,22436,2.1,1,0
21223,74663,713,0.22,11141,7.9,0,0
21224,58884,620,0.43,26046,3.3,0,0
21225,52729,726,0.58,16212,3.6,0,0
21226,101839,633,0.47,16701,6.0,0,0
21227,20000,737,0.22,26361,3.1,0,1
21228,22661,682,0.46,18538,3.4,0,0
21229,70037,669,0.32,19016,2.3,0,0
21230,56435,684,0.17,31925,2.5,0,0
21231,31823,840,0.63,13728,1.8,0,0
21232,39853,641,0.25,26236,2.1,0,0
21233,42587,705,0.63,30071,1.9,0,0
21234,80739,741,0.49,31919,4.3,0,0
21235,87461,627,0.64,40500,4.0,0,0
21236,96431,586,0.54,16542,1.7,0,0
21237,28631,651,0.58,14623,6.2,0,1
21238,33290,739,0.16,28946,6.2,0,0
21239,31852,668,0.47,29992,2.3,0,0
21240,89066,675,0.6,15279,2.2,1,0
21241,70762,749,0.14,26121,3.7,0,0
21242,63684,638,0.37,45156,10.6,0,1
21243,66822,684,0.18,22890,4.4,0,0
21244,60808,592,0.25,29850,0.1,1,1
21245,38456,711,0.54,35402,2.2,0,0
21246,72777,705,0.53,43282,8.8,0,0
21247,58091,742,0.38,24088,3.8,0,0
21248,36793,616,0.06,32651,2.2,0,1
21249,74060,678,0.46,15298,0.1,0,1
21250,53058,607,0.74,22211,0.0,0,0
21251,66777,674,0.24,18205,4.7,0,0
21252,59375,786,0.16,5975,3.2,0,0
21253,80719,669,0.4,8374,2.1,0,0
21254,66623,601,0.59,25655,3.1,0,0
21255,43442,646,0.35,25822,1.4,0,0
21256,68762,585,0.45,13146,2.1,0,0
21257,69448,606,0.52,35238,6.3,0,1
21258,72738,734,0.39,12565,10.8,0,0
21259,83753,596,0.65,24187,3.6,0,0
21260,49064,710,0.48,18470,19.0,0,0
21261,76027,692,0.2,22909,10.6,0,0
21262,25779,655,0.54,29638,0.0,0,1
21263,59480,705,0.36,28437,0.8,0,0
21264,56232,629,0.16,28017,2.7,1,0
21265,92405,745,0.25,26931,4.3,0,0
21266,58717,645,0.08,11182,5.5,1,0
21267,74768,665,0.45,31644,3.5,0,0
21268,25003,657,0.41,12988,2.9,0,0
21269,54613,735,0.29,21099,0.7,0,0
21270,44226,725,0.25,19014,0.3,0,0
21271,113986,520,0.19,24976,1.4,1,0
21272,47997,707,0.3,17880,4.3,0,0
21273,63539,577,0.35,20653,0.6,0,0
21274,64658,668,0.15,35760,1.6,0,0
21275,28621,683,0.5,10990,10.8,0,0
21276,50953,667,0.13,21979,2.8,0,0
21277,70500,723,0.38,12530,1.1,1,0
21278,63800,737,0.27,27732,1.7,0,1
21279,20000,640,0.8,15823,7.0,0,1
21280,50093,637,0.32,22328,7.5,0,0
21281,83437,688,0.05,10740,2.3,0,0
21282,74353,590,0.3,32978,1.8,0,0
21283,87579,659,0.16,22619,5.8,0,0
21284,41301,778,0.43,23171,3.7,0,1
21285,88900,592,0.18,29047,7.5,0,0
21286,61067,668,0.23,11363,4.8,0,0
21287,95437,652,0.33,16772,2.2,0,0
21288,62069,820,0.63,23445,12.2,0,0
21289,20000,655,0.13,7023,0.8,0,0
21290,79834,659,0.66,7936,0.8,1,0
21291,52686,623,0.73,15019,4.1,0,0
21292,54099,691,0.26,12302,0.7,0,0
21293,31485,708,0.39,19077,6.5,0,0
21294,96066,632,0.43,26441,10.3,0,0
21295,51057,754,0.14,28374,1.8,0,0
21296,95076,708,0.48,37380,2.0,0,0
21297,52944,745,0.37,21808,0.9,0,0
21298,42517,669,0.38,23312,0.9,0,0
21299,89710,706,0.47,21789,3.8,0,0
21300,60460,676,0.37,24722,0.2,0,0
21301,60665,785,0.11,25386,14.4,0,0
21302,35086,698,0.36,29838,2.4,0,0
21303,52390,691,0.21,29805,5.9,0,0
21304,71003,660,0.38,26415,1.9,0,0
21305,34717,656,0.18,34836,8.3,0,1
21306,50679,705,0.53,22227,14.3,0,0
21307,53171,743,0.33,16802,5.1,0,0
21308,63395,646,0.62,18192,1.3,0,0
21309,93071,698,0.65,21100,10.4,0,0
21310,55701,702,0.27,12789,3.5,0,0
21311,47499,713,0.16,16786,1.6,0,0
21312,119674,579,0.29,12311,6.3,0,0
21313,52903,630,0.16,24924,1.0,0,0
21314,57996,601,0.06,25007,0.1,0,0
21315,54485,692,0.19,6964,4.1,0,0
21316,56188,631,0.05,16440,14.2,0,0
21317,63633,658,0.12,37514,2.4,1,1
21318,81337,612,0.39,27353,4.1,0,0
21319,70484,664,0.47,25862,3.4,0,0
21320,84619,617,0.45,16354,0.4,0,0
21321,83925,739,0.43,24442,2.3,0,0
21322,66380,721,0.42,21877,3.1,0,0
21323,69903,700,0.55,15228,7.5,0,0
21324,85283,670,0.14,17803,4.1,0,0
21325,38665,558,0.1,17994,4.2,0,0
21326,114462,660,0.61,9346,6.2,0,0
21327,51236,641,0.06,10750,4.7,0,0
21328,54630,706,0.4,20305,0.5,0,0
21329,36550,730,0.4,14792,3.2,0,0
21330,37175,711,0.33,19442,0.7,1,0
21331,82455,772,0.22,8352,0.7,0,0
21332,109674,653,0.22,28811,4.4,0,0
21333,50088,650,0.2,39684,0.2,0,0
21334,69294,757,0.71,30733,1.1,0,0
21335,66623,701,0.19,31610,3.3,1,0
21336,83005,674,0.67,27322,1.0,0,1
21337,108593,810,0.67,24257,9.6,0,0
21338,93940,728,0.4,22735,1.6,0,0
21339,56988,678,0.17,14227,3.9,0,0
21340,73104,645,0.23,27865,7.9,0,0
21341,75189,776,0.3,27361,2.3,0,0
21342,61578,703,0.51,18064,9.9,0,0
21343,38985,692,0.47,26471,1.8,0,0
21344,45226,734,0.05,16101,0.5,0,0
21345,86111,747,0.29,16643,1.4,0,0
21346,88277,726,0.26,28588,1.3,0,0
21347,57641,747,0.24,25659,0.5,1,0
21348,67482,719,0.61,20028,6.5,0,0
21349,87143,726,0.37,19045,2.2,0,0
21350,26210,642,0.14,23486,3.3,0,1
21351,52627,808,0.51,6399,4.3,0,0
21352,104375,610,0.33,15559,4.5,0,0
21353,68285,710,0.63,11247,9.3,0,0
21354,38286,603,0.4,22101,9.3,0,0
21355,64463,684,0.38,31253,10.3,0,0
21356,83450,653,0.19,26056,2.0,0,0
21357,20000,699,0.59,17652,4.6,0,1
21358,65702,712,0.43,15994,10.2,0,0
21359,54179,628,0.27,15592,8.4,1,0
21360,27518,688,0.39,38997,12.2,1,0
21361,63720,781,0.05,22579,13.1,0,0
21362,59134,605,0.32,23698,5.9,0,0
21363,61494,634,0.51,4055,13.1,0,0
21364,54687,746,0.39,11962,3.1,0,0
21365,40552,695,0.39,21624,0.3,0,0
21366,31449,700,0.42,17766,0.8,0,0
21367,47496,756,0.52,23131,2.7,0,0
21368,80044,638,0.44,23019,0.2,0,0
21369,66894,656,0.42,27104,1.0,0,0
21370,60547,648,0.34,6112,2.1,0,0
21371,40165,667,0.25,12606,6.4,0,0
21372,54148,777,0.62,21153,2.3,0,0
21373,77480,579,0.3,16497,3.0,0,0
21374,72600,612,0.22,19363,11.9,0,0
21375,51979,601,0.25,22927,8.2,0,0
21376,20000,781,0.22,15668,4.3,0,0
21377,47828,650,0.36,23634,9.8,0,0
21378,51863,669,0.18,26624,6.0,0,0
21379,42951,585,0.32,22553,0.2,0,0
21380,53323,673,0.63,28126,12.3,0,1
21381,79148,746,0.41,3530,1.4,0,0
21382,61217,706,0.33,17019,3.7,0,0
21383,82784,683,0.1,29585,6.8,0,0
21384,30324,588,0.4,14653,2.1,0,0
21385,55594,669,0.05,13499,2.8,0,0
21386,21281,700,0.51,20927,0.2,0,0
21387,53042,626,0.09,21853,1.0,1,0
21388,40041,733,0.09,17455,0.6,0,0
21389,88906,748,0.43,37670,2.0,0,1
21390,70604,656,0.34,24435,0.7,1,0
21391,83311,737,0.55,14325,13.2,0,0
21392,52984,683,0.53,9764,3.9,0,0
21393,40586,765,0.08,25447,0.0,0,0
21394,39917,822,0.35,14124,4.8,0,0
21395,67574,619,0.23,40297,4.9,0,0
21396,100013,740,0.33,25638,2.3,0,0
21397,70660,775,0.27,26760,0.4,0,0
21398,54130,627,0.37,24114,2.8,0,0
21399,58036,653,0.79,31533,6.9,0,0
21400,61343,652,0.4,3000,11.7,0,0
21401,104559,681,0.07,11772,0.1,0,0
21402,87906,667,0.12,30790,0.3,0,0
21403,67459,677,0.12,34755,1.0,0,0
21404,64304,744,0.37,11500,2.7,1,0
21405,68286,567,0.2,6542,2.9,1,0
21406,72380,627,0.33,23424,1.3,0,0
21407,53323,734,0.48,26126,5.6,0,0
21408,44274,726,0.21,23253,2.5,0,0
21409,83677,621,0.31,21493,10.4,0,0
21410,62462,726,0.12,6259,7.4,0,0
21411,81923,776,0.12,18812,1.8,0,0
21412,96569,687,0.1,20080,8.4,0,0
21413,72933,624,0.56,17340,0.4,0,0
21414,69530,747,0.37,5691,0.9,0,0
21415,129205,802,0.47,26970,3.1,0,0
21416,66347,632,0.58,29359,25.9,0,0
21417,39099,693,0.49,15246,3.4,0,0
21418,56094,761,0.64,20419,9.4,1,0
21419,94585,697,0.32,17776,6.2,1,0
21420,34822,576,0.32,17859,5.6,0,0
21421,46198,719,0.3,26192,3.1,0,0
21422,85235,626,0.35,26397,0.5,0,0
21423,56296,607,0.23,31136,4.8,0,0
21424,59685,578,0.31,30958,7.3,0,0
21425,84541,767,0.61,20540,1.7,0,0
21426,46947,636,0.68,46158,1.0,0,0
21427,31159,712,0.17,35175,16.0,0,0
21428,32833,728,0.14,16406,1.5,0,0
21429,74217,701,0.76,23076,2.8,0,0
21430,67442,709,0.3,5121,1.4,0,0
21431,47456,715,0.1,22232,6.0,0,0
21432,37665,699,0.44,36226,4.1,0,1
21433,56318,641,0.27,45641,0.7,0,0
21434,85447,635,0.15,20969,6.6,0,0
21435,44448,683,0.37,24847,6.6,0,1
21436,48084,682,0.32,27145,2.7,0,0
21437,36999,718,0.38,38827,4.3,0,0
21438,54284,762,0.23,13645,6.9,0,0
21439,69100,712,0.61,44572,2.1,0,1
21440,106419,637,0.5,19305,10.8,0,0
21441,66573,548,0.37,12054,1.7,1,1
21442,60873,640,0.39,19320,11.1,0,1
21443,80122,603,0.38,15118,10.5,0,0
21444,76621,643,0.41,25564,18.5,0,0
21445,49869,706,0.3,7955,0.2,0,0
21446,110343,695,0.45,23204,11.1,0,0
21447,61488,811,0.45,27644,7.7,0,0
21448,66964,721,0.22,34604,3.2,0,0
21449,73578,814,0.53,27785,4.0,0,0
21450,69263,736,0.27,34081,0.8,0,0
21451,94033,761,0.17,16852,0.8,0,0
21452,49612,667,0.69,25351,9.5,0,0
21453,78451,620,0.29,3052,3.1,0,0
21454,65456,661,0.39,21031,16.1,0,0
21455,82637,689,0.57,25287,0.4,0,0
21456,57485,649,0.23,26056,0.9,0,0
21457,54641,625,0.26,8620,0.3,1,0
21458,77374,717,0.37,18684,17.7,0,0
21459,69518,625,0.38,19869,1.0,0,0
21460,44774,590,0.19,18353,4.1,0,0
21461,90258,617,0.38,28163,4.7,0,0
21462,77383,675,0.57,20157,12.6,0,0
21463,60442,626,0.41,22844,5.2,0,0
21464,52167,675,0.31,17838,8.9,0,0
21465,69647,729,0.17,31051,0.2,0,0
21466,75870,727,0.59,31683,6.2,0,0
21467,28524,647,0.51,19379,3.3,0,0
21468,69889,605,0.75,46230,2.9,0,0
21469,75704,653,0.47,15485,4.9,0,0
21470,20000,733,0.29,30561,0.0,0,0
21471,66120,748,0.26,13916,0.5,0,0
21472,76587,713,0.05,28571,1.0,0,0
21473,74198,768,0.27,27908,15.5,0,0
21474,78851,802,0.56,13400,1.1,0,0
21475,55121,659,0.27,20890,13.4,0,0
21476,40162,787,0.48,37876,1.2,0,0
21477,24205,673,0.3,15078,6.7,0,1
21478,84937,756,0.55,25416,0.6,0,0
21479,76764,736,0.24,24852,0.5,0,0
21480,86538,561,0.58,21641,2.1,0,0
21481,46772,627,0.47,7285,7.4,0,0
21482,78881,611,0.26,29043,7.4,0,0
21483,30444,574,0.23,22099,2.5,0,1
21484,43741,747,0.49,31383,0.1,0,0
21485,64646,824,0.63,23970,4.2,0,0
21486,75927,673,0.27,22548,1.3,0,0
21487,97259,746,0.49,25167,10.0,0,0
21488,56959,787,0.43,13606,0.1,0,0
21489,43819,704,0.25,35244,0.7,0,0
21490,42740,688,0.8,18809,0.9,0,0
21491,47555,674,0.36,18918,3.5,0,0
21492,108642,725,0.6,32985,0.9,0,0
21493,77894,747,0.56,24102,1.0,0,0
21494,85363,720,0.65,19990,18.2,0,0
21495,56981,718,0.57,25517,0.7,0,0
21496,61965,687,0.1,27321,7.4,0,0
21497,76685,586,0.24,20994,3.6,0,0
21498,51378,748,0.13,29840,1.0,0,0
21499,55883,606,0.34,11200,1.9,0,0
21500,47831,730,0.32,24225,0.1,0,0
21501,52603,739,0.62,28802,0.0,0,0
21502,63029,616,0.47,27285,0.5,0,0
21503,44744,650,0.62,3000,0.2,0,0
21504,68006,828,0.23,20924,3.1,0,0
21505,67976,685,0.32,11681,3.8,0,0
21506,58236,611,0.16,32929,2.0,0,0
21507,44623,742,0.14,18679,0.8,0,0
21508,64204,640,0.37,31985,2.6,0,0
21509,51397,565,0.59,11655,3.2,0,0
21510,62978,724,0.41,25320,17.0,0,0
21511,85061,630,0.29,22067,2.1,0,0
21512,35688,711,0.37,45495,3.4,0,0
21513,107643,637,0.37,32012,3.1,0,0
21514,60477,736,0.25,31468,1.4,0,0
21515,70649,702,0.22,39236,7.0,0,0
21516,46192,522,0.07,24412,13.1,0,0
21517,85986,715,0.18,21154,12.9,0,0
21518,59362,671,0.54,20185,0.1,1,0
21519,53724,782,0.19,24786,4.4,0,0
21520,49914,716,0.34,3000,2.2,0,0
21521,56362,739,0.17,22020,8.8,0,0
21522,70785,644,0.16,23928,2.4,0,0
21523,65629,639,0.49,20675,2.4,0,0
21524,61163,688,0.14,8987,3.4,0,0
21525,47060,667,0.24,20726,4.7,1,0
21526,45847,777,0.13,8964,8.9,0,0
21527,52322,680,0.36,37077,8.2,0,0
21528,71666,610,0.3,19813,9.3,0,0
21529,75907,636,0.49,4467,3.3,0,0
21530,78738,753,0.49,20245,0.6,0,0
21531,61969,679,0.63,29611,3.8,0,0
21532,70055,676,0.26,23497,9.3,0,0
21533,58463,759,0.4,14232,7.3,0,0
21534,25412,631,0.19,16235,3.2,0,0
21535,57466,545,0.29,19562,3.4,0,0
21536,54118,635,0.19,18263,4.7,0,0
21537,40180,706,0.33,11294,3.4,0,0
21538,50085,674,0.68,21425,5.8,0,1
21539,64837,589,0.41,10663,3.9,1,0
21540,38202,756,0.46,30067,1.8,0,0
21541,47074,701,0.07,31104,4.2,0,0
21542,94506,715,0.55,13473,2.5,0,0
21543,28343,717,0.16,15909,8.3,0,0
21544,58153,606,0.65,18404,4.0,0,0
21545,37508,710,0.28,21732,1.0,0,0
21546,46216,749,0.37,24183,18.4,0,0
21547,57848,764,0.42,25936,3.3,0,1
21548,41261,737,0.56,25738,2.4,0,1
21549,74053,723,0.57,35208,0.0,0,0
21550,90374,577,0.28,22513,0.9,0,0
21551,79675,689,0.33,10929,1.2,0,0
21552,83517,628,0.3,8322,0.6,1,1
21553,33026,773,0.19,35904,0.0,0,0
21554,56896,763,0.61,26332,5.7,0,0
21555,71816,628,0.75,23755,3.4,0,0
21556,80295,687,0.51,25817,3.4,0,0
21557,98820,706,0.49,23362,2.0,1,0
21558,84450,749,0.12,25682,2.0,0,0
21559,80826,581,0.14,18833,10.7,0,0
21560,117306,546,0.41,30969,0.7,0,0
21561,64022,692,0.61,17539,10.5,0,0
21562,55930,525,0.18,14322,5.3,1,1
21563,65725,700,0.73,7628,3.6,1,1
21564,42784,728,0.16,19979,1.1,0,0
21565,63420,770,0.22,32774,3.6,0,0
21566,25736,650,0.54,18113,4.1,0,0
21567,50880,700,0.26,10282,1.5,0,0
21568,59578,732,0.08,24421,1.6,0,0
21569,81942,614,0.64,16466,0.3,1,0
21570,85333,749,0.05,35160,2.2,0,0
21571,41764,708,0.48,31134,0.4,0,1
21572,105597,651,0.41,11197,1.8,0,0
21573,65116,699,0.63,20522,9.4,0,1
21574,67041,681,0.67,15580,5.3,0,0
21575,28028,741,0.36,12136,15.4,0,0
21576,48979,667,0.72,21525,11.6,0,1
21577,84046,705,0.26,28955,14.5,0,0
21578,65565,650,0.3,21305,4.2,1,0
21579,64264,629,0.49,17613,6.5,0,0
21580,66771,701,0.28,3247,6.2,1,0
21581,31693,632,0.38,16341,0.5,0,0
21582,59971,742,0.4,26690,7.9,0,0
21583,91575,728,0.32,10594,1.9,0,0
21584,84821,640,0.42,32902,2.4,0,0
21585,59371,704,0.61,17039,2.0,0,0
21586,94837,640,0.17,23647,1.0,1,0
21587,35559,586,0.4,18607,3.8,0,0
21588,41594,651,0.26,12001,2.7,0,0
21589,101136,687,0.55,25743,3.7,0,0
21590,74137,724,0.43,16917,2.4,0,0
21591,55933,700,0.68,14919,3.4,0,0
21592,60838,749,0.21,3000,2.0,0,0
21593,45061,626,0.13,33073,0.5,0,0
21594,67808,666,0.17,22052,6.5,0,0
21595,66145,797,0.8,31406,1.6,0,0
21596,62418,564,0.39,27272,3.2,0,0
21597,37645,661,0.38,31405,1.1,0,0
21598,67560,620,0.29,17205,1.3,0,0
21599,50880,677,0.57,10334,0.7,0,0
21600,41294,662,0.19,28483,4.7,0,1
21601,88602,729,0.33,23107,10.8,1,0
21602,107564,707,0.41,18036,19.1,0,0
21603,102795,605,0.55,28313,8.6,0,0
21604,75653,652,0.42,24619,1.8,0,0
21605,56423,690,0.64,27431,2.7,0,0
21606,60523,738,0.17,13310,3.5,0,0
21607,70518,840,0.27,30310,1.3,0,0
21608,53175,736,0.58,21961,7.5,0,0
21609,89695,624,0.34,31221,2.5,0,0
21610,20000,684,0.52,30230,7.8,0,0
21611,55790,702,0.34,27834,2.8,0,0
21612,78823,656,0.4,21055,1.0,0,0
21613,44252,721,0.12,28031,4.0,0,0
21614,56957,542,0.49,31442,4.6,0,0
21615,74467,726,0.42,27157,5.6,0,1
21616,93884,659,0.13,23722,2.2,0,0
21617,34827,683,0.33,28051,2.1,0,0
21618,33270,785,0.22,17532,4.3,0,0
21619,42133,608,0.71,34869,4.8,0,0
21620,29712,708,0.27,7704,7.8,0,0
21621,31206,742,0.09,22292,15.0,0,0
21622,41574,701,0.57,18549,0.1,0,1
21623,87903,585,0.48,16552,8.1,0,0
21624,55446,778,0.28,24594,9.9,0,0
21625,62659,676,0.35,12433,3.9,0,0
21626,41935,656,0.42,40291,3.1,0,1
21627,75304,670,0.45,10507,2.6,0,0
21628,101391,665,0.3,13914,13.4,0,0
21629,43360,613,0.41,13112,0.7,0,0
21630,98220,701,0.51,23687,3.3,0,0
21631,69653,651,0.11,30624,17.0,1,0
21632,62354,734,0.16,26471,1.6,0,0
21633,70403,724,0.24,34515,4.2,0,0
21634,70201,796,0.15,14968,12.0,1,0
21635,100999,676,0.73,27599,4.2,0,0
21636,72925,638,0.15,19420,2.4,0,0
21637,73363,594,0.53,23939,6.9,0,0
21638,53149,833,0.12,31424,0.5,0,0
21639,79621,733,0.21,7616,1.1,1,0
21640,41906,645,0.49,38924,3.0,1,1
21641,64289,800,0.6,20765,0.3,0,0
21642,122549,778,0.14,8344,1.0,0,0
21643,20000,602,0.47,16111,0.4,0,0
21644,66896,641,0.08,22870,1.0,0,0
21645,67704,681,0.14,16109,2.4,0,0
21646,57210,620,0.54,4593,2.8,0,0
21647,57705,684,0.7,22823,11.6,1,0
21648,63920,736,0.58,15865,8.5,0,0
21649,56708,601,0.56,27535,1.3,0,0
21650,66662,709,0.4,12919,2.0,0,0
21651,51760,766,0.27,41223,1.1,1,0
21652,104470,716,0.63,26366,4.0,0,0
21653,56708,685,0.42,23673,5.1,0,0
21654,73962,647,0.22,27297,7.1,0,0
21655,47950,744,0.13,6517,2.1,0,0
21656,81596,614,0.22,17776,12.6,0,0
21657,77403,706,0.32,37156,6.1,0,0
21658,70804,692,0.28,19279,1.6,1,0
21659,40426,763,0.53,21466,10.5,0,0
21660,46200,652,0.15,18035,2.8,0,0
21661,97410,658,0.39,34448,3.8,0,0
21662,45967,609,0.06,19921,0.8,0,0
21663,75459,718,0.23,11359,2.3,0,0
21664,42162,662,0.64,43920,17.2,0,1
21665,83176,634,0.21,10312,5.1,0,0
21666,47586,640,0.48,21172,11.0,0,0
21667,41773,725,0.11,14845,1.9,1,0
21668,47041,618,0.22,16036,13.9,1,0
21669,50370,624,0.36,12991,8.1,0,0
21670,70498,748,0.55,17410,11.2,1,0
21671,63457,679,0.39,30364,29.0,0,0
21672,39002,752,0.39,5833,5.5,0,0
21673,61413,667,0.16,32717,2.1,0,0
21674,37986,690,0.35,31251,8.8,0,0
21675,75515,700,0.36,26327,6.4,0,0
21676,79365,780,0.31,23072,23.0,0,0
21677,61497,775,0.6,24351,3.7,0,0
21678,67705,765,0.17,34099,2.8,0,0
21679,98795,649,0.12,7161,5.0,0,0
21680,58690,626,0.37,28182,0.3,0,1
21681,42171,739,0.49,15658,1.7,0,0
21682,74163,779,0.38,29019,2.8,0,0
21683,38214,766,0.48,16784,7.2,0,0
21684,57578,691,0.67,28008,5.7,0,0
21685,49421,737,0.23,8838,2.5,0,0
21686,47262,738,0.14,7613,1.1,1,0
21687,56748,700,0.54,21039,0.9,1,0
21688,80898,703,0.27,34202,1.0,1,0
21689,85219,696,0.35,26558,1.9,0,0
21690,81450,639,0.43,26497,0.5,0,0
21691,69063,645,0.44,29312,0.3,0,0
21692,56588,644,0.8,18626,10.3,0,0
21693,20000,586,0.42,27191,11.8,0,0
21694,69721,699,0.12,17073,2.6,0,0
21695,20000,687,0.77,19331,13.7,0,0
21696,21609,740,0.61,20386,19.0,0,0
21697,58605,772,0.4,17363,2.6,0,0
21698,67556,776,0.48,21439,3.4,1,0
21699,52527,782,0.24,19836,1.3,0,0
21700,94246,641,0.49,15985,1.2,0,0
21701,71704,597,0.18,20805,0.0,0,1
21702,56762,750,0.32,23320,3.6,0,0
21703,91113,780,0.24,12651,0.7,0,0
21704,94867,791,0.38,25548,2.3,0,0
21705,72764,722,0.4,17804,2.9,0,0
21706,45720,560,0.11,23685,9.5,0,0
21707,50444,714,0.44,16345,0.2,0,0
21708,31618,726,0.12,30929,1.2,0,0
21709,61109,771,0.5,30127,0.7,0,0
21710,39949,783,0.43,13080,0.4,0,0
21711,55089,749,0.21,26462,6.4,0,0
21712,67473,652,0.11,34293,4.3,0,0
21713,20342,623,0.47,13940,6.5,0,0
21714,35461,725,0.54,14614,1.0,0,0
21715,51356,638,0.23,28248,2.9,0,0
21716,60897,786,0.05,10889,6.3,0,0
21717,51628,579,0.42,15391,1.9,0,0
21718,56319,727,0.17,13375,1.3,1,0
21719,47170,711,0.08,28354,5.7,0,0
21720,31563,677,0.24,16114,2.5,1,0
21721,50770,630,0.29,19581,0.1,0,0
21722,57523,556,0.07,15639,28.0,0,0
21723,55482,655,0.6,31762,4.0,0,0
21724,64348,657,0.32,14695,4.7,0,0
21725,70797,762,0.22,10035,2.3,0,0
21726,76316,639,0.37,9702,6.3,0,1
21727,48695,719,0.45,27896,11.3,0,0
21728,28908,606,0.06,28510,4.2,0,0
21729,88704,721,0.22,32613,5.4,0,0
21730,70094,545,0.35,11282,2.7,0,0
21731,41952,826,0.4,20035,11.3,0,0
21732,67832,681,0.23,42632,6.8,0,0
21733,84428,520,0.41,19430,7.5,0,0
21734,98313,643,0.58,17211,2.4,0,0
21735,67263,633,0.5,21821,2.3,0,0
21736,84253,647,0.37,26505,1.1,0,0
21737,36598,666,0.33,26362,3.5,0,1
21738,61246,647,0.24,16777,0.8,0,0
21739,54965,637,0.61,17027,2.6,0,0
21740,69194,615,0.47,19480,1.0,1,1
21741,95835,743,0.17,15794,0.5,0,0
21742,67248,768,0.44,11505,4.6,0,0
21743,42308,673,0.36,37368,0.2,0,1
21744,35468,689,0.46,18541,10.3,0,1
21745,96561,617,0.33,19023,1.6,1,0
21746,72790,695,0.13,19288,7.0,0,0
21747,71410,705,0.25,21316,1.3,0,0
21748,54782,676,0.35,25695,12.0,0,0
21749,67625,716,0.28,18046,2.5,0,0
21750,41274,710,0.44,31685,2.3,0,0
21751,70131,621,0.29,27081,2.3,0,0
21752,37328,768,0.36,20377,0.5,0,0
21753,54455,677,0.42,16337,2.1,0,0
21754,48499,799,0.2,31222,6.0,1,0
21755,20000,717,0.2,20623,0.0,0,0
21756,54718,818,0.26,11437,7.9,0,0
21757,43124,766,0.16,30679,11.4,0,0
21758,57582,705,0.47,15826,1.1,0,0
21759,62036,643,0.6,29382,3.2,0,0
21760,99127,644,0.18,3000,7.0,0,0
21761,68399,725,0.64,18866,10.6,0,0
21762,69016,699,0.52,31860,2.6,0,0
21763,72408,652,0.37,22044,5.2,0,0
21764,80308,744,0.21,27084,4.1,0,0
21765,71540,693,0.33,14334,3.7,0,0
21766,67916,745,0.39,24955,1.0,0,1
21767,76936,627,0.17,22032,1.7,1,0
21768,20000,755,0.45,24068,2.8,0,0
21769,105870,723,0.15,39334,4.3,0,0
21770,95384,768,0.47,33089,4.8,1,0
21771,66560,754,0.71,28732,10.5,0,0
21772,32327,684,0.35,28839,0.8,1,1
21773,87417,679,0.27,14272,1.4,0,0
21774,47429,806,0.56,17995,5.5,0,0
21775,73211,671,0.61,8973,1.9,0,0
21776,35059,739,0.43,11209,3.5,0,0
21777,108755,665,0.31,14464,14.6,0,0
21778,31713,569,0.65,21752,5.1,0,0
21779,63449,610,0.17,11587,1.1,0,0
21780,20000,716,0.52,21667,5.2,0,0
21781,61134,736,0.47,20691,0.3,0,0
21782,53069,717,0.25,12359,2.8,0,0
21783,85881,764,0.23,34967,0.3,0,0
21784,53067,715,0.12,10742,3.6,0,0
21785,85911,640,0.22,31497,2.6,0,0
21786,40493,729,0.19,3000,1.2,0,0
21787,56079,701,0.12,20791,5.6,0,0
21788,56500,653,0.38,11820,4.1,0,0
21789,72407,721,0.3,16437,5.1,0,0
21790,69736,695,0.62,37386,2.6,1,0
21791,77167,651,0.36,19051,6.3,0,0
21792,67603,678,0.51,12611,5.4,0,0
21793,75888,782,0.39,26145,0.8,0,0
21794,43145,780,0.55,18976,3.4,0,0
21795,70165,702,0.46,23281,8.0,0,0
21796,95772,694,0.25,14227,0.4,0,0
21797,26720,597,0.41,14646,4.7,0,0
21798,72269,802,0.25,15305,0.4,0,0
21799,76212,757,0.07,28787,3.1,0,0
21800,92685,739,0.19,20072,6.7,0,0
21801,77247,542,0.36,13090,6.1,0,0
21802,64107,693,0.62,23375,6.4,0,0
21803,71032,682,0.33,22676,4.3,0,0
21804,46564,734,0.56,26876,8.5,0,0
21805,53853,661,0.37,17905,0.3,0,0
21806,33950,675,0.37,21341,7.3,0,0
21807,93228,730,0.3,25584,0.1,0,0
21808,71453,640,0.49,13420,1.3,0,0
21809,42762,653,0.37,29533,4.5,0,1
21810,67698,703,0.17,22140,6.6,0,0
21811,86346,777,0.77,12641,14.8,0,0
21812,82849,743,0.15,12578,3.4,1,0
21813,42520,760,0.21,21155,6.4,0,0
21814,20000,694,0.41,17323,0.7,1,1
21815,70303,787,0.27,28414,4.0,0,0
21816,43376,577,0.63,19563,4.9,0,0
21817,75069,821,0.44,24576,2.2,0,0
21818,81956,830,0.33,14787,8.5,0,0
21819,85386,720,0.35,21805,5.1,0,0
21820,98640,744,0.11,33182,3.2,0,0
21821,87963,688,0.79,20741,12.9,0,0
21822,98741,676,0.41,17300,10.6,0,0
21823,90960,650,0.14,14658,6.6,0,0
21824,92791,687,0.53,21840,8.2,0,0
21825,61142,726,0.31,33979,5.3,0,0
21826,34924,717,0.23,10409,6.8,0,0
21827,114128,819,0.14,21576,1.3,0,0
21828,63322,697,0.08,7432,1.1,0,0
21829,87803,593,0.17,18511,1.7,0,0
21830,50444,797,0.25,24234,10.3,0,0
21831,82242,611,0.21,8567,1.0,0,0
21832,20000,654,0.3,18219,1.8,0,1
21833,53381,708,0.5,24469,1.7,0,1
21834,59933,717,0.18,23115,6.9,0,0
21835,71715,596,0.38,24881,10.9,0,0
21836,84513,641,0.11,13716,17.1,0,0
21837,39023,594,0.4,24466,1.1,0,0
21838,75859,730,0.31,16900,7.7,0,0
21839,87760,767,0.15,28069,3.9,0,0
21840,111264,611,0.23,3000,5.8,0,0
21841,76839,755,0.59,19538,3.7,0,0
21842,52350,751,0.55,22840,3.7,0,0
21843,35293,647,0.34,33470,1.0,0,1
21844,100413,561,0.17,22738,3.1,0,0
21845,77484,620,0.54,23600,13.2,0,0
21846,61539,651,0.37,25192,1.3,0,0
21847,27984,790,0.59,32651,0.7,0,0
21848,42445,682,0.35,18754,3.3,0,0
21849,75258,625,0.11,10074,2.8,0,0
21850,69430,700,0.32,8446,7.4,0,0
21851,21127,606,0.22,27646,3.6,0,1
21852,75285,723,0.43,23897,2.0,0,0
21853,29063,626,0.06,19821,4.1,0,0
21854,90434,636,0.58,17018,2.3,0,0
21855,66380,714,0.41,23537,7.7,0,0
21856,52268,804,0.32,23783,2.1,0,0
21857,82793,833,0.05,26079,8.2,0,0
21858,69423,622,0.55,12576,6.2,0,0
21859,89823,651,0.31,7003,2.3,1,0
21860,63690,724,0.32,14235,4.5,0,0
21861,64915,766,0.39,10515,1.6,0,0
21862,56010,549,0.25,10075,14.9,0,0
21863,67522,696,0.4,35343,9.2,0,0
21864,97657,658,0.51,3000,1.3,0,0
21865,51442,565,0.24,25992,8.0,0,0
21866,75607,603,0.48,29709,7.0,0,0
21867,43511,653,0.75,30393,0.3,0,0
21868,20000,694,0.48,24356,1.9,0,0
21869,66357,756,0.35,33219,11.8,1,0
21870,69779,713,0.65,37159,0.8,0,0
21871,59689,752,0.41,19431,1.2,1,1
21872,30584,692,0.39,25804,0.9,0,0
21873,68390,644,0.28,32844,1.9,0,0
21874,67593,678,0.24,14673,0.5,0,0
21875,43336,735,0.28,19918,5.6,0,0
21876,33577,757,0.64,16681,10.2,0,0
21877,56700,680,0.32,25918,0.3,0,0
21878,75712,630,0.38,5866,0.5,0,0
21879,70750,712,0.29,34211,0.6,0,0
21880,43502,721,0.45,26537,5.4,1,1
21881,64875,770,0.58,27014,0.8,0,0
21882,80630,646,0.38,3000,5.8,0,0
21883,37374,647,0.21,13159,11.0,0,0
21884,63326,739,0.61,34669,2.8,0,1
21885,90132,664,0.14,20492,4.0,0,0
21886,35226,661,0.28,7345,6.2,0,0
21887,86266,772,0.69,23884,1.7,0,0
21888,96003,601,0.19,27773,1.1,0,0
21889,57334,824,0.34,26518,10.5,0,0
21890,54797,650,0.33,20722,2.4,0,1
21891,83695,746,0.33,31652,9.9,0,0
21892,58091,683,0.1,16033,1.3,0,0
21893,20000,708,0.09,26591,1.0,0,0
21894,59925,673,0.37,23148,4.0,0,0
21895,71878,746,0.34,20869,18.3,0,0
21896,77542,667,0.32,18779,6.8,0,0
21897,43507,653,0.16,19079,2.0,0,0
21898,56334,808,0.43,22274,16.8,0,0
21899,82515,692,0.14,19512,0.6,0,0
21900,60740,646,0.05,28231,1.7,0,0
21901,29897,593,0.32,17444,1.2,0,0
21902,87990,811,0.33,35330,2.9,0,0
21903,57504,654,0.53,17064,11.6,0,1
21904,84916,824,0.29,29821,0.2,0,0
21905,32695,716,0.44,30187,1.7,0,0
21906,59459,699,0.34,23410,10.7,1,1
21907,72704,701,0.51,22652,0.8,0,0
21908,60170,834,0.16,15804,5.8,0,0
21909,37157,548,0.61,17605,12.7,0,1
21910,20000,704,0.24,23868,0.0,0,0
21911,93989,673,0.11,21616,5.4,0,0
21912,67209,676,0.31,32056,0.4,0,0
21913,86503,700,0.47,18136,0.0,0,0
21914,81502,673,0.25,18650,3.3,0,0
21915,74534,702,0.34,7850,2.4,0,0
21916,55252,688,0.1,27470,3.0,0,0
21917,72285,605,0.4,26702,1.4,0,0
21918,92083,715,0.09,30305,2.9,0,0
21919,63743,737,0.05,30784,10.5,0,0
21920,101936,655,0.1,28706,2.1,0,0
21921,30512,811,0.09,29064,3.2,0,0
21922,28255,777,0.39,27186,1.4,0,0
21923,82750,745,0.38,28495,7.9,0,0
21924,44806,744,0.09,6343,0.8,0,0
21925,104910,692,0.52,12652,2.6,0,0
21926,90084,764,0.16,11263,5.8,0,0
21927,95339,792,0.12,32796,2.2,0,0
21928,80573,743,0.74,15345,12.7,0,0
21929,42647,653,0.15,16706,4.8,0,0
21930,27154,687,0.34,22057,3.4,0,1
21931,93401,727,0.32,11429,0.7,0,0
21932,30509,744,0.48,25235,5.3,1,0
21933,95283,685,0.31,3892,3.7,0,0
21934,76062,653,0.24,11991,0.7,0,0
21935,60399,793,0.75,23690,4.9,0,0
21936,71283,620,0.14,11446,0.8,0,0
21937,71771,629,0.3,33042,4.6,0,0
21938,57749,604,0.55,22393,15.7,0,0
21939,91939,629,0.4,31623,0.4,1,0
21940,91219,771,0.11,25042,1.8,0,0
21941,65269,773,0.36,21899,0.9,0,0
21942,49400,685,0.51,13529,5.5,0,0
21943,89425,722,0.27,29898,5.1,0,0
21944,20000,689,0.13,25751,5.5,1,1
21945,71322,613,0.53,39720,4.6,0,0
21946,77531,834,0.15,29041,0.1,0,0
21947,44605,779,0.53,18622,3.7,0,0
21948,82449,713,0.58,24460,0.3,0,0
21949,61446,634,0.2,25588,13.5,0,0
21950,50540,675,0.07,31885,0.4,0,0
21951,82228,645,0.59,33236,11.8,0,0
21952,39201,696,0.05,20623,0.5,0,0
21953,80253,710,0.26,11668,1.4,0,0
21954,20371,668,0.05,6242,1.1,0,0
21955,68000,595,0.15,12314,1.9,0,1
21956,62921,829,0.11,16970,9.4,0,0
21957,50666,705,0.68,34787,1.5,0,0
21958,70182,720,0.24,34916,3.3,0,0
21959,60329,663,0.31,30161,1.3,0,0
21960,84149,588,0.3,32458,0.7,0,0
21961,73763,685,0.7,15987,2.7,0,1
21962,71507,669,0.05,9120,6.4,0,0
21963,68129,736,0.36,13445,1.1,0,0
21964,52085,749,0.44,4704,1.7,0,0
21965,55662,740,0.56,12531,1.1,0,0
21966,67213,754,0.38,17699,4.9,0,1
21967,58359,807,0.11,23417,2.3,0,0
21968,85341,715,0.47,23151,1.4,0,0
21969,63962,761,0.2,16138,26.5,0,0
21970,69895,722,0.05,26836,7.1,0,0
21971,32544,566,0.29,16301,2.0,0,1
21972,81808,680,0.58,22085,7.1,0,0
21973,49795,634,0.17,12565,17.4,0,0
21974,40104,705,0.62,31254,0.3,0,0
21975,96570,639,0.65,22177,2.9,0,0
21976,76650,729,0.59,27770,1.7,0,0
21977,82519,754,0.52,11662,5.1,0,0
21978,71544,768,0.66,23483,12.0,0,0
21979,60044,795,0.6,26865,5.0,0,0
21980,56128,581,0.33,4627,7.2,0,1
21981,78361,612,0.72,31929,4.8,0,0
21982,85783,840,0.58,11380,6.7,1,0
21983,60568,756,0.78,23793,4.4,0,0
21984,105523,705,0.32,37195,0.7,0,0
21985,57856,692,0.47,30117,4.0,0,0
21986,32726,686,0.34,9336,0.1,0,1
21987,25848,564,0.24,20487,0.1,0,1
21988,26557,640,0.42,32484,8.3,0,0
21989,53310,683,0.32,15057,0.1,0,0
21990,57128,643,0.08,18941,1.0,0,0
21991,76335,652,0.41,18703,0.2,0,0
21992,61399,840,0.2,26845,6.2,0,0
21993,79711,674,0.36,8936,0.8,0,0
21994,62943,708,0.39,27322,1.7,0,0
21995,62284,706,0.43,16706,2.3,0,0
21996,49872,728,0.21,21904,1.4,0,0
21997,91874,659,0.28,20089,1.0,0,0
21998,29839,771,0.63,27098,1.1,0,0
21999,68328,719,0.31,21821,7.4,0,0
22000,58185,606,0.48,34244,6.2,0,1
