customer_id,tenure_months,monthly_charges,support_calls_last_6mo,contract_term_months,paperless_billing,streaming_services_count,churned
10001,56,97.73,3,12,1,0,0
10002,32,45.76,1,24,0,0,0
10003,62,70.43,3,1,0,0,0
10004,51,84.17,2,24,1,1,0
10005,8,54.99,5,12,1,0,0
10006,70,93.72,4,1,1,1,1
10007,55,56.34,4,24,0,1,0
10008,57,56.82,1,1,1,2,1
10009,10,25.0,2,1,1,1,0
10010,33,27.88,2,1,0,3,0
10011,27,56.27,2,12,1,3,0
10012,67,110.55,2,1,1,0,1
10013,47,72.06,6,24,0,1,0
10014,59,42.41,2,1,1,0,0
10015,32,55.37,1,1,1,2,1
10016,17,42.37,3,12,0,1,1
10017,40,103.73,7,1,1,0,1
10018,6,25.0,0,12,1,0,0
10019,60,76.97,0,1,1,1,0
10020,46,102.11,1,24,1,2,0
10021,55,87.6,2,12,1,2,0
10022,26,63.54,4,1,0,0,0
10023,70,95.06,3,1,1,0,0
10024,64,93.54,3,1,1,1,0
10025,56,94.4,1,24,1,1,0
10026,15,28.93,2,12,1,0,0
10027,34,76.41,1,1,0,0,0
10028,4,25.0,2,1,1,2,1
10029,12,46.71,1,24,0,1,0
10030,49,77.32,1,1,0,2,0
10031,54,67.51,3,12,1,1,0
10032,70,92.59,0,12,1,1,0
10033,24,40.39,3,1,1,1,0
10034,27,35.01,2,1,1,0,1
10035,34,54.23,2,1,0,0,0
10036,14,25.0,5,1,1,3,1
10037,10,44.81,0,24,0,2,0
10038,35,40.8,2,12,1,2,0
10039,17,58.12,1,12,1,0,1
10040,49,52.83,0,1,1,0,0
10041,32,48.61,0,1,0,0,1
10042,60,72.76,4,12,1,3,0
10043,51,99.75,3,1,1,2,0
10044,23,56.65,1,1,1,1,0
10045,60,80.19,6,1,0,3,0
10046,58,91.18,2,12,0,0,0
10047,29,25.0,3,12,0,1,0
10048,21,48.12,1,1,0,0,0
10049,49,110.06,0,24,1,0,0
10050,11,42.28,2,1,1,3,1
10051,15,44.72,1,1,0,2,0
10052,2,41.67,0,1,1,0,0
10053,57,97.42,3,12,0,0,0
10054,48,37.25,1,1,0,1,0
10055,51,45.62,2,1,1,0,1
10056,56,84.19,5,1,0,1,0
10057,34,47.73,0,12,1,1,0
10058,41,90.52,0,12,1,0,0
10059,11,34.23,0,1,1,0,1
10060,9,25.0,4,24,0,0,0
10061,48,50.38,2,1,1,3,0
10062,34,25.0,1,1,0,1,1
10063,41,62.69,4,12,1,1,0
10064,55,76.11,2,12,0,0,0
10065,46,63.76,3,1,1,2,0
10066,40,85.42,1,12,0,0,0
10067,41,88.47,1,1,1,0,1
10068,23,47.63,2,12,1,2,0
10069,3,25.0,4,12,0,2,0
10070,32,69.91,1,24,1,0,0
10071,16,54.4,5,1,0,0,0
10072,30,62.57,2,12,1,3,0
10073,62,103.47,1,12,0,0,0
10074,18,25.23,2,1,0,0,1
10075,5,70.66,0,1,1,1,1
10076,21,31.63,1,24,1,0,0
10077,22,63.29,2,1,1,1,0
10078,48,42.83,3,12,1,1,1
10079,41,50.16,6,1,0,1,0
10080,57,108.59,2,12,0,1,0
10081,48,68.5,1,1,1,1,0
10082,30,72.12,1,24,1,2,0
10083,59,87.37,2,12,0,0,0
10084,13,39.81,1,1,0,0,0
10085,3,57.25,2,12,1,1,0
10086,7,32.04,4,12,1,0,1
10087,52,44.75,2,1,1,0,1
10088,34,46.14,2,1,1,0,0
10089,12,50.72,2,12,1,2,0
10090,37,70.42,0,12,1,0,0
10091,12,25.0,0,1,0,2,1
10092,50,61.96,1,24,0,2,0
10093,33,49.23,4,1,0,1,1
10094,28,48.62,0,1,1,0,0
10095,22,25.03,1,12,0,2,0
10096,46,60.09,0,1,1,0,0
10097,27,41.19,1,1,1,3,0
10098,7,50.19,5,1,0,2,0
10099,9,52.66,2,1,1,0,1
10100,69,89.48,2,1,1,2,0
10101,66,82.34,1,12,0,1,0
10102,51,78.42,3,1,1,1,0
10103,20,33.3,3,12,1,1,0
10104,70,72.36,0,12,0,1,0
10105,56,63.48,5,1,1,2,0
10106,52,65.37,0,1,1,2,0
10107,33,38.76,1,12,0,0,0
10108,20,50.92,2,1,1,1,1
10109,8,50.33,4,1,1,1,1
10110,65,59.93,3,12,1,1,0
10111,33,60.15,3,12,0,1,0
10112,15,39.54,2,12,0,1,0
10113,23,56.85,2,1,1,2,0
10114,42,67.57,1,1,1,0,1
10115,14,25.0,4,1,1,0,0
10116,62,63.08,2,12,1,1,0
10117,55,80.03,4,1,0,0,0
10118,52,95.32,1,1,1,0,0
10119,32,25.0,1,1,1,0,0
10120,46,77.62,2,12,1,1,0
10121,42,89.21,0,12,1,3,1
10122,47,69.55,2,1,1,1,0
10123,7,46.2,6,1,0,0,1
10124,31,45.24,1,1,1,2,0
10125,4,31.45,1,1,1,0,0
10126,36,33.22,1,1,1,3,1
10127,24,25.0,1,1,0,1,0
10128,11,56.87,2,12,1,0,0
10129,8,25.0,4,12,0,1,0
10130,43,60.5,1,24,0,0,0
10131,13,25.0,0,24,0,2,0
10132,67,64.92,6,1,1,0,1
10133,42,64.67,0,1,1,2,0
10134,26,40.27,2,1,1,2,0
10135,43,75.5,0,12,1,2,0
10136,3,40.85,2,1,1,2,1
10137,69,97.88,0,1,1,0,0
10138,35,65.79,2,1,1,1,0
10139,57,109.7,4,1,1,2,0
10140,7,25.0,1,12,0,0,0
10141,36,61.41,0,12,0,0,0
10142,36,82.79,4,1,1,0,0
10143,68,113.96,3,24,1,0,0
10144,42,42.21,3,1,1,2,0
10145,35,55.88,1,1,0,1,0
10146,20,72.45,3,1,1,1,0
10147,25,61.65,2,12,1,3,0
10148,38,67.71,6,12,1,0,0
10149,32,54.88,5,1,1,2,0
10150,3,25.79,2,24,1,0,0
10151,60,89.19,2,1,1,0,0
10152,65,83.96,5,1,1,0,0
10153,11,39.13,1,12,1,0,1
10154,40,67.41,4,24,1,1,1
10155,9,25.89,7,12,1,1,0
10156,49,83.68,1,24,1,0,0
10157,21,101.36,4,1,1,0,1
10158,48,41.21,2,12,1,1,0
10159,53,83.53,0,12,0,0,0
10160,56,66.72,2,1,1,2,0
10161,9,48.49,0,1,1,3,0
10162,66,90.24,0,24,0,2,0
10163,17,59.01,1,1,0,1,0
10164,4,54.76,3,1,0,1,0
10165,40,69.46,1,24,1,1,0
10166,27,74.68,3,24,1,3,0
10167,60,41.8,2,24,1,3,0
10168,58,110.83,2,24,1,1,0
10169,24,58.35,3,1,1,1,1
10170,69,111.5,3,24,1,2,0
10171,22,27.84,4,1,1,0,1
10172,38,49.25,4,12,0,1,0
10173,19,49.73,3,1,0,1,0
10174,67,89.99,2,12,1,2,0
10175,13,46.8,2,12,0,0,0
10176,4,53.12,1,12,1,0,0
10177,32,27.03,6,1,1,0,0
10178,71,111.43,2,1,0,1,1
10179,64,87.75,3,1,1,3,0
10180,54,74.93,0,1,1,2,0
10181,64,61.12,5,12,1,0,0
10182,64,96.65,1,1,1,0,1
10183,38,25.0,2,12,0,2,0
10184,23,62.37,1,1,1,2,1
10185,56,53.54,1,1,1,1,0
10186,48,74.16,4,12,1,1,0
10187,28,53.05,2,1,1,0,0
10188,8,58.25,3,1,0,2,0
10189,54,75.38,5,1,1,1,0
10190,20,35.51,2,1,1,0,0
10191,68,82.08,4,12,0,3,0
10192,18,69.11,3,1,1,1,0
10193,10,48.65,1,1,1,3,0
10194,60,77.06,2,12,1,1,0
10195,12,36.54,2,1,0,1,0
10196,14,25.0,2,12,1,3,1
10197,44,76.59,1,1,0,3,0
10198,63,55.02,1,24,1,3,0
10199,15,57.03,0,1,1,2,0
10200,23,53.02,1,1,0,1,0
10201,56,123.37,1,24,0,0,1
10202,70,73.2,4,12,1,1,0
10203,37,61.45,1,12,0,3,0
10204,11,72.27,1,24,1,0,0
10205,2,53.25,3,1,1,2,1
10206,17,32.77,3,12,1,3,0
10207,10,43.03,2,12,0,3,0
10208,49,74.14,2,1,0,3,0
10209,10,44.08,1,1,0,1,0
10210,37,50.72,0,1,1,1,0
10211,50,73.39,3,24,1,3,0
10212,42,39.04,0,1,1,0,0
10213,15,45.93,1,1,0,0,1
10214,58,90.3,3,12,0,3,1
10215,52,72.71,0,12,0,1,0
10216,53,48.63,0,1,1,1,0
10217,10,56.79,2,12,0,0,0
10218,10,45.56,2,1,0,1,0
10219,67,77.23,1,12,1,3,0
10220,29,51.05,6,1,1,1,0
10221,22,25.0,7,1,0,1,1
10222,36,43.94,5,12,1,1,0
10223,48,63.52,6,1,0,2,0
10224,69,114.21,4,1,0,3,0
10225,21,37.39,1,1,0,1,0
10226,67,101.82,2,12,0,1,0
10227,3,25.0,3,24,1,0,0
10228,40,70.46,1,12,1,1,0
10229,46,68.85,3,24,1,0,0
10230,9,53.82,1,24,0,1,0
10231,11,30.27,2,1,1,1,1
10232,31,29.59,2,1,1,0,0
10233,70,68.12,1,24,0,0,0
10234,43,59.13,3,24,1,0,0
10235,67,67.82,7,24,1,0,0
10236,58,89.58,0,12,1,2,0
10237,34,52.22,2,1,0,0,0
10238,57,124.04,3,24,1,0,0
10239,2,25.0,3,24,1,3,0
10240,9,41.77,2,12,1,0,0
10241,60,63.7,0,24,1,2,0
10242,58,73.32,1,12,0,1,0
10243,18,48.75,4,24,1,2,0
10244,39,25.0,0,1,1,1,0
10245,44,73.86,1,24,1,0,0
10246,63,120.95,1,1,0,2,0
10247,44,61.44,1,1,0,2,0
10248,30,61.68,4,1,0,0,0
10249,28,73.65,1,1,0,2,0
10250,31,54.95,2,1,1,1,0
10251,47,61.84,4,24,0,3,0
10252,63,45.74,1,12,1,2,0
10253,33,71.24,2,24,1,0,0
10254,19,45.06,3,1,1,2,0
10255,18,27.97,3,1,0,3,1
10256,54,80.88,2,12,1,2,0
10257,59,72.59,3,12,1,0,0
10258,8,27.69,5,1,1,2,1
10259,6,46.31,1,12,0,1,1
10260,43,44.61,2,12,1,0,0
10261,11,58.75,2,12,0,2,0
10262,60,58.84,3,24,1,1,0
10263,23,38.77,1,12,1,2,0
10264,11,74.51,3,12,0,1,0
10265,66,109.69,2,1,1,0,1
10266,13,43.46,2,1,0,3,0
10267,21,31.97,1,1,1,1,1
10268,12,31.27,2,12,1,1,1
10269,9,39.42,1,12,0,1,1
10270,3,33.38,4,1,0,0,1
10271,5,32.86,1,12,0,1,0
10272,13,41.15,4,1,1,1,0
10273,5,30.64,4,1,1,3,1
10274,43,42.74,2,24,0,3,0
10275,49,64.8,1,1,1,2,0
10276,29,72.56,4,1,0,0,0
10277,24,26.97,5,1,1,2,0
10278,37,59.89,3,1,1,0,0
10279,63,71.94,3,12,0,2,0
10280,61,86.9,2,24,1,1,0
10281,4,26.6,2,12,0,3,0
10282,14,69.19,2,12,1,0,0
10283,18,55.32,4,1,1,0,0
10284,19,25.0,2,12,1,3,0
10285,42,79.88,2,1,1,1,1
10286,31,43.96,0,1,1,2,0
10287,4,25.0,1,24,0,3,0
10288,28,60.85,1,1,1,1,0
10289,38,55.35,2,1,0,1,0
10290,8,53.27,2,1,1,1,0
10291,60,70.06,3,12,0,2,0
10292,5,25.0,3,1,1,3,1
10293,67,78.49,2,1,1,0,1
10294,8,27.02,2,12,1,2,0
10295,61,104.69,0,1,1,0,0
10296,65,99.82,1,24,1,1,1
10297,71,124.68,1,1,0,2,1
10298,58,123.02,2,12,1,2,0
10299,56,61.85,1,24,1,1,0
10300,47,73.57,1,1,1,0,0
10301,56,59.23,1,12,0,0,0
10302,11,25.9,1,1,1,0,0
10303,39,53.76,2,12,0,0,0
10304,38,45.17,1,24,1,2,1
10305,62,66.87,1,12,0,1,0
10306,34,58.0,4,24,0,0,0
10307,28,33.3,1,12,0,2,0
10308,46,86.56,0,12,0,0,0
10309,20,31.48,0,1,1,0,0
10310,11,90.47,2,12,1,3,1
10311,35,53.38,3,24,1,0,0
10312,31,59.2,1,12,1,1,0
10313,18,25.0,1,1,0,1,0
10314,27,85.01,1,1,0,0,0
10315,27,74.45,1,12,1,0,0
10316,24,56.94,1,24,1,0,0
10317,28,30.96,2,1,1,0,1
10318,50,78.79,1,1,0,2,0
10319,22,29.61,2,1,1,1,0
10320,68,117.52,5,1,0,1,0
10321,66,103.97,3,24,1,1,0
10322,35,63.22,2,1,0,3,0
10323,24,25.0,2,1,1,0,1
10324,39,47.4,3,1,1,2,1
10325,61,97.28,2,1,1,0,1
10326,47,94.13,1,24,0,3,0
10327,58,102.17,1,1,1,0,1
10328,39,36.44,5,1,0,0,0
10329,46,76.83,3,1,1,1,1
10330,21,67.18,3,24,0,0,0
10331,53,47.85,1,24,0,2,0
10332,15,43.36,4,1,1,1,1
10333,50,79.93,2,12,0,1,0
10334,62,80.39,1,1,0,0,0
10335,10,25.0,3,12,1,2,0
10336,45,64.64,2,1,1,0,1
10337,8,31.31,4,12,1,3,0
10338,53,75.03,1,24,0,2,0
10339,7,26.16,1,1,1,1,1
10340,67,82.33,3,1,1,2,0
10341,11,39.19,3,1,0,1,0
10342,69,100.06,3,1,1,1,0
10343,58,76.72,2,1,0,0,0
10344,43,61.33,4,1,1,1,0
10345,57,82.96,4,24,1,0,0
10346,57,46.72,3,1,1,0,0
10347,68,99.79,5,24,1,2,0
10348,19,47.09,5,1,0,0,1
10349,43,69.41,3,1,0,1,0
10350,8,54.49,4,1,1,0,1
10351,45,35.35,1,24,1,1,0
10352,13,25.0,2,1,1,2,0
10353,41,71.83,0,1,0,0,0
10354,42,67.67,3,12,1,1,0
10355,34,63.66,3,12,0,1,0
10356,38,55.88,0,12,0,2,0
10357,55,91.46,1,1,1,0,0
10358,58,98.99,1,1,1,2,0
10359,36,71.11,3,12,1,1,0
10360,44,64.91,2,12,1,1,0
10361,67,52.36,2,12,0,0,0
10362,10,52.85,5,1,1,1,0
10363,9,60.09,5,1,1,1,1
10364,7,47.9,4,24,1,0,0
10365,48,57.37,1,12,0,1,0
10366,31,70.03,1,1,0,1,0
10367,56,95.89,3,24,1,1,0
10368,49,102.16,1,12,0,0,0
10369,25,36.73,2,1,0,0,0
10370,65,84.42,2,1,1,1,0
10371,55,92.95,3,12,1,1,0
10372,20,49.03,0,1,0,3,0
10373,27,34.19,1,12,1,1,0
10374,23,58.16,3,12,1,1,1
10375,12,51.22,1,1,1,0,0
10376,11,41.48,1,24,1,3,0
10377,67,94.25,3,1,1,0,0
10378,32,54.14,1,1,0,0,0
10379,28,81.81,3,12,0,0,0
10380,53,61.49,3,12,1,0,0
10381,40,55.43,2,1,1,2,1
10382,67,90.5,1,12,1,0,0
10383,56,96.22,5,24,1,0,0
10384,35,34.55,2,12,0,0,0
10385,28,31.61,1,12,0,3,0
10386,71,57.22,2,1,1,2,0
10387,52,77.39,1,1,0,3,0
10388,69,71.97,2,12,1,2,0
10389,9,31.18,0,1,1,3,1
10390,61,96.8,4,12,1,1,0
10391,46,59.85,3,1,0,0,0
10392,10,43.16,5,1,1,0,1
10393,43,63.31,3,1,0,0,1
10394,50,87.1,2,1,1,2,0
10395,2,40.35,1,1,0,0,1
10396,33,47.25,2,12,1,0,0
10397,60,80.96,3,12,1,1,0
10398,22,68.59,2,1,1,0,0
10399,34,67.68,0,1,1,0,0
10400,32,33.65,0,12,0,0,1
10401,22,61.6,3,1,1,1,0
10402,66,69.88,3,1,1,0,0
10403,56,105.83,3,1,1,0,0
10404,9,56.53,1,12,0,0,0
10405,72,100.02,3,24,1,2,0
10406,63,89.53,3,12,1,0,0
10407,21,45.14,6,24,1,0,0
10408,60,96.21,1,24,1,3,0
10409,9,31.43,2,1,0,2,0
10410,72,99.04,3,1,1,0,0
10411,48,88.89,1,1,0,0,0
10412,47,62.19,2,1,0,0,0
10413,7,25.21,0,12,1,2,0
10414,65,67.0,0,1,0,0,0
10415,3,25.0,2,1,1,3,1
10416,18,25.0,1,1,0,2,0
10417,11,53.04,4,12,1,1,0
10418,56,112.96,2,12,1,0,1
10419,15,69.16,0,24,1,2,0
10420,66,60.13,1,1,1,2,0
10421,48,86.25,4,1,1,2,1
10422,4,59.2,2,24,0,0,1
10423,1,25.0,3,12,1,2,1
10424,5,36.33,2,12,1,2,0
10425,44,33.46,2,1,1,3,0
10426,58,87.0,1,1,1,1,0
10427,18,27.06,1,24,0,1,0
10428,61,88.49,3,12,1,1,0
10429,5,25.0,2,12,1,2,1
10430,58,91.97,3,1,1,3,0
10431,67,108.74,2,1,1,1,0
10432,56,66.3,2,1,1,0,0
10433,51,55.44,2,12,0,0,0
10434,60,45.19,2,1,1,1,0
10435,4,28.8,3,1,0,2,0
10436,15,33.03,2,1,0,0,1
10437,10,25.0,3,24,0,1,0
10438,37,71.45,1,1,1,3,0
10439,54,70.5,2,1,1,1,0
10440,46,52.04,2,12,0,0,0
10441,61,74.92,0,12,0,0,0
10442,12,60.08,2,12,1,1,0
10443,53,88.55,2,24,0,0,0
10444,15,41.16,1,1,1,1,1
10445,20,59.14,1,24,0,1,0
10446,51,55.0,0,24,1,1,0
10447,71,94.48,3,1,0,1,0
10448,44,72.25,3,12,1,0,0
10449,5,26.04,1,1,1,0,1
10450,45,78.34,0,1,0,0,1
10451,4,25.0,3,1,0,0,1
10452,64,96.78,2,1,0,2,0
10453,51,85.83,1,24,0,0,0
10454,13,25.0,5,1,1,1,1
10455,8,58.63,1,12,0,0,0
10456,14,25.0,0,1,0,0,0
10457,71,82.81,3,1,0,0,0
10458,34,79.06,2,1,1,1,1
10459,57,75.59,1,1,1,1,0
10460,46,45.01,3,12,1,2,0
10461,42,48.11,1,24,1,0,0
10462,11,58.38,3,1,1,1,0
10463,68,56.61,5,24,1,2,1
10464,22,70.12,3,12,1,0,0
10465,42,66.81,2,12,1,0,0
10466,51,54.44,2,1,0,0,1
10467,47,61.8,1,1,1,0,0
10468,68,72.89,4,24,0,2,0
10469,12,56.39,3,12,0,0,0
10470,37,76.48,2,1,1,1,0
10471,30,26.06,3,12,0,2,0
10472,35,54.24,1,1,1,0,1
10473,9,25.0,1,12,1,1,1
10474,11,63.18,2,1,1,0,0
10475,21,25.0,1,24,0,1,0
10476,23,79.58,5,1,1,0,0
10477,31,57.3,2,1,1,0,0
10478,44,48.69,3,12,0,0,0
10479,46,59.21,1,1,0,2,0
10480,30,42.57,2,24,1,1,0
10481,30,34.06,1,12,1,2,0
10482,16,46.11,0,1,0,0,0
10483,43,46.6,3,1,0,3,0
10484,24,25.0,3,24,1,0,0
10485,4,26.77,0,12,0,2,0
10486,31,25.45,1,24,0,2,0
10487,35,47.96,3,1,1,1,1
10488,17,28.94,1,24,0,1,0
10489,42,52.12,3,1,0,2,0
10490,41,102.92,2,12,1,2,0
10491,51,76.92,1,1,1,0,1
10492,47,76.72,2,1,1,2,0
10493,47,40.32,2,24,0,0,0
10494,23,38.93,3,24,1,1,0
10495,57,85.18,1,1,1,1,1
10496,40,47.56,7,24,1,2,0
10497,32,75.15,3,1,1,1,1
10498,45,48.85,2,1,1,0,1
10499,27,49.15,2,1,1,1,1
10500,37,52.75,2,1,1,0,0
10501,53,80.66,6,1,0,1,1
10502,64,76.07,0,1,1,1,0
10503,66,84.52,4,1,1,2,0
10504,37,59.05,1,12,0,0,0
10505,38,50.98,1,12,0,0,0
10506,58,90.93,2,12,1,1,1
10507,23,54.99,3,1,1,0,1
10508,60,82.4,3,12,1,0,1
10509,36,54.65,1,1,1,0,0
10510,9,52.44,2,12,0,1,0
10511,6,31.15,1,12,0,0,0
10512,61,79.38,2,1,1,1,0
10513,5,36.38,1,1,0,2,1
10514,21,79.44,0,12,1,1,0
10515,25,28.37,1,24,0,0,0
10516,13,55.56,3,12,1,0,0
10517,23,25.0,3,24,1,0,0
10518,54,82.51,1,24,0,1,0
10519,2,60.15,3,1,1,1,1
10520,60,92.8,1,12,1,0,1
10521,62,88.87,3,1,0,0,1
10522,27,44.21,3,1,0,0,0
10523,12,41.36,2,1,1,0,0
10524,44,65.06,1,24,1,3,0
10525,9,25.0,2,12,1,0,1
10526,27,49.08,1,1,1,0,0
10527,69,95.67,0,1,0,0,0
10528,72,80.99,2,1,0,0,0
10529,56,65.89,4,12,1,0,0
10530,23,26.22,4,24,1,1,0
10531,50,82.03,4,1,1,0,0
10532,51,85.72,4,1,0,0,0
10533,29,60.27,2,12,1,1,0
10534,47,89.67,1,1,1,1,0
10535,2,33.38,1,1,0,0,0
10536,16,51.46,2,1,1,2,1
10537,38,69.67,3,1,1,0,1
10538,13,40.05,2,1,0,3,0
10539,13,32.15,1,24,0,3,0
10540,60,123.85,2,1,0,1,1
10541,71,85.76,0,1,1,0,0
10542,40,54.01,2,12,0,2,0
10543,61,92.71,2,24,0,0,1
10544,71,98.43,2,1,0,0,1
10545,11,25.0,3,1,0,1,1
10546,33,79.91,1,12,0,1,0
10547,29,54.4,1,1,1,2,0
10548,7,25.0,2,12,0,2,0
10549,55,100.9,0,1,0,2,0
10550,32,70.06,3,1,0,2,0
10551,34,37.84,1,1,1,1,0
10552,12,72.79,3,12,0,1,0
10553,14,54.46,2,1,1,3,0
10554,65,88.32,4,1,1,3,1
10555,4,62.22,2,1,1,2,0
10556,18,49.07,2,12,0,2,1
10557,22,49.29,2,1,1,1,0
10558,36,50.51,1,12,1,0,0
10559,43,79.17,0,12,0,2,0
10560,36,70.98,1,1,1,0,1
10561,7,36.56,2,24,1,0,0
10562,18,31.98,6,24,0,1,0
10563,61,87.24,1,1,0,1,1
10564,46,70.14,1,1,1,1,0
10565,47,48.3,2,1,0,0,0
10566,49,47.61,1,1,1,0,1
10567,55,89.67,4,1,0,0,0
10568,5,25.0,0,24,0,0,0
10569,27,58.0,4,24,0,0,0
10570,39,56.49,3,1,0,1,1
10571,25,76.05,3,1,1,0,1
10572,61,76.02,2,1,1,0,0
10573,35,73.37,2,1,1,0,0
10574,56,73.26,3,1,1,1,1
10575,61,86.95,1,24,1,2,0
10576,37,76.56,4,24,0,0,0
10577,66,81.07,3,1,0,0,0
10578,43,86.64,0,12,1,1,0
10579,61,67.01,1,12,1,0,0
10580,25,57.8,2,12,1,2,0
10581,36,79.01,2,1,1,3,0
10582,39,76.98,1,1,1,1,0
10583,8,71.7,1,12,0,3,1
10584,29,42.36,3,1,1,1,1
10585,66,64.58,0,12,1,1,0
10586,46,53.5,3,1,1,0,1
10587,14,54.49,3,12,0,0,0
10588,25,61.46,2,12,0,0,0
10589,15,45.34,1,1,1,1,0
10590,3,25.0,3,1,1,1,1
10591,67,104.1,4,12,1,0,0
10592,33,37.66,2,1,1,1,0
10593,23,71.56,1,12,0,0,1
10594,43,120.13,4,12,0,0,1
10595,2,38.4,3,1,1,0,0
10596,21,59.4,2,12,0,1,0
10597,51,67.03,2,1,1,1,0
10598,46,38.82,4,12,1,2,0
10599,71,83.05,3,1,0,0,1
10600,45,50.83,1,1,0,1,0
10601,35,35.45,2,1,0,3,0
10602,55,110.5,3,24,0,0,0
10603,65,93.41,5,24,1,1,0
10604,52,83.63,1,12,0,0,0
10605,69,86.54,3,1,0,0,1
10606,57,78.19,2,1,0,1,0
10607,63,104.06,3,12,0,0,1
10608,9,37.52,1,12,1,1,0
10609,53,87.25,3,1,1,3,0
10610,32,55.27,1,24,1,0,0
10611,40,59.84,6,1,1,0,1
10612,47,46.98,3,1,0,2,0
10613,70,57.4,2,24,1,1,0
10614,71,89.19,2,1,0,2,0
10615,21,49.92,2,1,1,0,0
10616,53,54.55,2,12,0,1,0
10617,54,77.98,0,24,1,3,0
10618,26,54.37,2,1,0,0,1
10619,10,25.0,2,12,1,2,0
10620,4,25.0,3,1,0,1,1
10621,56,87.73,1,1,1,2,1
10622,36,69.37,4,1,0,0,1
10623,71,73.13,1,1,1,1,0
10624,34,63.45,2,1,1,0,1
10625,70,111.4,1,1,0,3,0
10626,30,70.99,0,12,0,0,0
10627,57,79.58,4,12,0,0,0
10628,7,27.88,1,12,1,2,0
10629,40,54.67,2,12,1,0,0
10630,58,90.62,2,1,0,1,0
10631,67,93.81,0,1,0,0,0
10632,59,94.43,4,1,0,1,0
10633,4,35.97,2,12,0,0,0
10634,27,69.04,2,1,1,1,1
10635,4,35.3,3,1,0,1,1
10636,9,52.22,6,1,0,0,1
10637,49,89.77,2,1,1,0,1
10638,52,62.32,0,24,1,0,0
10639,56,47.85,1,12,1,2,0
10640,62,113.58,2,1,0,0,0
10641,53,82.32,4,12,1,0,0
10642,58,51.34,1,12,1,0,0
10643,4,25.0,1,1,1,1,0
10644,18,60.09,3,1,0,2,1
10645,45,65.47,2,12,1,1,0
10646,62,76.58,1,1,1,2,0
10647,1,56.12,3,1,1,1,0
10648,38,45.35,1,1,1,2,0
10649,49,59.73,1,12,1,2,0
10650,3,36.5,1,24,1,0,0
10651,29,63.13,3,12,1,3,0
10652,65,97.43,2,1,0,2,1
10653,49,90.5,2,1,0,1,1
10654,18,49.77,2,12,1,0,0
10655,62,94.61,1,12,1,0,0
10656,26,48.73,2,24,1,1,0
10657,62,86.93,1,12,1,1,0
10658,22,51.74,5,1,1,1,0
10659,43,72.57,2,12,1,0,0
10660,29,70.01,4,24,0,1,0
10661,21,58.89,4,12,1,0,0
10662,64,88.4,3,12,0,0,1
10663,14,28.04,3,1,1,0,1
10664,7,37.52,3,12,1,2,0
10665,25,52.0,3,1,0,1,1
10666,52,80.28,2,1,0,3,1
10667,58,121.92,3,12,0,2,0
10668,72,85.37,1,24,1,2,0
10669,22,57.4,3,24,1,1,0
10670,30,76.23,1,1,0,2,0
10671,11,41.66,2,1,1,3,0
10672,42,109.88,0,1,0,2,0
10673,72,88.0,3,12,1,0,0
10674,51,81.73,2,12,1,1,0
10675,43,54.32,4,24,0,0,0
10676,29,49.77,1,1,0,0,1
10677,66,93.88,1,12,1,1,0
10678,36,77.63,0,12,1,2,0
10679,11,45.64,0,1,0,0,0
10680,27,76.96,2,24,1,0,0
10681,6,33.69,3,12,1,2,1
10682,15,37.52,3,1,0,0,1
10683,2,80.47,1,1,1,0,1
10684,33,66.8,4,24,1,2,0
10685,46,58.45,1,12,0,2,0
10686,25,40.0,1,12,1,1,0
10687,31,40.93,3,12,0,1,0
10688,69,108.96,0,1,0,0,1
10689,54,72.04,1,12,0,0,0
10690,39,67.39,1,24,1,2,0
10691,21,47.76,5,1,1,2,0
10692,65,101.67,4,12,1,0,0
10693,18,30.96,2,1,0,0,1
10694,24,32.24,1,1,1,0,0
10695,66,93.44,1,1,1,0,0
10696,39,75.92,0,24,0,0,0
10697,54,84.59,0,1,0,0,0
10698,43,54.13,1,1,1,2,1
10699,47,84.49,0,12,0,0,0
10700,22,36.41,1,1,1,1,0
10701,18,36.81,4,12,1,1,0
10702,24,34.61,0,24,0,2,0
10703,12,64.22,1,1,1,3,0
10704,63,98.1,0,1,1,0,0
10705,21,59.79,1,24,1,0,0
10706,41,89.35,0,1,1,2,0
10707,57,130.0,2,1,1,0,1
10708,57,50.53,0,24,1,0,0
10709,32,45.51,1,24,0,0,0
10710,35,50.41,4,12,1,2,1
10711,72,79.49,2,12,0,0,0
10712,49,54.7,2,24,1,1,0
10713,59,77.71,1,12,1,1,0
10714,65,66.6,2,12,0,1,0
10715,57,87.33,1,12,1,0,0
10716,14,43.53,0,12,0,2,0
10717,41,75.56,2,1,0,2,1
10718,8,46.34,4,1,0,1,0
10719,47,83.15,2,1,1,0,0
10720,69,85.38,2,1,0,2,0
10721,37,101.48,2,1,1,2,0
10722,32,63.02,5,1,1,1,0
10723,4,25.0,5,12,0,0,0
10724,69,74.06,3,1,1,0,0
10725,8,25.0,2,1,0,0,0
10726,4,33.91,1,1,1,0,0
10727,18,44.01,2,1,0,0,1
10728,6,26.97,3,12,1,0,1
10729,33,95.9,3,1,1,2,0
10730,38,74.08,1,1,0,2,0
10731,23,63.77,3,12,0,2,0
10732,5,25.0,0,1,0,1,1
10733,9,25.0,3,1,0,1,0
10734,28,55.86,2,12,1,0,0
10735,5,37.61,2,12,1,1,0
10736,51,42.49,1,12,1,0,0
10737,16,41.15,3,12,1,1,0
10738,22,50.05,2,24,1,3,0
10739,29,52.23,1,1,1,2,1
10740,31,43.26,3,12,0,0,1
10741,1,25.0,3,12,0,2,1
10742,9,34.92,4,1,0,0,0
10743,62,87.43,1,24,0,0,0
10744,1,41.79,0,1,0,0,0
10745,37,82.76,3,24,0,0,0
10746,36,57.1,3,12,0,1,0
10747,25,44.29,7,1,1,0,0
10748,32,66.68,3,1,0,0,0
10749,56,91.4,3,24,0,3,0
10750,61,77.08,3,12,0,1,0
10751,19,61.33,2,1,1,1,0
10752,24,69.23,3,1,1,1,0
10753,18,69.45,3,12,1,1,0
10754,35,93.51,2,1,0,1,1
10755,50,59.4,2,12,0,1,0
10756,17,45.55,1,12,0,2,0
10757,24,51.8,4,1,0,0,1
10758,67,88.53,2,12,0,1,1
10759,4,25.0,2,1,1,0,1
10760,34,33.86,2,24,0,2,0
10761,52,78.47,1,24,0,0,1
10762,12,26.97,2,1,1,0,1
10763,4,35.15,2,1,1,3,0
10764,11,25.61,2,1,0,1,0
10765,66,69.61,2,24,0,0,0
10766,2,36.02,2,1,1,0,1
10767,14,45.32,3,12,0,0,0
10768,3,43.13,6,24,1,3,0
10769,9,77.45,3,1,1,1,1
10770,45,75.49,0,12,0,0,0
10771,18,54.93,3,1,1,1,0
10772,41,47.5,1,12,0,1,0
10773,43,45.54,5,1,0,0,0
10774,61,113.39,2,24,0,2,0
10775,1,25.0,2,1,1,0,0
10776,62,67.01,2,1,0,2,0
10777,45,69.8,2,12,0,2,1
10778,13,40.08,1,12,1,0,0
10779,56,64.15,0,12,0,2,0
10780,62,80.31,1,12,1,2,0
10781,19,69.23,2,1,1,1,1
10782,66,74.89,1,12,1,1,0
10783,33,34.61,1,1,1,0,1
10784,44,86.57,3,1,1,0,0
10785,71,102.76,1,24,0,2,0
10786,27,43.13,2,12,1,0,0
10787,59,54.62,0,1,1,0,1
10788,24,38.2,3,1,1,1,1
10789,58,81.22,2,24,1,0,0
10790,44,90.58,3,1,1,2,0
10791,16,25.74,2,1,1,2,1
10792,30,55.48,2,1,0,2,0
10793,24,63.75,1,1,1,0,0
10794,7,25.0,1,1,1,1,0
10795,3,51.31,3,24,1,2,0
10796,26,32.12,3,1,0,0,0
10797,2,37.78,2,1,1,1,1
10798,13,46.14,0,12,1,1,0
10799,52,96.32,2,12,1,0,0
10800,51,85.82,1,12,1,0,0
10801,53,34.91,1,12,1,1,0
10802,24,37.47,2,12,0,0,0
10803,64,90.09,2,12,0,2,0
10804,43,65.19,5,12,1,1,1
10805,10,47.6,4,12,1,0,0
10806,11,54.11,0,12,1,2,0
10807,50,85.95,4,1,0,1,1
10808,13,37.84,4,12,0,0,0
10809,37,30.07,1,12,0,3,0
10810,71,85.7,1,1,1,2,0
10811,1,38.39,3,24,1,1,0
10812,2,25.0,1,1,1,2,0
10813,72,106.16,2,1,1,1,0
10814,43,85.05,2,24,1,1,0
10815,10,41.28,1,1,0,0,0
10816,65,33.35,2,1,1,0,0
10817,64,64.59,0,1,1,1,0
10818,39,99.05,3,24,0,1,0
10819,45,60.66,6,1,1,2,0
10820,20,25.0,4,12,0,1,1
10821,5,56.73,3,12,0,1,1
10822,43,68.94,1,12,1,2,0
10823,22,69.69,4,24,1,3,0
10824,48,78.19,2,12,0,0,0
10825,60,92.25,4,1,1,3,1
10826,2,38.33,3,24,0,2,0
10827,43,81.25,3,1,1,0,0
10828,17,86.29,1,1,1,0,1
10829,63,104.18,2,1,0,0,1
10830,19,25.0,2,12,1,1,0
10831,44,77.64,1,1,1,1,0
10832,40,86.55,3,12,1,1,0
10833,29,77.75,2,1,0,2,0
10834,49,66.42,1,1,0,0,0
10835,53,98.67,1,1,1,1,1
10836,41,83.6,2,12,1,2,0
10837,55,125.81,4,1,1,3,0
10838,71,80.4,2,1,1,2,0
10839,31,48.77,0,1,1,0,0
10840,38,58.69,1,1,0,0,0
10841,2,25.0,3,12,1,0,1
10842,58,66.18,1,1,1,1,0
10843,38,25.0,2,1,0,0,0
10844,30,49.18,2,24,0,3,0
10845,8,43.85,1,1,1,1,0
10846,64,78.72,2,1,1,1,0
10847,29,90.94,5,12,1,0,0
10848,49,74.34,3,12,0,1,0
10849,12,64.04,4,12,1,1,0
10850,69,96.81,1,1,0,2,0
10851,14,57.48,1,1,0,0,0
10852,15,48.53,0,1,1,2,0
10853,62,110.44,3,1,1,0,0
10854,66,90.41,0,1,1,0,0
10855,16,53.33,3,24,1,3,0
10856,34,67.19,2,12,1,0,0
10857,53,72.51,0,1,0,0,0
10858,63,93.99,1,1,0,1,0
10859,28,95.42,0,12,1,1,0
10860,38,59.33,5,1,1,0,1
10861,54,86.15,5,1,0,0,1
10862,53,100.34,3,1,0,0,0
10863,57,101.82,0,12,0,1,0
10864,41,67.11,1,12,0,0,1
10865,8,25.0,0,1,1,2,1
10866,65,97.8,6,1,0,2,0
10867,62,45.85,4,12,1,0,0
10868,58,108.66,5,12,1,0,0
10869,8,40.25,4,12,1,0,1
10870,16,62.39,4,1,1,0,0
10871,54,62.36,3,12,0,0,0
10872,3,25.0,1,24,0,2,0
10873,71,98.59,2,12,0,0,0
10874,28,54.6,0,1,0,1,1
10875,52,67.95,5,12,0,1,0
10876,64,89.12,5,1,0,2,1
10877,29,105.91,2,1,0,0,0
10878,24,66.62,3,1,0,0,1
10879,44,88.49,4,24,1,3,0
10880,42,82.99,7,1,0,0,1
10881,30,83.63,1,24,0,1,0
10882,44,66.18,4,1,1,1,0
10883,67,53.31,3,1,0,1,0
10884,34,57.21,4,1,1,0,0
10885,15,58.11,2,12,1,0,1
10886,28,37.74,4,1,1,1,0
10887,29,52.93,1,1,0,1,0
10888,10,26.55,4,1,1,2,1
10889,13,68.74,1,1,1,2,0
10890,50,88.49,2,1,0,3,0
10891,25,64.23,3,1,0,3,0
10892,69,103.29,2,1,0,2,0
10893,18,45.53,3,24,1,0,0
10894,8,40.76,2,1,0,1,1
10895,54,57.27,4,1,0,1,0
10896,64,48.24,0,1,1,1,0
10897,21,51.6,3,1,1,0,0
10898,15,49.33,1,12,0,1,0
10899,14,64.37,4,1,0,0,0
10900,38,92.48,1,1,1,0,0
10901,34,88.86,3,12,1,2,1
10902,19,29.14,2,1,1,1,0
10903,4,27.26,2,24,1,1,0
10904,35,70.15,1,24,0,1,0
10905,69,130.0,1,1,0,1,0
10906,47,98.94,1,1,0,0,1
10907,36,82.55,2,1,0,1,0
10908,9,31.12,3,1,1,0,1
10909,19,31.2,0,1,1,1,0
10910,22,64.0,1,12,0,0,0
10911,55,59.69,1,1,1,3,0
10912,63,82.41,4,1,0,2,0
10913,65,86.43,1,1,1,1,1
10914,71,122.57,2,24,0,0,0
10915,71,87.52,1,24,1,1,1
10916,69,48.19,1,1,0,2,0
10917,6,44.48,4,12,1,1,0
10918,11,27.32,2,1,1,2,0
10919,23,51.47,2,12,1,2,0
10920,40,64.44,4,12,1,1,0
10921,8,32.27,1,24,0,1,0
10922,61,99.13,3,1,1,1,0
10923,45,42.91,3,1,0,1,1
10924,40,56.69,2,24,1,1,0
10925,13,54.01,1,1,0,2,1
10926,19,36.05,2,1,0,0,0
10927,12,25.0,4,12,1,0,0
10928,61,96.93,1,12,0,0,1
10929,42,88.02,1,12,1,3,0
10930,53,76.89,3,12,0,1,0
10931,22,25.0,2,12,1,0,0
10932,27,67.01,3,1,1,1,0
10933,30,27.12,2,12,1,1,0
10934,55,85.06,1,12,0,2,0
10935,56,64.43,2,24,0,3,0
10936,16,25.0,3,1,0,2,0
10937,68,83.25,1,1,0,2,1
10938,10,35.7,4,12,1,0,0
10939,65,76.9,1,1,0,0,0
10940,8,47.8,4,1,0,1,0
10941,20,39.97,2,12,0,1,0
10942,61,102.54,3,1,1,0,1
10943,14,47.66,5,1,0,2,0
10944,30,44.44,4,1,0,0,0
10945,33,44.11,1,1,1,0,0
10946,18,25.0,0,12,0,0,0
10947,51,81.13,6,1,1,2,1
10948,61,78.52,0,1,0,2,0
10949,63,44.0,1,1,1,1,0
10950,25,42.86,0,1,1,2,0
10951,39,48.88,2,1,1,2,0
10952,19,75.46,3,1,1,1,0
10953,18,25.0,3,1,1,2,0
10954,12,25.0,1,1,1,0,0
10955,68,111.18,1,1,1,1,0
10956,64,112.02,1,1,1,0,0
10957,56,66.99,0,1,1,1,0
10958,38,52.82,4,1,1,1,0
10959,36,73.49,2,1,0,0,0
10960,39,25.0,4,1,0,1,1
10961,39,31.6,0,1,0,1,0
10962,32,53.75,2,12,0,1,0
10963,10,66.9,2,1,1,0,0
10964,10,31.16,0,12,0,0,0
10965,69,93.92,0,12,1,0,0
10966,35,81.91,1,1,1,2,0
10967,69,130.0,4,1,1,2,0
10968,13,31.32,3,1,1,0,1
10969,40,65.7,1,1,0,2,0
10970,16,77.2,2,1,0,1,1
10971,19,25.0,0,1,1,3,0
10972,3,51.2,2,12,1,0,0
10973,9,25.0,2,1,1,1,1
10974,66,91.24,2,12,1,1,0
10975,24,47.23,1,12,1,0,0
10976,44,52.36,0,1,1,0,1
10977,34,42.9,2,24,1,0,0
10978,29,61.08,2,24,1,1,0
10979,39,83.02,1,1,0,1,0
10980,14,40.26,3,1,0,2,0
10981,71,95.16,2,1,0,0,0
10982,59,93.38,1,1,1,2,0
10983,54,61.11,5,1,1,0,1
10984,34,73.91,2,1,0,3,0
10985,12,55.55,1,1,0,0,1
10986,66,130.0,4,12,1,2,0
10987,25,45.73,1,1,0,3,0
10988,5,26.25,0,1,1,2,0
10989,25,66.34,2,1,0,2,1
10990,57,96.04,0,12,0,0,0
10991,45,60.87,1,12,1,2,0
10992,54,71.34,0,1,0,1,0
10993,57,91.04,1,12,0,1,0
10994,16,29.5,3,1,0,3,1
10995,67,82.91,1,12,0,0,0
10996,32,60.41,2,12,0,1,0
10997,46,89.33,1,1,1,3,0
10998,1,25.0,1,12,0,0,0
10999,72,61.64,4,24,0,0,0
11000,21,25.0,5,12,0,0,0
11001,5,25.0,1,1,1,2,0
11002,34,36.96,1,12,1,2,0
11003,10,36.22,0,1,1,0,0
11004,12,25.0,4,12,1,1,0
11005,46,58.75,4,12,0,1,0
11006,29,42.17,4,1,1,1,0
11007,66,81.47,3,1,0,1,1
11008,24,75.41,2,1,1,3,0
11009,53,89.62,3,1,1,0,0
11010,34,60.89,3,1,0,0,1
11011,48,64.9,2,1,1,1,0
11012,44,61.8,1,12,1,1,0
11013,35,67.4,0,1,1,1,1
11014,68,101.72,2,1,0,0,0
11015,25,36.16,4,12,0,0,0
11016,14,43.26,1,1,0,3,0
11017,49,37.53,2,1,1,0,1
11018,61,88.71,0,12,1,1,0
11019,4,47.32,1,24,0,2,1
11020,33,54.66,3,12,1,0,0
11021,64,120.3,1,1,0,0,0
11022,54,62.74,2,1,1,0,0
11023,71,97.81,1,24,1,1,1
11024,39,64.46,1,12,1,0,1
11025,48,71.39,1,12,0,1,0
11026,22,47.74,2,12,0,0,0
11027,68,93.13,4,1,0,0,0
11028,27,69.56,1,1,1,0,0
11029,53,102.5,4,12,1,0,0
11030,30,56.96,1,24,0,0,1
11031,41,81.58,2,1,1,3,0
11032,52,64.17,5,12,1,0,0
11033,37,77.09,4,1,1,1,0
11034,65,74.78,0,24,1,1,0
11035,31,77.53,2,1,1,1,0
11036,47,112.09,1,12,0,1,0
11037,25,50.3,3,1,0,0,1
11038,30,25.0,1,12,1,1,0
11039,32,48.93,0,12,1,0,0
11040,10,61.17,1,1,1,2,1
11041,8,47.16,1,12,0,0,0
11042,48,77.68,0,24,0,2,0
11043,48,91.36,2,24,1,1,0
11044,48,81.92,1,1,1,1,0
11045,2,53.72,2,12,0,0,0
11046,24,68.15,0,12,0,1,0
11047,15,70.89,4,12,1,2,0
11048,56,86.86,5,1,1,1,1
11049,62,102.09,5,12,1,0,1
11050,19,41.57,2,1,1,0,1
11051,48,62.37,1,1,1,0,0
11052,10,69.72,4,1,0,2,1
11053,21,52.79,3,1,1,1,0
11054,11,54.39,3,1,1,2,1
11055,21,51.13,2,1,1,2,1
11056,49,63.54,1,12,1,1,0
11057,66,89.6,1,1,1,1,0
11058,15,69.35,3,1,1,1,1
11059,39,75.09,3,12,0,1,1
11060,51,45.09,3,24,1,0,0
11061,69,88.23,1,24,0,2,0
11062,44,101.68,4,12,0,3,0
11063,19,43.25,6,24,1,1,0
11064,45,38.09,2,12,1,3,0
11065,24,85.67,3,24,1,3,0
11066,70,105.28,2,24,1,1,0
11067,29,54.84,1,1,1,2,1
11068,50,68.31,3,24,0,1,0
11069,3,52.18,3,12,1,0,0
11070,29,46.34,3,12,1,0,1
11071,63,107.37,2,24,1,1,0
11072,44,79.36,5,1,1,2,1
11073,33,64.1,2,1,1,0,1
11074,67,92.92,2,12,0,2,1
11075,62,82.65,2,12,1,1,1
11076,24,70.42,3,24,0,1,0
11077,40,50.42,2,24,0,0,1
11078,36,33.21,1,12,0,1,0
11079,46,82.46,1,24,0,0,0
11080,25,63.86,3,1,0,0,0
11081,18,54.84,1,24,1,0,0
11082,66,96.74,4,1,0,0,0
11083,67,84.53,1,12,1,0,0
11084,61,99.07,3,1,1,1,0
11085,70,92.18,2,12,0,1,0
11086,54,69.83,0,1,0,0,0
11087,55,73.89,1,1,1,2,0
11088,55,115.87,1,12,1,1,1
11089,35,30.27,2,12,1,3,0
11090,33,68.7,3,1,0,1,1
11091,18,25.0,3,12,1,0,0
11092,47,70.35,4,1,1,3,1
11093,22,41.99,4,1,1,2,1
11094,19,25.0,2,1,0,1,0
11095,43,75.7,4,12,1,1,0
11096,30,50.16,3,12,0,1,0
11097,17,25.0,3,12,1,1,0
11098,59,98.21,6,12,1,2,0
11099,62,111.63,1,12,1,1,0
11100,13,68.52,2,12,0,0,0
11101,2,38.26,3,24,1,0,0
11102,25,53.33,4,1,0,0,1
11103,58,106.11,0,1,1,0,0
11104,61,115.18,4,1,1,0,1
11105,11,60.3,1,12,1,2,0
11106,56,63.45,2,1,1,0,1
11107,9,41.72,3,1,1,0,1
11108,29,64.01,2,24,1,0,1
11109,72,62.23,1,24,1,1,0
11110,15,51.95,3,1,1,1,0
11111,12,81.71,2,1,1,1,1
11112,31,69.42,3,1,1,3,1
11113,45,97.02,3,1,1,3,1
11114,67,93.59,1,24,0,2,0
11115,71,92.58,2,12,1,2,0
11116,6,42.26,1,1,0,0,0
11117,11,25.22,3,1,0,1,1
11118,57,63.95,1,1,1,0,0
11119,20,70.79,1,1,1,2,0
11120,64,112.3,3,1,1,0,1
11121,48,55.36,3,12,1,0,0
11122,9,55.52,0,1,0,0,0
11123,60,82.43,3,24,0,1,0
11124,14,48.72,2,1,0,1,1
11125,31,66.18,1,12,0,0,0
11126,40,83.9,2,1,1,1,0
11127,37,64.79,1,1,1,0,1
11128,50,100.38,1,24,1,2,0
11129,47,77.87,4,12,0,0,0
11130,71,105.14,5,1,1,0,1
11131,72,79.8,3,1,0,1,0
11132,38,103.06,5,12,1,1,0
11133,8,45.66,2,24,1,2,0
11134,53,90.53,3,12,0,1,1
11135,70,64.05,4,1,1,3,0
11136,24,36.79,1,1,1,0,0
11137,34,82.88,0,1,0,1,0
11138,31,63.06,1,1,1,3,0
11139,5,25.0,1,12,1,0,0
11140,49,92.79,2,12,0,2,0
11141,26,43.61,2,1,0,0,1
11142,57,106.7,0,12,1,1,0
11143,60,82.42,2,12,1,0,0
11144,59,86.78,1,12,1,1,0
11145,31,79.12,1,1,1,2,1
11146,24,35.45,2,1,1,0,0
11147,54,60.73,2,1,1,0,1
11148,58,78.66,1,1,0,0,0
11149,36,77.29,3,1,0,0,1
11150,64,63.64,2,1,1,1,0
11151,11,25.0,3,1,1,3,0
11152,63,101.53,1,1,1,0,0
11153,8,26.35,2,24,0,1,0
11154,12,33.74,2,12,1,1,0
11155,39,31.68,1,1,1,0,0
11156,6,25.0,0,24,0,0,1
11157,5,34.36,0,1,0,2,0
11158,1,47.65,5,1,1,1,0
11159,32,44.92,4,12,1,2,0
11160,56,110.23,3,1,1,1,0
11161,3,25.0,4,1,0,1,0
11162,47,60.0,2,1,1,2,0
11163,59,110.77,2,1,0,2,0
11164,13,45.51,1,12,0,3,0
11165,11,29.96,2,1,1,0,1
11166,62,83.01,5,1,0,3,1
11167,59,107.46,4,1,1,2,1
11168,39,91.49,1,1,1,2,0
11169,59,68.4,3,1,0,1,1
11170,8,36.44,1,24,0,3,0
11171,29,57.72,2,12,1,1,0
11172,53,59.95,2,1,0,2,1
11173,19,46.1,2,12,0,1,0
11174,54,78.7,2,1,1,2,0
11175,37,83.82,2,1,0,2,0
11176,54,100.33,6,1,1,0,0
11177,34,54.67,2,1,1,0,1
11178,27,50.45,1,12,0,1,0
11179,17,57.26,1,24,1,2,0
11180,16,33.87,3,1,1,2,0
11181,54,89.2,3,1,1,2,0
11182,9,36.52,1,12,0,2,0
11183,7,25.0,3,1,1,1,0
11184,14,25.38,1,1,0,0,1
11185,13,67.75,0,24,1,1,0
11186,59,80.28,0,12,0,2,0
11187,29,85.63,0,24,1,1,0
11188,71,84.65,3,1,0,2,0
11189,11,45.14,0,1,1,3,0
11190,47,115.37,3,1,1,0,1
11191,33,40.67,0,24,1,2,0
11192,29,25.0,3,1,0,1,0
11193,63,109.86,0,1,0,1,0
11194,70,78.12,4,1,1,0,0
11195,63,86.33,4,12,1,0,0
11196,15,32.95,4,12,1,0,0
11197,17,50.13,2,12,0,1,0
11198,48,56.09,2,1,1,0,0
11199,22,46.56,1,12,0,1,0
11200,53,85.8,3,1,0,1,0
11201,41,48.75,3,1,0,1,1
11202,40,53.4,5,1,1,2,1
11203,60,77.75,1,1,1,1,0
11204,51,50.18,3,1,1,0,0
11205,3,25.09,6,24,0,3,0
11206,5,36.64,1,1,0,2,0
11207,44,62.41,0,1,1,1,1
11208,36,57.52,1,12,1,2,0
11209,19,46.74,2,12,0,0,0
11210,31,46.1,4,1,0,2,0
11211,55,91.94,2,12,1,0,1
11212,60,109.85,5,1,1,1,1
11213,41,58.54,2,1,1,0,0
11214,28,63.93,0,12,0,2,0
11215,20,43.69,6,12,1,0,1
11216,38,70.78,1,1,0,0,0
11217,23,78.88,1,1,1,0,0
11218,41,76.06,3,1,0,2,1
11219,49,42.18,2,1,0,0,0
11220,6,43.57,1,24,1,1,0
11221,1,53.09,1,1,0,0,1
11222,16,40.41,1,24,0,2,0
11223,65,106.42,1,1,1,0,0
11224,47,59.88,2,12,1,3,0
11225,13,25.0,1,1,1,0,0
11226,64,90.14,4,1,0,0,1
11227,34,28.98,1,1,0,0,0
11228,35,57.18,1,1,1,0,1
11229,67,113.46,2,24,1,1,0
11230,5,25.0,0,12,0,0,0
11231,16,25.0,5,12,1,2,0
11232,43,50.12,2,1,1,1,0
11233,15,42.36,2,12,0,0,0
11234,49,67.52,1,12,1,1,0
11235,16,69.58,2,12,1,0,0
11236,8,54.38,3,12,0,0,0
11237,16,53.31,2,12,1,0,0
11238,31,60.52,6,1,0,0,0
11239,14,49.68,5,24,0,0,0
11240,11,25.0,3,1,1,3,0
11241,62,101.23,2,1,1,1,0
11242,24,31.58,1,24,0,3,0
11243,27,69.34,3,1,1,0,1
11244,5,55.85,6,1,1,2,0
11245,26,57.2,0,1,1,0,1
11246,20,44.83,2,1,1,0,0
11247,44,76.81,3,24,1,2,1
11248,16,25.0,6,12,0,0,1
11249,64,93.04,3,1,1,1,0
11250,67,88.26,3,24,1,2,0
11251,8,36.29,1,12,1,1,0
11252,9,50.82,1,24,0,1,0
11253,9,36.75,2,1,0,0,0
11254,45,49.98,3,1,0,0,0
11255,10,36.45,3,1,1,3,0
11256,62,87.02,3,1,1,0,1
11257,55,81.57,4,12,1,0,0
11258,59,86.01,2,1,1,0,0
11259,38,82.91,0,1,0,3,0
11260,72,75.25,0,12,0,2,0
11261,4,36.76,1,1,1,1,0
11262,29,79.32,5,1,1,3,1
11263,24,25.0,7,12,1,0,0
11264,68,94.43,1,24,0,2,0
11265,42,57.26,0,1,1,0,0
11266,58,75.53,1,24,1,1,0
11267,13,25.41,1,12,0,0,0
11268,70,89.95,3,12,0,3,0
11269,36,95.54,0,1,1,3,1
11270,36,39.64,0,12,1,1,0
11271,70,71.95,4,12,1,0,0
11272,28,31.77,0,1,1,0,0
11273,29,87.19,2,24,1,1,0
11274,43,60.38,2,24,0,0,0
11275,10,38.54,1,1,1,0,0
11276,24,44.35,1,12,1,1,0
11277,15,26.5,1,1,1,1,0
11278,8,32.97,4,12,1,3,1
11279,62,130.0,0,12,1,1,0
11280,43,93.76,3,1,0,0,1
11281,26,38.05,2,1,1,1,0
11282,30,68.66,2,1,1,0,1
11283,32,43.83,1,24,0,1,0
11284,46,39.43,2,1,0,2,0
11285,67,108.65,2,24,1,0,0
11286,67,111.18,0,1,0,0,0
11287,29,74.93,1,1,0,2,0
11288,24,43.14,4,24,1,1,0
11289,33,56.7,2,12,1,1,1
11290,41,80.4,3,1,1,2,0
11291,34,67.65,2,1,1,1,0
11292,48,66.11,4,1,1,0,1
11293,40,36.86,3,1,1,2,0
11294,24,53.65,1,1,0,3,0
11295,26,72.82,5,12,1,0,0
11296,28,33.64,2,1,0,0,1
11297,8,48.7,0,1,1,2,0
11298,13,47.67,1,1,1,1,1
11299,52,90.3,1,1,0,1,0
11300,29,71.8,1,24,1,1,0
11301,16,31.9,3,1,1,2,0
11302,41,37.79,6,1,1,1,1
11303,55,69.9,2,12,0,0,0
11304,19,63.1,1,24,1,0,0
11305,60,74.24,4,12,0,1,0
11306,67,77.81,3,12,1,3,0
11307,43,35.92,1,24,1,1,0
11308,48,104.75,2,12,0,0,0
11309,5,49.36,1,24,0,3,0
11310,68,105.06,2,1,1,1,0
11311,29,73.52,2,12,1,1,0
11312,67,100.68,5,24,0,0,0
11313,42,63.4,8,24,1,2,1
11314,1,27.95,1,1,1,2,0
11315,4,25.9,4,12,0,2,0
11316,49,121.53,2,1,1,0,0
11317,41,76.91,0,12,1,1,0
11318,3,25.0,4,1,0,0,1
11319,54,86.98,0,12,1,3,0
11320,62,67.6,2,12,0,0,0
11321,36,89.48,1,1,1,1,0
11322,34,48.7,2,1,1,2,0
11323,1,39.92,0,1,1,0,0
11324,57,100.49,1,12,1,0,1
11325,24,58.53,1,12,1,0,0
11326,63,88.4,2,12,1,1,1
11327,27,54.49,4,1,1,3,0
11328,41,65.88,4,12,1,1,0
11329,20,37.62,0,12,1,3,0
11330,12,32.71,4,1,0,0,1
11331,56,107.03,1,1,0,1,0
11332,36,60.45,5,1,1,3,1
11333,39,50.96,3,1,1,2,0
11334,70,83.71,1,1,1,0,0
11335,69,111.91,1,1,1,1,0
11336,62,97.96,1,1,1,2,0
11337,14,52.69,0,1,1,2,1
11338,43,64.06,1,1,1,1,1
11339,63,97.02,2,12,1,0,0
11340,28,43.62,1,1,0,0,0
11341,8,32.53,3,1,1,1,1
11342,59,100.56,3,12,0,1,0
11343,35,77.24,5,1,1,0,1
11344,41,49.23,5,1,1,0,1
11345,71,78.5,1,1,1,1,0
11346,44,71.56,3,1,1,1,1
11347,31,88.97,3,12,1,1,0
11348,27,25.0,1,1,0,1,0
11349,31,62.91,3,1,1,0,1
11350,9,25.0,2,12,0,2,0
11351,57,69.88,3,24,1,1,0
11352,60,77.44,4,1,1,0,1
11353,21,41.33,1,1,1,1,0
11354,23,41.09,3,1,1,1,1
11355,63,86.83,1,12,1,1,0
11356,3,25.0,1,12,1,1,0
11357,38,37.88,2,12,0,1,0
11358,34,74.64,2,1,0,1,1
11359,50,88.55,5,1,1,0,0
11360,13,56.88,2,12,1,0,1
11361,48,45.47,1,1,1,0,0
11362,28,60.58,2,24,0,1,0
11363,45,82.67,2,1,0,1,1
11364,4,25.0,3,1,1,2,0
11365,34,60.77,1,1,0,0,0
11366,38,62.11,0,1,1,1,0
11367,16,77.56,3,12,0,0,0
11368,11,74.54,3,1,0,1,1
11369,14,25.0,2,12,1,2,1
11370,25,97.39,4,12,1,0,1
11371,8,25.0,2,24,1,0,0
11372,68,108.85,2,12,1,1,0
11373,30,74.47,2,24,1,2,0
11374,58,64.28,2,24,1,0,0
11375,70,101.88,0,1,1,3,0
11376,7,34.36,2,24,1,3,0
11377,47,82.28,3,24,1,2,0
11378,63,90.85,2,1,0,0,1
11379,46,92.93,3,12,0,1,0
11380,31,59.26,0,1,1,0,0
11381,32,55.78,4,12,1,2,0
11382,4,53.33,4,1,0,1,1
11383,39,75.55,0,12,0,0,0
11384,72,107.97,3,1,1,0,1
11385,69,80.14,2,12,1,2,0
11386,4,25.0,1,1,1,2,1
11387,51,65.68,1,12,0,1,1
11388,22,38.63,0,1,1,1,0
11389,65,102.65,1,12,1,2,0
11390,4,51.17,0,1,1,2,0
11391,67,87.51,4,1,0,2,0
11392,60,109.76,4,1,1,1,0
11393,9,62.73,2,24,1,1,0
11394,5,38.88,0,1,1,2,0
11395,60,69.21,3,12,1,0,0
11396,12,69.16,2,1,1,1,1
11397,39,64.0,3,12,0,0,0
11398,66,91.67,2,1,1,1,1
11399,41,60.79,0,1,1,2,0
11400,29,40.08,1,1,0,0,1
11401,33,33.26,2,1,0,1,0
11402,5,45.89,2,1,1,0,1
11403,70,78.9,4,1,1,2,1
11404,23,105.77,0,1,1,2,0
11405,14,25.0,1,24,0,1,0
11406,21,26.27,1,1,0,2,0
11407,69,101.28,4,24,0,0,1
11408,8,64.73,0,1,1,2,1
11409,63,87.86,3,1,1,2,0
11410,51,86.2,2,1,1,0,1
11411,60,50.82,4,1,1,3,0
11412,70,80.8,1,1,0,0,0
11413,61,65.57,3,24,1,1,0
11414,68,57.09,2,12,1,0,0
11415,10,41.11,1,12,1,2,0
11416,58,41.83,2,1,0,0,0
11417,40,42.2,3,1,1,0,0
11418,40,56.33,2,12,0,1,0
11419,65,73.54,4,1,0,3,0
11420,70,100.14,3,1,0,0,0
11421,51,81.4,0,1,0,1,0
11422,35,77.59,1,1,0,1,0
11423,33,73.24,3,12,1,2,0
11424,28,75.73,4,1,0,0,1
11425,27,54.27,0,1,1,1,0
11426,29,61.56,2,24,1,3,0
11427,7,45.51,5,24,1,0,0
11428,6,37.95,3,1,1,1,1
11429,56,73.25,5,1,1,2,0
11430,33,53.72,0,12,0,0,0
11431,67,75.58,0,1,1,1,0
11432,44,77.19,2,1,1,0,0
11433,3,31.01,1,1,1,2,0
11434,12,28.86,3,1,1,3,0
11435,16,32.48,1,24,1,1,0
11436,70,71.21,1,12,1,1,0
11437,17,62.92,4,24,1,1,0
11438,38,65.62,2,12,1,0,1
11439,67,74.77,3,12,1,0,0
11440,70,107.55,1,12,1,0,0
11441,18,36.11,1,12,1,0,0
11442,4,25.0,3,1,1,1,1
11443,12,59.18,3,1,1,0,1
11444,5,25.0,4,1,0,0,1
11445,15,36.14,3,1,0,1,0
11446,41,67.64,5,1,1,0,0
11447,66,109.97,1,1,0,0,0
11448,39,65.46,2,12,1,0,0
11449,45,48.92,0,1,1,0,0
11450,15,53.29,1,1,1,1,0
11451,58,73.47,2,1,1,2,0
11452,45,104.48,2,1,1,2,1
11453,62,85.78,3,24,1,2,0
11454,68,50.97,5,1,0,1,0
11455,26,59.83,5,1,1,3,0
11456,7,71.3,4,1,0,1,0
11457,17,73.67,4,12,1,1,1
11458,32,91.76,3,12,1,1,0
11459,68,72.84,4,1,1,0,1
11460,28,71.62,0,1,1,0,0
11461,56,67.4,1,12,1,0,0
11462,39,69.14,0,24,1,2,0
11463,14,25.0,2,1,1,0,1
11464,24,40.0,5,1,1,1,1
11465,47,60.13,0,1,0,2,1
11466,49,90.27,3,1,1,1,0
11467,32,73.21,0,12,0,0,0
11468,17,50.28,4,24,1,1,0
11469,52,52.49,0,24,1,0,0
11470,13,36.09,2,12,0,3,0
11471,68,77.77,2,1,1,1,0
11472,14,58.25,0,24,0,2,0
11473,9,59.31,3,1,0,1,1
11474,36,81.41,1,1,0,2,1
11475,38,50.61,4,12,0,2,1
11476,37,25.0,3,1,1,0,1
11477,32,26.99,2,12,1,0,1
11478,72,120.39,3,24,1,0,1
11479,36,55.18,6,12,1,1,1
11480,35,47.99,1,12,1,2,0
11481,31,87.47,3,1,1,1,0
11482,6,58.17,1,1,1,1,1
11483,43,69.14,2,12,0,3,0
11484,17,40.02,2,12,1,0,0
11485,46,69.02,1,24,1,0,0
11486,5,38.59,1,1,0,3,1
11487,71,122.7,3,1,1,3,0
11488,34,68.2,1,1,0,1,0
11489,65,101.57,3,12,0,0,0
11490,35,82.55,2,12,1,3,0
11491,5,25.0,1,24,0,2,0
11492,59,96.69,4,1,1,1,0
11493,47,67.0,1,1,1,0,0
11494,57,36.01,3,1,0,1,0
11495,31,25.0,2,1,1,2,1
11496,46,53.07,2,1,1,2,0
11497,62,95.36,2,12,1,1,1
11498,46,73.45,2,1,1,1,0
11499,26,56.72,2,1,1,1,0
11500,48,108.32,6,12,1,1,0
