employee_id,tenure_years,annual_salary,avg_overtime_hours_per_week,promotion_in_last_2_yrs,job_satisfaction_score,manager_rating,commute_distance_km,left_within_12mo
70001,1.0,45000,7.9,0,3,4,16.6,1
70002,3.5,57412,9.2,1,2,4,4.3,0
70003,3.0,63596,0.3,1,3,4,24.7,0
70004,0.9,51868,0.8,0,4,3,5.8,0
70005,4.7,64623,1.9,0,1,4,11.6,1
70006,4.6,91702,5.5,1,3,3,3.6,0
70007,3.3,50403,6.5,1,4,3,12.9,0
70008,1.4,63572,15.7,0,4,4,6.1,0
70009,2.1,49299,6.3,0,5,4,5.1,0
70010,7.5,74818,0.1,0,2,2,2.9,0
70011,0.5,55249,9.4,0,3,5,22.1,0
70012,1.4,48052,13.0,0,2,3,8.7,0
70013,5.8,97745,0.3,1,1,3,1.0,0
70014,7.9,80482,1.6,0,3,3,28.0,0
70015,0.9,56719,13.6,0,4,3,26.5,0
70016,17.8,116306,7.7,1,2,4,8.6,0
70017,1.2,72620,14.1,1,4,3,7.0,0
70018,3.0,51886,12.0,1,3,5,14.7,1
70019,0.7,56159,3.8,0,4,2,2.8,0
70020,2.7,81937,11.5,1,5,3,15.2,0
70021,0.6,46948,4.6,1,4,5,31.8,0
70022,0.6,67722,2.5,0,3,4,5.9,0
70023,0.2,53654,0.3,1,2,3,16.7,1
70024,0.3,70023,4.6,1,2,4,37.4,0
70025,0.9,75732,0.0,0,4,4,22.3,1
70026,0.3,48320,0.6,0,5,4,38.2,0
70027,1.3,55918,10.6,0,2,3,36.2,1
70028,1.1,45000,9.9,1,4,4,29.9,0
70029,0.2,46357,8.4,0,2,3,10.0,1
70030,6.3,70851,9.5,0,5,5,1.4,0
70031,10.8,79931,22.2,1,3,5,5.1,0
70032,5.8,77595,7.2,0,4,4,12.9,0
70033,1.8,49607,6.1,0,5,4,5.3,0
70034,12.7,101873,17.6,0,3,4,3.7,0
70035,0.2,45000,1.3,0,4,4,3.1,0
70036,4.1,69746,12.3,0,5,4,8.9,0
70037,2.2,73331,1.9,0,5,3,1.2,0
70038,3.0,59840,3.1,1,5,3,30.8,0
70039,0.6,45000,5.7,1,4,4,11.0,0
70040,0.7,62607,11.5,0,4,3,10.3,0
70041,17.8,126332,6.1,0,3,3,10.7,0
70042,10.8,92054,1.6,0,2,3,14.9,0
70043,0.5,45000,4.9,0,2,2,39.0,0
70044,0.2,67757,0.5,0,5,3,25.0,0
70045,2.9,66888,6.8,1,3,4,1.5,1
70046,5.0,78567,10.3,0,5,1,2.7,0
70047,3.1,73527,0.0,0,4,2,10.8,0
70048,0.2,54829,19.8,0,3,3,14.8,0
70049,3.0,63515,7.3,1,4,5,8.4,0
70050,1.0,45431,0.6,0,3,4,12.9,0
70051,3.7,62421,4.1,1,3,3,2.6,0
70052,3.1,60841,1.4,0,4,4,29.8,1
70053,2.3,54567,8.2,1,3,5,1.0,0
70054,0.2,61114,3.0,0,3,2,14.7,1
70055,0.4,54239,4.3,1,4,3,3.4,0
70056,3.3,61192,0.3,1,4,4,19.3,0
70057,7.0,84214,7.5,0,5,3,2.4,1
70058,6.9,80487,0.2,0,3,2,2.5,1
70059,8.7,104944,1.5,0,1,3,6.7,0
70060,6.8,92902,1.7,0,4,3,6.6,0
70061,0.4,45000,1.8,0,5,3,5.0,0
70062,2.6,68742,19.4,0,3,3,27.8,1
70063,2.4,69575,1.4,0,3,3,2.6,0
70064,1.7,74853,3.0,0,3,3,3.1,1
70065,1.0,46815,2.7,0,3,3,3.7,1
70066,1.4,61902,5.0,0,3,3,38.7,0
70067,0.7,53546,7.0,0,5,4,6.6,0
70068,1.3,45376,0.8,0,4,4,9.2,0
70069,12.2,109674,13.4,0,3,5,1.3,0
70070,4.2,80520,3.8,0,5,4,5.0,0
70071,0.3,60954,1.2,0,4,3,12.9,0
70072,3.6,65742,2.8,0,2,3,27.7,0
70073,1.7,61940,8.1,0,3,3,5.5,0
70074,5.5,68168,5.0,1,3,3,1.0,0
70075,3.3,55557,2.3,1,3,3,9.7,0
70076,0.2,45000,0.9,1,3,4,5.6,0
70077,1.1,61444,3.3,0,5,3,3.1,0
70078,4.9,72308,6.9,1,5,4,6.1,0
70079,0.6,62993,3.8,1,4,3,21.5,0
70080,1.0,49103,0.0,0,4,5,8.9,0
70081,2.1,45000,4.0,0,4,3,9.4,1
70082,1.1,58584,7.1,0,3,1,12.8,1
70083,1.5,67591,8.7,0,4,4,1.0,0
70084,17.2,92125,2.1,0,4,4,18.0,0
70085,1.3,45000,9.4,0,4,4,21.3,1
70086,3.6,58381,0.8,0,2,5,2.5,0
70087,2.8,51595,1.0,1,5,2,6.8,0
70088,0.6,70004,6.1,0,1,3,1.0,1
70089,9.8,105288,3.6,0,4,4,4.4,0
70090,8.7,87381,3.4,0,3,4,3.4,0
70091,4.4,75714,22.5,1,3,2,1.0,0
70092,1.7,63349,3.8,0,5,4,4.4,0
70093,1.8,51612,2.8,0,2,3,8.1,1
70094,5.5,85726,15.3,0,5,4,7.2,0
70095,1.3,69315,9.8,1,3,5,3.4,1
70096,2.0,69446,7.0,0,2,3,12.3,0
70097,2.1,68721,8.6,1,3,4,13.8,0
70098,6.9,66226,6.6,1,3,5,1.0,1
70099,6.5,78751,0.4,0,3,4,13.3,0
70100,1.6,60673,5.3,1,5,5,6.3,0
70101,4.2,72675,4.5,0,2,4,11.9,1
70102,4.4,67401,10.9,0,3,4,2.3,0
70103,0.2,45003,3.7,0,4,4,20.9,0
70104,4.3,49170,8.0,1,3,4,11.0,0
70105,1.2,64612,14.0,0,4,3,2.2,1
70106,0.3,45000,3.1,1,3,1,10.2,0
70107,6.5,65174,6.4,1,2,3,11.1,0
70108,6.7,86279,5.3,0,5,2,5.1,0
70109,0.8,61404,25.0,0,5,4,15.9,0
70110,14.9,111318,2.2,0,4,4,3.4,0
70111,5.0,82414,2.4,0,4,3,3.6,0
70112,5.0,92877,2.7,0,2,2,6.4,1
70113,3.4,74630,16.5,0,5,3,11.4,0
70114,8.3,75471,3.7,0,5,4,6.6,0
70115,3.4,75195,5.4,1,1,3,1.6,1
70116,0.7,56387,1.4,0,4,3,16.1,1
70117,7.6,68730,10.7,1,4,3,15.0,0
70118,4.7,93543,13.6,0,3,3,3.1,1
70119,1.6,69103,2.6,1,3,3,15.4,0
70120,9.5,73064,3.8,0,3,3,26.3,0
70121,0.3,63002,7.9,0,3,3,14.9,0
70122,0.7,63886,1.1,0,4,4,7.3,0
70123,3.8,64648,7.5,0,4,4,20.1,0
70124,1.4,50896,3.3,0,3,4,36.0,1
70125,0.2,59926,0.7,0,5,4,6.4,0
70126,2.5,45000,2.0,1,3,2,8.1,0
70127,2.3,83127,0.9,0,5,4,13.4,0
70128,0.2,45000,21.0,0,3,3,4.2,0
70129,0.2,62657,3.1,0,1,4,15.9,1
70130,11.4,86711,0.6,1,4,3,1.0,0
70131,1.9,51836,7.4,0,2,3,4.7,1
70132,3.8,64563,0.8,1,4,4,26.7,0
70133,10.9,92013,6.8,1,2,5,2.5,0
70134,5.5,89677,4.2,0,5,5,36.4,0
70135,0.8,52663,6.2,0,3,5,7.9,0
70136,3.1,91288,4.2,0,2,4,6.7,0
70137,12.3,102342,14.0,0,3,3,16.7,0
70138,6.6,81584,3.6,0,5,5,8.9,0
70139,0.7,55290,6.0,1,4,3,1.4,0
70140,2.1,48208,0.6,0,3,3,6.1,1
70141,6.7,71341,4.3,0,4,2,1.0,0
70142,4.3,80717,6.4,0,5,4,2.8,0
70143,3.0,64810,4.6,1,1,4,19.0,1
70144,0.2,53271,2.4,0,3,5,1.9,1
70145,1.5,67984,6.0,1,3,1,12.3,0
70146,6.9,73557,5.8,1,2,5,13.1,0
70147,0.2,45000,0.6,0,3,3,7.4,0
70148,1.4,50468,15.4,0,2,4,3.7,1
70149,0.5,57121,8.2,0,3,4,12.8,1
70150,2.3,63620,5.4,1,4,2,2.3,0
70151,0.6,45000,6.5,0,4,3,18.7,0
70152,0.9,69838,2.7,0,3,3,1.0,0
70153,0.9,63936,0.9,0,4,3,1.4,0
70154,4.5,79625,6.1,0,1,2,6.8,1
70155,3.2,57830,3.5,0,3,4,4.6,0
70156,2.1,78840,0.9,0,5,3,16.1,0
70157,0.4,63659,2.2,0,3,4,2.8,0
70158,1.7,55227,2.6,0,3,2,10.5,0
70159,1.0,63765,4.8,0,5,4,11.2,0
70160,3.5,77163,19.0,0,4,4,1.0,1
70161,2.1,82409,0.5,0,4,3,26.8,0
70162,6.6,78168,2.7,0,5,4,56.8,0
70163,5.6,85128,9.2,0,3,3,43.1,1
70164,2.1,73965,4.1,0,5,3,21.9,0
70165,6.4,77792,20.6,1,4,3,4.8,0
70166,2.0,70312,7.7,0,3,4,14.2,0
70167,7.2,93950,5.4,0,2,2,26.7,1
70168,0.3,45000,4.9,0,3,4,9.7,0
70169,2.2,72327,9.3,0,4,2,3.6,0
70170,2.3,71147,0.5,1,5,3,10.2,0
70171,1.1,54477,15.9,1,3,3,1.0,1
70172,3.1,91612,4.8,0,3,3,1.1,0
70173,0.2,47637,1.6,0,4,3,31.4,1
70174,4.8,85249,5.9,0,5,4,23.3,0
70175,9.0,106508,12.8,0,3,5,31.7,0
70176,2.4,62421,4.7,1,2,2,1.0,0
70177,1.6,79290,11.0,0,4,4,1.4,0
70178,13.7,96034,2.2,0,5,4,1.8,0
70179,1.1,45000,1.4,0,3,3,11.4,0
70180,0.4,45728,2.2,0,2,5,16.1,1
70181,3.6,66395,5.4,0,4,3,2.8,0
70182,0.9,66316,9.2,1,5,4,17.9,1
70183,15.4,122633,1.8,1,5,4,12.0,0
70184,2.4,61576,0.2,0,3,3,18.1,0
70185,2.2,79079,7.0,1,5,3,4.9,0
70186,2.2,46728,3.9,0,5,3,21.0,1
70187,12.0,112701,7.6,0,5,5,3.3,0
70188,6.9,80228,3.2,0,3,4,37.4,1
70189,0.9,57772,0.3,1,5,3,6.9,0
70190,5.5,67832,2.8,0,4,2,2.9,0
70191,1.1,45057,11.1,1,1,2,24.3,0
70192,0.6,45000,4.7,0,4,1,7.8,0
70193,1.1,60142,3.9,1,3,3,34.7,0
70194,0.3,54716,12.0,0,3,2,12.3,1
70195,0.3,48698,0.1,0,5,5,4.2,0
70196,11.2,83929,1.0,0,3,3,17.7,0
70197,0.8,51385,4.1,0,5,3,1.0,0
70198,6.1,101507,6.8,0,4,5,9.0,0
70199,1.7,45000,25.0,0,3,3,1.0,1
70200,6.8,59047,0.2,1,5,4,11.3,0
70201,0.6,47303,4.4,1,2,4,1.8,0
70202,0.2,60285,6.5,0,4,5,3.9,0
70203,0.3,48847,3.0,1,4,4,5.5,0
70204,0.6,60298,10.9,0,3,4,17.8,1
70205,0.2,59873,0.4,0,5,4,15.7,1
70206,1.6,69847,3.5,0,3,4,9.9,0
70207,2.7,68637,4.2,1,2,3,10.4,0
70208,6.0,75691,0.5,0,1,1,52.5,1
70209,1.7,77190,3.0,0,2,3,36.1,1
70210,2.8,49349,14.4,1,4,4,7.2,0
70211,3.7,48354,6.1,0,3,3,16.0,1
70212,3.5,63112,3.6,1,5,3,12.5,0
70213,2.9,66225,2.0,0,1,3,17.7,0
70214,4.0,72012,8.0,1,3,5,4.4,0
70215,3.4,64633,6.1,1,2,4,10.7,0
70216,0.4,62324,3.4,1,4,5,1.0,0
70217,0.2,56757,2.0,0,4,4,15.9,0
70218,1.9,59456,8.2,1,2,4,1.3,0
70219,0.4,61903,6.5,0,5,4,22.4,0
70220,7.3,71664,0.8,0,4,3,4.1,0
70221,12.6,97778,15.2,1,5,4,3.0,0
70222,11.3,115314,0.4,1,4,4,6.9,0
70223,3.7,67512,7.5,0,3,3,9.5,1
70224,0.2,74608,6.3,1,3,5,25.9,0
70225,1.1,73695,4.7,0,3,4,16.5,0
70226,2.6,76927,0.8,0,2,4,30.0,1
70227,4.0,64533,2.2,0,5,3,1.0,1
70228,1.8,54973,2.5,0,2,4,8.9,1
70229,7.8,83465,4.2,0,4,4,18.9,0
70230,2.5,56583,2.7,0,4,4,20.2,0
70231,1.1,64751,5.9,0,2,3,12.2,1
70232,1.6,68047,4.9,0,2,4,6.1,0
70233,1.8,74962,0.8,0,5,3,2.0,0
70234,8.9,71957,7.1,0,2,4,1.0,0
70235,3.9,52752,3.3,0,3,3,33.4,0
70236,0.3,45000,3.7,0,3,3,1.0,0
70237,0.4,45000,2.4,0,4,3,2.1,0
70238,12.4,118712,13.3,0,5,3,19.6,0
70239,19.4,121520,22.3,0,2,5,4.7,1
70240,4.0,79535,5.2,0,4,4,2.7,0
70241,1.3,51703,1.6,1,3,2,1.0,0
70242,4.2,74288,16.7,0,5,3,1.0,0
70243,1.5,58642,2.6,0,4,4,6.2,0
70244,0.4,45000,7.5,0,2,4,9.9,0
70245,0.4,78007,17.2,0,3,2,13.5,1
70246,1.2,70572,2.5,0,3,2,12.5,1
70247,13.3,80813,1.5,0,2,3,7.0,0
70248,7.4,72919,3.3,0,2,4,7.8,0
70249,14.2,119487,0.6,0,5,5,19.6,0
70250,1.0,67914,4.6,0,4,2,6.2,0
70251,1.1,54694,9.6,0,4,3,3.1,0
70252,1.5,84590,8.2,1,2,3,11.5,1
70253,1.1,62987,6.2,0,5,4,3.1,0
70254,0.4,45000,1.8,0,1,4,18.3,1
70255,3.3,77373,2.4,1,5,4,3.6,0
70256,1.3,47301,11.7,0,4,4,12.8,1
70257,4.5,76066,10.5,0,3,4,11.8,0
70258,0.2,61254,9.8,0,2,3,1.0,0
70259,1.0,45000,2.4,0,3,2,8.0,1
70260,2.1,59162,8.5,0,3,4,7.8,1
70261,0.7,89114,2.4,1,3,4,1.3,0
70262,19.4,105670,0.2,0,1,3,18.1,0
70263,7.4,56119,8.6,0,3,3,26.5,0
70264,0.6,60654,6.9,1,2,4,5.4,0
70265,0.8,68648,8.0,1,3,3,1.0,0
70266,0.2,60952,3.0,0,3,3,19.8,1
70267,1.6,59228,1.8,0,1,3,1.1,0
70268,2.9,61354,1.4,1,3,4,4.0,0
70269,0.7,71326,1.4,0,3,4,3.3,1
70270,5.6,78118,2.3,0,5,3,5.5,0
70271,1.0,57718,8.2,1,4,4,10.2,0
70272,1.3,59859,1.0,0,4,4,4.1,0
70273,1.4,61356,8.2,0,4,3,1.0,0
70274,3.7,68874,3.6,0,3,5,9.6,0
70275,1.1,55721,2.0,1,3,5,10.3,0
70276,2.9,49214,0.9,0,1,5,18.4,0
70277,1.0,51934,0.4,1,3,4,2.9,0
70278,0.2,45000,0.0,1,5,4,29.3,0
70279,8.9,81086,3.4,1,2,4,23.4,0
70280,4.3,82333,7.6,0,1,3,11.0,0
70281,0.4,68807,1.6,1,2,4,5.7,1
70282,9.0,77766,6.8,1,2,3,2.7,0
70283,2.7,84575,2.1,1,5,3,1.0,0
70284,2.2,73460,0.5,0,4,3,9.7,1
70285,2.6,82624,1.2,0,3,3,1.0,1
70286,4.4,55746,0.2,1,3,3,5.5,0
70287,0.2,48663,2.6,0,2,3,60.4,0
70288,1.0,45000,10.8,0,2,5,47.4,1
70289,0.4,71521,3.3,0,3,5,7.8,1
70290,4.6,84252,7.1,0,4,2,4.1,1
70291,6.1,50365,0.4,0,5,4,5.2,0
70292,6.0,79859,0.8,0,1,3,32.3,1
70293,2.6,80917,0.7,0,3,4,18.8,0
70294,1.0,46934,4.3,0,3,4,28.1,0
70295,1.3,45917,5.9,0,3,3,17.3,0
70296,2.5,68364,4.9,1,2,3,20.9,1
70297,3.6,60033,0.5,1,5,4,7.8,0
70298,18.1,135871,5.0,0,5,3,29.1,0
70299,2.2,50116,8.1,0,5,4,5.1,1
70300,0.2,64604,0.5,0,3,4,6.2,0
70301,1.8,61158,3.4,0,3,3,10.1,0
70302,0.4,55423,0.0,0,3,3,10.0,1
70303,0.2,62814,1.7,0,4,5,1.2,0
70304,10.0,81304,8.2,0,5,3,15.1,0
70305,2.2,47723,4.0,0,2,4,12.0,1
70306,2.4,51443,0.3,0,3,5,19.3,0
70307,7.7,74301,1.1,0,4,4,13.4,0
70308,0.3,63345,2.0,0,3,3,5.2,0
70309,3.0,53683,2.5,1,4,4,6.4,0
70310,0.4,65278,5.7,1,2,3,9.9,0
70311,4.6,83570,4.6,0,4,3,12.2,0
70312,3.7,68587,6.2,0,2,3,33.8,1
70313,2.9,79831,1.1,1,4,3,22.4,0
70314,11.9,98772,2.2,0,3,4,1.0,0
70315,0.7,67758,13.2,0,3,5,7.0,0
70316,9.4,74498,1.4,1,5,3,60.1,0
70317,3.9,78870,11.9,1,3,4,1.0,0
70318,6.9,83757,10.3,0,4,4,5.3,0
70319,0.5,69116,4.7,0,1,5,1.0,0
70320,9.3,94325,13.3,0,5,3,6.5,1
70321,1.7,61257,0.7,0,5,4,13.9,0
70322,3.2,51108,5.4,0,2,2,1.0,0
70323,3.9,71719,16.4,1,4,5,11.5,0
70324,9.6,91088,1.2,1,1,4,13.6,0
70325,1.5,45919,0.1,1,3,5,2.8,0
70326,2.4,53101,3.4,0,4,4,3.1,1
70327,0.9,46291,7.6,0,3,5,23.3,1
70328,0.9,62364,8.6,1,3,4,12.7,1
70329,7.3,73037,16.7,0,1,4,4.1,1
70330,2.6,63034,9.6,0,3,4,12.4,1
70331,3.2,74040,11.7,0,5,3,25.1,0
70332,0.9,58645,3.6,0,3,4,16.1,0
70333,5.2,75426,10.6,0,3,5,9.8,1
70334,4.7,81979,7.3,0,2,2,11.5,0
70335,4.3,76954,0.4,0,2,2,28.8,1
70336,2.2,64241,4.5,1,2,3,7.5,0
70337,3.9,67258,6.3,0,2,4,17.7,0
70338,7.2,102071,6.9,0,3,3,26.4,0
70339,0.4,72669,1.2,0,5,3,14.2,0
70340,0.4,45000,0.5,1,5,4,29.2,0
70341,1.3,50365,2.0,0,2,3,12.3,0
70342,3.5,72758,9.5,0,5,3,11.0,0
70343,1.1,74899,3.0,0,3,3,33.2,1
70344,2.0,51355,3.5,1,2,4,2.7,0
70345,3.5,57655,0.6,0,4,2,7.4,1
70346,2.9,62258,0.1,1,5,3,12.2,0
70347,3.2,76031,9.5,0,5,4,19.4,0
70348,6.9,78236,1.2,0,4,3,7.6,0
70349,4.0,68227,7.9,0,4,3,1.0,0
70350,0.2,54290,2.2,0,4,5,7.0,0
70351,0.8,50891,5.3,0,4,3,7.9,0
70352,1.9,55336,0.5,1,4,3,1.0,0
70353,4.8,50153,13.9,0,2,2,4.2,1
70354,9.4,66995,5.5,0,5,2,1.0,0
70355,8.8,98905,1.0,0,4,4,13.9,0
70356,1.9,60809,0.8,0,4,5,1.0,0
70357,4.5,64308,8.7,0,3,3,15.0,1
70358,1.0,49838,4.2,1,2,4,17.9,0
70359,5.7,50974,4.0,1,2,5,67.8,0
70360,2.0,63473,13.3,1,4,5,35.4,0
70361,0.8,45000,0.2,0,4,3,12.3,1
70362,2.0,52191,0.4,0,4,3,2.8,0
70363,8.5,79191,1.1,1,5,4,63.0,0
70364,0.9,46527,1.6,0,4,3,1.4,0
70365,8.9,97650,14.2,0,2,5,15.2,1
70366,8.3,91472,11.2,0,3,3,1.3,1
70367,1.6,52452,10.0,0,4,4,30.4,1
70368,4.5,81475,4.7,1,3,4,10.7,0
70369,4.4,69519,4.3,1,1,4,4.1,0
70370,7.4,103523,9.4,0,4,4,13.2,1
70371,2.3,55553,0.9,0,4,4,1.6,0
70372,5.6,72251,1.4,0,5,4,43.0,0
70373,1.5,64947,1.9,0,4,5,16.5,0
70374,4.6,80866,1.8,0,2,5,1.0,0
70375,4.7,97056,0.2,0,3,3,1.8,0
70376,1.3,70805,16.3,0,1,3,21.3,1
70377,2.2,76942,10.6,0,5,3,1.2,0
70378,0.5,80951,0.6,1,3,2,11.6,0
70379,1.1,71268,2.7,0,5,3,3.8,0
70380,0.3,68496,3.5,1,2,4,11.6,0
70381,3.5,74829,0.0,0,1,2,30.1,0
70382,5.6,54499,0.3,1,4,4,17.2,0
70383,11.6,89375,2.4,0,3,2,5.6,0
70384,1.7,68261,1.3,1,2,2,25.2,0
70385,9.8,90512,2.1,1,4,1,4.1,0
70386,8.9,61660,7.2,1,4,3,1.0,0
70387,4.2,73246,0.5,1,3,5,9.9,0
70388,0.3,56919,4.8,0,5,2,2.0,0
70389,5.1,45656,4.0,1,5,4,7.2,0
70390,8.8,109336,11.9,0,2,1,10.9,1
70391,0.2,54694,5.8,1,2,4,4.4,1
70392,0.4,52634,6.5,1,5,3,8.0,0
70393,1.8,45000,1.1,0,3,2,52.0,0
70394,0.3,59278,1.6,0,3,3,3.3,0
70395,12.3,102230,15.5,0,3,3,1.8,0
70396,1.7,63284,1.8,0,4,2,12.4,0
70397,9.5,67966,4.9,1,2,1,5.5,0
70398,0.3,65515,0.2,0,3,3,14.6,0
70399,1.0,52340,1.2,1,3,5,43.0,0
70400,0.2,63294,25.0,0,5,2,12.0,1
70401,5.3,86009,7.0,0,5,4,12.9,0
70402,3.0,59254,9.8,1,4,3,66.7,1
70403,3.4,57809,6.8,1,4,3,1.6,0
70404,4.6,53034,0.5,1,4,3,13.4,0
70405,4.6,82467,0.9,0,3,4,5.2,1
70406,2.6,49337,0.8,0,4,3,19.5,0
70407,1.1,74283,0.6,1,4,4,25.4,0
70408,2.0,74714,0.3,0,4,3,1.0,0
70409,7.4,89670,21.3,0,4,3,27.0,0
70410,5.3,69812,2.0,0,3,2,2.0,1
70411,1.7,67390,7.6,0,4,3,13.1,0
70412,3.0,71253,2.2,0,4,4,7.9,0
70413,8.6,84057,3.6,0,3,3,1.4,0
70414,19.6,118101,0.3,1,4,1,9.8,0
70415,3.6,65289,2.2,0,2,4,10.5,0
70416,1.9,51951,2.3,0,4,4,11.6,0
70417,5.5,84093,3.1,0,4,4,16.1,0
70418,1.9,89507,1.9,0,4,4,4.1,0
70419,1.2,49363,6.4,0,2,4,8.1,1
70420,1.1,65036,2.2,1,5,2,7.4,0
70421,0.6,63251,3.1,0,1,5,17.1,1
70422,0.5,74312,2.9,1,5,5,10.5,0
70423,7.6,80434,3.2,1,2,4,9.2,0
70424,5.5,69379,9.4,0,1,3,7.7,0
70425,2.9,58036,8.3,0,3,4,29.0,0
70426,0.6,78989,2.7,1,3,4,10.9,0
70427,2.1,77706,3.0,1,1,5,1.0,0
70428,3.5,54091,10.0,0,3,2,1.9,1
70429,2.2,80884,1.7,1,1,2,1.9,0
70430,5.7,74989,1.4,0,3,3,5.8,0
70431,10.4,91292,1.6,0,5,3,2.2,0
70432,0.2,45000,4.9,0,2,3,27.6,0
70433,2.9,80433,6.0,0,3,3,13.2,0
70434,4.1,67347,0.5,1,2,3,1.4,0
70435,2.4,68274,14.9,1,4,4,12.7,1
70436,0.3,45000,2.9,1,5,3,29.4,0
70437,4.9,74552,15.7,0,5,5,9.0,0
70438,9.5,66456,1.5,0,4,3,1.0,0
70439,7.9,83065,3.8,0,2,5,27.6,1
70440,1.5,54607,0.3,0,5,5,10.4,0
70441,3.1,54417,7.1,0,5,4,2.8,0
70442,1.5,68665,11.0,0,3,5,11.0,0
70443,4.0,60079,0.6,0,4,4,1.3,0
70444,6.2,81698,2.3,0,4,3,12.0,0
70445,5.8,76414,10.4,0,3,3,1.0,0
70446,2.5,63454,4.9,0,5,4,12.8,0
70447,10.1,116302,0.7,1,5,3,12.2,0
70448,3.4,76030,1.7,0,5,4,1.1,0
70449,6.0,86159,4.0,1,5,4,12.1,0
70450,0.6,54494,6.0,0,3,3,19.9,0
70451,0.4,57638,6.2,0,3,4,10.0,0
70452,2.8,45825,0.3,1,1,5,1.4,0
70453,7.0,71240,6.3,1,4,3,8.2,0
70454,2.5,59690,0.6,0,3,4,43.3,1
70455,0.2,58437,6.3,0,3,5,37.3,0
70456,2.1,45721,1.8,0,2,4,4.2,1
70457,0.2,61194,11.5,0,2,3,80.0,1
70458,3.1,65066,3.7,0,4,2,4.6,0
70459,0.9,61026,5.6,0,2,2,3.4,0
70460,1.6,73486,0.9,1,4,4,7.2,0
70461,0.2,45000,0.8,1,3,4,24.8,0
70462,7.7,78854,1.5,1,5,4,17.4,0
70463,7.8,79583,7.4,0,3,4,9.0,0
70464,2.4,54033,2.3,0,2,3,7.8,1
70465,0.9,58089,3.5,0,4,4,22.9,0
70466,20.6,123644,9.9,0,5,3,7.1,0
70467,4.7,71348,20.0,0,5,3,20.9,1
70468,6.5,73296,5.2,1,2,5,10.1,0
70469,0.2,45000,10.9,0,3,3,16.4,0
70470,2.5,56657,4.0,1,5,3,3.1,0
70471,1.8,49300,10.1,0,5,4,1.0,1
70472,3.8,53257,0.2,0,1,3,1.9,1
70473,1.8,61505,25.0,1,3,4,59.7,1
70474,0.2,53834,2.0,0,3,5,5.4,0
70475,16.2,113850,2.0,0,4,5,37.8,0
70476,0.7,59310,0.5,1,4,3,25.8,0
70477,0.2,67345,1.9,0,4,1,9.7,0
70478,1.5,79066,1.5,0,5,3,10.1,0
70479,0.4,58809,6.5,0,2,4,9.9,0
70480,4.3,49137,0.8,1,1,4,29.1,0
70481,17.4,111616,14.2,0,3,4,9.2,0
70482,1.9,74071,3.2,0,4,4,1.5,0
70483,1.2,54508,8.5,0,4,5,1.0,0
70484,5.5,55473,17.9,0,1,4,10.5,0
70485,2.0,63655,0.5,1,3,5,6.5,0
70486,4.5,63205,3.3,0,4,3,2.7,0
70487,6.4,60449,4.2,0,5,3,10.0,0
70488,1.2,61559,9.9,0,3,2,23.6,1
70489,3.2,57876,7.4,0,5,3,11.6,0
70490,6.3,92864,1.2,0,4,3,1.0,0
70491,0.2,49778,0.1,1,4,3,2.6,0
70492,3.3,90407,11.1,0,4,4,1.7,0
70493,1.1,51970,14.5,0,3,3,2.2,0
70494,2.4,80125,7.9,1,5,4,2.6,0
70495,5.6,73542,2.3,0,4,3,5.1,0
70496,22.5,151763,6.1,1,5,4,7.6,0
70497,0.6,60590,3.0,0,3,3,3.4,0
70498,1.9,70916,1.3,0,4,4,29.7,0
70499,9.6,111002,6.8,0,3,3,1.0,0
70500,0.4,45000,1.6,1,2,3,30.8,0
70501,0.4,68194,3.7,0,3,3,2.1,0
70502,1.3,59008,0.2,0,3,3,20.5,0
70503,11.5,102161,13.3,0,1,4,1.0,0
70504,0.2,45000,1.4,0,3,3,14.9,0
70505,4.0,73795,1.9,0,1,4,14.6,0
70506,25.0,169297,0.1,1,4,4,21.6,0
70507,6.1,77218,1.4,0,4,5,1.0,0
70508,2.0,55979,0.7,1,3,3,20.2,0
70509,13.1,107141,0.3,0,4,5,20.7,0
70510,0.2,62637,2.6,0,4,4,10.6,0
70511,3.4,45000,1.3,0,3,3,4.8,1
70512,4.1,85783,4.6,0,3,5,15.3,0
70513,11.8,81109,0.4,1,5,3,3.6,0
70514,6.1,69141,4.9,0,4,4,46.9,0
70515,0.8,56571,0.5,0,5,3,10.0,1
70516,0.8,68891,1.2,1,1,3,2.1,0
70517,2.1,78470,0.9,0,2,5,25.2,1
70518,4.2,69134,6.7,0,5,3,6.5,0
70519,1.5,47179,6.2,0,4,4,14.3,0
70520,0.5,57349,0.3,0,5,4,2.6,0
70521,4.5,59654,3.5,1,3,2,24.5,1
70522,4.9,53443,0.7,0,4,3,6.5,0
70523,2.8,51070,2.4,1,2,4,14.3,0
70524,5.9,63938,0.4,0,3,4,2.1,1
70525,1.5,55842,14.7,0,3,5,30.4,1
70526,20.1,128830,3.0,0,5,3,1.2,0
70527,3.4,65394,9.8,0,2,3,48.0,1
70528,3.7,91605,10.7,1,1,2,5.8,1
70529,5.2,68259,3.2,1,4,4,5.5,0
70530,13.9,107967,0.4,1,5,4,6.2,0
70531,0.2,45000,1.2,0,3,5,7.1,0
70532,13.8,118729,3.6,0,2,2,3.0,0
70533,16.4,113545,1.6,0,5,3,6.2,0
70534,3.3,53234,7.5,1,1,4,7.5,0
70535,14.0,73996,0.9,0,3,3,20.3,0
70536,1.4,61578,2.4,1,3,2,1.0,1
70537,0.8,67857,8.1,0,5,5,20.8,0
70538,6.2,83461,7.2,0,2,4,1.0,0
70539,2.9,67681,1.5,0,2,3,1.9,0
70540,0.9,63498,0.8,0,4,3,9.3,0
70541,2.3,58832,4.8,0,3,4,7.6,1
70542,6.6,93875,10.6,0,3,3,1.4,0
70543,1.8,64300,0.9,0,3,4,2.0,1
70544,0.4,45000,4.3,0,4,4,2.3,0
70545,1.1,67769,10.0,0,1,3,12.5,1
70546,4.8,68363,3.8,1,4,3,5.4,0
70547,4.6,55763,3.9,0,1,3,2.1,1
70548,14.4,98802,3.1,1,2,2,5.0,0
70549,1.2,58391,16.7,0,2,3,8.1,1
70550,1.7,59196,3.0,0,2,4,3.5,1
70551,5.6,73732,16.4,0,2,4,8.3,0
70552,2.5,55933,21.9,1,5,5,10.2,0
70553,2.7,59716,12.9,0,3,3,17.5,1
70554,5.0,88895,1.1,0,4,4,2.7,0
70555,1.9,77249,3.3,0,5,4,1.8,0
70556,6.3,57207,8.8,0,3,4,3.6,0
70557,12.9,87005,0.5,1,3,5,50.5,0
70558,0.9,59553,1.0,0,4,3,3.5,0
70559,4.8,69699,1.2,0,4,2,32.8,0
70560,0.3,53431,0.5,0,4,2,8.2,0
70561,2.8,50934,1.7,0,5,4,2.4,0
70562,0.4,56806,1.7,0,3,3,24.5,0
70563,0.2,45000,0.3,0,3,4,9.7,1
70564,3.9,88226,7.4,1,4,4,16.5,0
70565,2.6,83213,1.4,0,5,4,1.0,0
70566,3.7,75868,4.4,0,1,4,1.6,1
70567,2.1,76273,6.5,1,3,3,1.0,0
70568,0.4,63410,3.4,0,1,3,24.1,0
70569,0.2,45000,0.2,0,2,4,15.0,0
70570,4.2,56703,2.0,0,5,4,17.6,0
70571,20.1,153368,4.3,1,3,3,23.1,0
70572,0.2,65691,0.2,0,3,4,1.0,0
70573,1.6,55295,1.0,0,3,4,7.6,0
70574,3.0,68160,8.9,0,4,5,1.9,0
70575,7.1,72087,1.0,1,4,3,30.6,0
70576,2.9,72651,2.2,0,2,5,6.6,0
70577,1.0,66652,2.6,1,1,4,5.1,1
70578,10.2,94006,1.5,0,4,3,16.6,0
70579,14.6,112168,3.1,0,3,5,11.5,0
70580,0.3,45837,4.1,0,2,2,8.3,1
70581,8.7,80038,2.5,0,1,5,8.2,0
70582,0.2,78217,4.4,0,4,4,11.6,0
70583,1.4,67310,4.5,1,4,5,3.7,0
70584,0.2,68115,2.3,0,3,3,20.8,1
70585,7.8,85467,1.6,0,4,4,30.8,0
70586,7.9,86251,0.9,1,3,4,2.5,0
70587,5.6,93205,4.4,0,1,4,3.4,1
70588,2.3,45430,8.3,0,2,1,4.0,1
70589,5.3,75163,0.2,1,1,3,55.4,1
70590,1.4,51084,0.9,0,2,3,2.4,0
70591,7.6,91148,0.5,0,5,4,1.0,0
70592,3.3,87328,5.2,0,3,4,12.5,1
70593,0.2,66524,5.1,0,2,4,4.6,0
70594,4.2,67656,2.2,0,5,4,7.4,0
70595,1.9,69786,8.0,0,4,2,33.5,1
70596,16.6,105671,0.3,0,4,3,20.1,0
70597,9.0,75439,0.0,0,3,3,13.4,0
70598,0.2,45000,11.0,0,2,4,34.4,1
70599,5.1,52858,8.5,0,4,3,4.8,0
70600,20.5,124059,7.0,0,4,4,1.0,0
70601,9.2,97049,2.9,1,3,4,10.1,0
70602,3.5,45000,2.7,0,4,3,10.4,0
70603,1.4,45000,2.6,1,3,3,10.1,0
70604,6.3,83319,2.7,1,4,4,12.1,0
70605,0.2,52141,1.4,0,1,2,1.3,1
70606,0.2,61062,6.4,0,3,2,17.2,0
70607,0.2,53512,6.3,1,3,4,8.7,0
70608,17.0,106537,25.0,0,3,3,12.0,1
70609,8.2,96112,0.4,0,1,2,2.6,0
70610,0.6,60702,10.0,1,3,4,22.1,0
70611,0.4,63342,0.8,0,2,2,15.6,1
70612,4.6,60977,0.7,1,4,3,29.8,0
70613,0.2,45000,21.3,1,3,4,2.8,1
70614,2.9,76954,2.3,1,3,3,7.0,0
70615,4.1,66916,4.4,0,5,3,7.4,0
70616,5.6,95560,7.4,1,3,3,1.0,0
70617,4.6,79073,1.0,0,2,3,4.4,0
70618,1.7,65867,2.0,0,2,3,14.2,1
70619,2.5,73843,15.4,0,4,3,3.2,0
70620,1.9,45000,0.5,0,3,5,12.1,0
70621,3.3,82132,10.7,1,5,4,6.0,0
70622,1.0,68250,9.6,0,4,5,11.9,0
70623,11.6,82227,7.0,0,4,5,24.1,0
70624,5.2,45000,4.1,0,4,3,14.7,0
70625,4.1,76104,2.2,1,3,4,17.4,0
70626,1.6,58686,6.9,1,3,4,17.0,0
70627,4.0,65178,1.9,1,4,4,1.0,0
70628,13.7,117171,2.2,0,5,4,1.0,0
70629,13.2,79019,2.9,0,5,3,2.8,0
70630,0.9,72439,4.8,1,2,5,1.0,0
70631,4.4,61523,5.3,0,3,4,6.6,0
70632,1.9,68004,16.6,0,5,4,2.2,1
70633,0.3,55974,5.4,0,4,1,1.2,1
70634,0.9,54340,25.0,0,4,2,5.2,1
70635,9.9,105241,1.4,1,4,4,16.1,0
70636,4.0,72803,0.1,1,4,3,1.7,0
70637,3.1,67975,12.9,1,2,2,2.0,1
70638,2.4,65987,2.9,0,3,4,5.3,0
70639,0.6,68410,1.7,1,4,3,13.9,0
70640,6.0,93785,9.7,0,3,3,4.8,1
70641,3.1,65104,4.0,0,4,4,1.4,0
70642,5.1,90587,4.0,1,2,3,10.2,0
70643,2.5,52071,0.3,1,2,3,9.9,0
70644,0.2,50337,2.5,0,3,2,6.1,1
70645,0.2,53873,3.6,1,4,4,25.1,0
70646,0.2,59862,5.0,0,3,4,14.2,1
70647,0.4,47297,0.4,0,3,5,6.9,0
70648,4.2,56277,0.6,1,4,5,18.7,1
70649,0.2,45000,7.6,0,4,4,17.9,0
70650,3.5,58670,8.1,0,3,3,10.0,0
70651,2.6,64889,4.9,1,3,3,16.4,1
70652,4.5,84768,1.9,1,3,2,3.4,0
70653,3.0,66829,0.8,1,3,5,12.4,0
70654,3.1,56127,0.2,0,5,3,23.1,0
70655,2.6,58718,5.8,0,1,4,26.0,1
70656,2.8,79032,4.4,0,1,3,14.4,1
70657,1.3,59161,3.6,0,1,1,1.9,1
70658,4.2,55504,4.3,0,5,5,4.3,0
70659,7.9,73255,5.1,1,3,2,15.5,0
70660,0.4,89315,2.0,0,2,4,1.0,1
70661,6.0,64790,2.5,1,3,5,17.3,0
70662,1.7,46222,7.6,0,1,4,1.6,0
70663,0.6,47152,6.2,0,2,3,32.1,1
70664,4.3,82348,12.6,0,3,5,23.2,1
70665,3.1,72696,4.5,0,2,3,22.7,1
70666,3.9,64441,3.7,1,3,3,1.6,1
70667,0.4,46369,7.1,1,2,3,20.9,0
70668,0.2,45000,2.2,0,4,5,1.0,0
70669,1.2,68471,3.5,1,3,4,6.0,0
70670,5.3,54283,0.1,0,4,1,22.5,0
70671,0.3,45000,5.4,0,1,4,15.0,0
70672,3.3,69269,9.3,0,3,4,35.9,0
70673,4.5,90309,3.0,1,3,4,9.0,0
70674,6.1,84686,2.0,0,3,4,10.0,0
70675,5.8,79730,5.3,1,3,4,19.7,0
70676,7.0,68847,8.1,0,2,3,25.3,0
70677,3.6,86393,3.8,0,2,2,13.1,0
70678,2.0,70340,7.3,1,5,4,3.0,1
70679,11.5,93441,2.6,1,3,4,14.7,0
70680,0.2,63141,0.6,0,4,3,22.6,1
70681,0.5,47394,3.0,0,3,4,11.9,1
70682,2.8,45000,1.8,0,2,5,12.2,0
70683,14.0,114540,5.9,1,5,4,22.1,0
70684,2.7,65005,2.9,1,4,4,1.4,0
70685,6.5,87050,3.5,0,3,2,1.0,0
70686,4.6,77128,3.5,1,3,2,9.7,0
70687,0.8,52336,1.7,1,3,4,2.1,0
70688,9.3,87526,5.2,0,4,3,6.5,0
70689,4.1,74458,3.6,1,4,4,5.4,0
70690,7.4,88148,0.0,1,4,3,8.8,0
70691,1.5,45000,0.1,0,2,5,4.5,0
70692,0.3,77165,10.1,1,4,3,19.1,0
70693,8.7,80393,4.2,1,4,2,39.5,0
70694,2.0,76557,1.9,0,4,5,3.5,0
70695,1.1,45000,7.5,0,3,3,6.4,1
70696,0.8,61134,11.5,0,3,4,2.8,1
70697,3.7,66496,3.0,0,3,3,9.2,1
70698,0.6,64086,0.8,1,4,4,27.9,1
70699,3.0,68439,8.0,0,4,4,6.9,1
70700,0.6,47581,5.6,0,5,4,11.9,1
70701,5.6,72461,7.6,1,3,3,8.6,0
70702,2.5,49893,1.3,1,5,3,2.3,0
70703,1.9,45000,1.3,0,2,4,4.1,0
70704,0.5,59404,14.1,0,4,3,27.9,1
70705,5.1,68163,3.6,0,3,5,1.0,0
70706,1.5,45000,0.8,0,5,5,2.5,0
70707,13.7,96578,1.6,0,2,3,3.3,0
70708,7.8,76377,9.6,1,3,1,4.1,0
70709,0.5,66737,3.3,0,4,3,17.4,1
70710,0.3,52636,3.6,1,3,4,19.9,0
70711,4.4,66060,2.9,1,3,4,18.8,0
70712,1.7,57286,9.2,0,3,2,13.0,0
70713,0.5,45000,1.7,0,5,5,6.4,0
70714,9.0,92935,2.1,1,2,4,17.3,0
70715,6.1,76075,1.1,0,3,3,29.5,1
70716,1.5,65809,6.8,1,4,2,15.7,0
70717,0.3,45504,0.0,0,4,5,4.3,0
70718,1.9,59078,2.2,0,4,3,26.2,1
70719,1.7,45000,3.1,0,5,1,20.6,0
70720,1.3,51760,2.4,0,4,4,27.8,0
70721,0.7,53599,0.9,0,3,3,8.8,0
70722,6.3,75295,8.7,0,2,4,12.8,1
70723,2.9,69512,2.9,0,2,5,12.7,1
70724,2.2,68311,5.4,0,2,3,21.1,0
70725,1.7,70315,5.0,1,3,3,4.8,1
70726,4.6,96081,9.1,0,5,4,3.9,0
70727,0.4,45000,5.1,1,4,4,41.1,0
70728,1.4,66182,1.0,0,3,5,7.9,0
70729,1.3,51029,2.3,0,4,2,2.3,0
70730,2.9,68403,6.3,0,3,4,2.4,0
70731,1.5,51738,17.7,0,4,4,1.0,0
70732,1.5,68909,0.5,0,2,4,28.4,0
70733,7.0,75847,0.7,1,4,2,1.0,0
70734,0.7,74886,3.9,1,5,5,1.2,0
70735,1.9,66693,7.2,0,1,4,1.0,1
70736,3.8,72744,5.7,0,2,4,23.0,1
70737,3.3,45000,3.4,1,3,5,1.0,0
70738,0.5,45922,0.7,0,2,3,12.2,0
70739,0.6,69460,3.9,0,4,4,1.6,0
70740,0.9,68698,0.1,0,5,4,4.0,0
70741,1.2,51885,0.2,1,2,2,2.3,1
70742,3.4,66230,0.2,0,3,3,1.8,0
70743,0.3,45000,0.6,0,5,4,11.6,1
70744,1.8,61587,1.3,1,2,5,3.8,0
70745,3.2,61637,1.4,0,4,3,3.0,0
70746,4.3,78930,2.4,0,4,4,37.8,0
70747,9.2,92318,11.2,1,5,3,8.0,0
70748,5.3,64451,0.2,0,5,2,1.0,0
70749,0.3,55082,3.0,1,3,4,4.9,0
70750,2.4,45000,1.5,1,4,2,2.0,0
70751,7.6,77872,3.3,0,4,4,2.0,0
70752,3.4,76217,2.4,0,4,4,6.5,0
70753,3.3,71946,2.4,0,5,3,17.2,0
70754,1.1,45000,1.7,0,4,4,8.3,0
70755,0.2,57561,3.4,0,1,3,10.5,0
70756,1.4,61677,13.4,1,3,4,24.6,0
70757,14.6,107119,1.2,0,4,5,14.9,0
70758,2.1,76500,2.3,0,3,3,4.2,0
70759,11.6,107408,7.1,0,4,4,6.5,0
70760,0.2,55721,6.8,0,3,4,5.2,0
70761,8.1,94911,3.1,0,4,4,8.0,0
70762,1.0,68172,2.9,0,5,3,10.5,0
70763,4.0,54319,1.1,0,5,3,6.5,0
70764,0.2,46667,11.7,0,4,5,4.5,0
70765,3.2,66446,3.7,0,4,3,28.2,1
70766,0.9,62339,8.7,0,4,3,2.7,0
70767,1.5,60243,0.1,1,4,5,4.5,0
70768,2.8,57306,6.1,1,4,3,18.3,0
70769,0.2,72538,1.1,0,5,3,8.6,0
70770,9.6,90670,3.7,0,2,5,23.7,0
70771,4.5,70564,2.0,1,4,3,15.3,0
70772,2.4,62290,2.2,0,3,3,2.7,0
70773,2.3,45000,11.9,1,3,4,16.7,0
70774,2.2,48753,0.2,1,5,2,7.9,0
70775,1.2,75276,4.5,1,3,4,22.0,0
70776,2.9,72433,3.7,0,4,3,6.0,0
70777,6.2,79467,0.4,0,5,4,5.7,0
70778,1.3,45000,1.1,0,3,3,25.0,0
70779,1.5,49760,2.4,0,5,3,1.6,0
70780,0.9,45000,1.1,1,5,4,30.5,0
70781,6.5,108087,4.2,0,5,4,4.9,0
70782,6.4,89712,3.1,0,5,4,2.9,0
70783,5.3,71350,7.5,0,3,3,3.6,0
70784,7.0,47124,7.1,0,1,4,4.8,1
70785,7.8,98283,15.5,0,3,4,12.2,0
70786,0.2,45000,0.8,0,2,4,37.9,1
70787,0.5,56946,6.4,0,4,4,6.8,0
70788,0.6,61019,1.4,0,4,3,60.2,1
70789,5.8,58260,19.3,0,3,4,1.8,0
70790,2.2,73435,1.5,0,5,1,1.0,0
70791,4.3,80763,2.7,1,3,3,1.0,0
70792,12.1,111505,9.3,1,3,5,9.1,0
70793,0.6,79961,0.5,1,3,4,14.1,0
70794,1.9,47373,0.5,1,3,5,5.5,0
70795,0.3,55922,2.3,0,1,4,6.7,0
70796,3.2,71098,6.9,1,3,4,1.6,0
70797,5.0,65746,2.5,1,5,4,1.0,0
70798,3.0,55895,2.4,0,3,2,10.5,0
70799,1.7,64259,4.9,0,5,2,9.0,0
70800,1.3,45385,0.1,0,5,4,6.1,0
70801,1.9,70446,2.9,1,4,2,4.6,0
70802,2.2,57652,4.3,1,3,4,16.0,0
70803,2.5,72271,6.0,0,4,4,1.7,0
70804,4.2,75793,4.9,0,3,3,4.4,0
70805,5.6,47395,0.7,0,4,5,4.0,0
70806,2.5,69518,9.9,0,4,4,7.8,0
70807,2.8,66893,0.4,1,3,3,3.1,0
70808,1.8,45000,5.6,1,5,4,6.2,0
70809,0.6,79190,0.2,1,5,4,3.1,0
70810,6.2,85205,9.1,0,4,4,1.9,0
70811,0.6,61523,2.6,1,5,3,15.3,0
70812,9.5,75524,0.6,0,2,4,1.0,0
70813,0.2,57453,1.9,1,3,4,19.9,1
70814,2.6,82340,0.7,0,4,4,1.3,0
70815,2.0,76369,2.2,0,3,5,24.0,0
70816,2.0,54856,0.1,0,4,4,4.8,0
70817,2.4,63282,1.7,1,5,4,4.4,0
70818,2.7,88606,0.1,0,1,4,2.0,1
70819,1.0,47741,1.7,0,5,4,13.5,1
70820,3.3,81890,2.4,0,2,4,62.0,1
70821,3.7,69914,7.3,0,5,5,2.9,0
70822,1.5,60562,8.9,0,3,4,43.6,1
70823,1.7,54202,14.8,0,5,3,18.4,0
70824,1.6,56072,2.9,0,4,3,28.8,0
70825,1.2,49425,4.6,0,4,5,8.7,0
70826,2.8,79924,4.1,0,5,4,1.0,0
70827,3.6,61919,5.9,0,4,4,5.7,0
70828,7.9,72783,0.4,0,2,5,18.7,0
70829,8.0,101751,0.0,0,3,3,1.5,0
70830,0.7,58617,1.1,0,2,4,6.0,1
70831,1.4,48219,2.7,0,4,3,7.3,1
70832,5.1,82623,0.3,0,2,4,1.6,1
70833,3.5,72511,0.6,0,3,5,1.7,0
70834,9.1,85095,6.5,1,3,4,4.6,0
70835,5.0,74650,4.1,0,1,4,3.2,0
70836,7.2,83136,4.9,0,3,4,1.2,0
70837,1.1,59765,9.7,0,4,3,8.7,0
70838,5.3,90185,9.8,1,3,3,9.7,0
70839,4.4,67020,15.9,0,4,3,1.4,0
70840,0.4,56380,2.2,0,5,5,18.0,0
70841,2.7,73261,0.4,1,2,4,5.6,0
70842,4.1,65315,0.5,0,4,4,8.6,1
70843,19.1,107896,6.8,1,5,3,6.5,0
70844,1.5,45000,0.5,1,3,3,2.0,0
70845,12.0,79276,18.1,1,3,4,37.7,0
70846,4.0,54193,5.5,1,5,4,16.8,0
70847,1.5,45468,2.4,0,3,3,1.0,0
70848,0.2,62518,1.8,0,3,4,5.8,0
70849,1.7,45000,21.9,1,4,3,6.1,0
70850,2.9,58732,1.5,0,2,3,9.3,1
70851,14.0,120634,1.9,0,4,4,16.2,0
70852,2.2,54524,0.3,0,3,3,38.6,0
70853,2.6,83686,8.2,0,2,3,10.4,0
70854,7.3,95048,4.5,0,3,3,15.2,0
70855,0.7,45000,1.1,1,2,4,3.5,0
70856,2.7,57429,0.9,0,2,5,1.5,0
70857,6.5,77102,0.5,0,5,3,16.9,0
70858,3.5,62193,14.5,1,5,3,1.8,0
70859,1.0,55990,4.6,1,2,4,12.3,0
70860,7.2,85912,4.0,1,5,5,5.6,0
70861,5.0,77903,6.1,0,5,4,4.6,0
70862,3.3,45000,6.8,1,3,4,1.3,0
70863,1.5,66123,0.6,0,1,3,2.3,0
70864,8.5,98274,12.6,1,4,3,1.0,0
70865,3.2,63211,1.1,1,3,2,18.7,0
70866,4.6,59885,0.4,0,4,4,12.1,0
70867,7.7,83084,0.9,1,5,4,12.1,0
70868,7.7,102527,5.2,0,4,3,16.1,0
70869,4.1,88441,0.9,1,3,4,8.2,0
70870,10.5,107853,4.4,0,5,3,2.0,0
70871,18.7,127991,0.0,1,3,5,22.4,0
70872,0.4,49500,1.1,0,5,5,2.2,0
70873,0.5,62649,2.7,0,5,3,2.2,0
70874,21.4,127544,9.4,0,5,2,1.3,0
70875,2.4,70433,6.9,1,3,3,7.0,1
70876,9.1,96245,1.0,1,2,3,1.0,1
70877,4.4,64815,6.3,0,5,4,1.0,0
70878,5.2,72030,3.7,0,4,5,6.3,0
70879,0.2,55250,0.9,0,2,5,16.3,1
70880,1.5,50742,5.6,0,3,4,5.6,1
70881,4.7,53868,3.6,0,5,4,17.9,1
70882,3.4,81620,1.5,1,5,3,8.7,0
70883,0.8,55468,9.3,0,4,5,5.2,0
70884,7.2,98835,1.2,0,4,4,4.3,0
70885,0.4,67650,2.3,0,3,3,1.9,0
70886,0.6,73948,5.8,0,2,3,18.9,1
70887,3.7,81508,4.5,0,3,3,12.1,1
70888,7.1,89673,6.6,1,3,4,6.3,0
70889,1.4,65670,5.9,0,5,3,5.2,0
70890,2.3,68106,9.0,0,4,4,1.7,1
70891,7.2,87946,1.3,1,3,3,6.9,0
70892,0.5,60234,0.0,1,3,3,11.9,0
70893,11.1,98670,12.1,0,3,3,27.9,0
70894,5.4,86502,1.2,1,3,4,3.1,0
70895,4.8,76510,1.5,0,3,4,19.7,0
70896,1.3,56331,4.2,0,3,4,18.6,0
70897,0.2,57819,2.2,0,4,3,20.3,0
70898,6.4,64469,4.1,0,3,4,9.6,1
70899,7.2,89812,2.1,0,3,4,27.4,0
70900,0.3,60057,3.8,1,3,4,4.3,0
70901,0.9,65274,1.0,0,4,2,9.1,0
70902,3.9,62614,0.4,0,4,4,23.6,0
70903,4.0,69524,5.4,0,4,2,5.0,0
70904,7.1,53181,13.8,1,2,4,23.4,0
70905,6.2,69436,2.2,1,4,3,10.5,0
70906,0.2,45000,6.0,0,2,3,5.6,1
70907,0.5,53440,0.5,0,3,4,42.2,0
70908,4.2,64764,3.4,1,2,4,17.5,0
70909,1.8,69104,1.1,0,3,5,4.2,1
70910,8.7,82966,1.5,0,5,4,13.7,0
70911,4.1,81221,0.4,0,1,2,4.9,0
70912,15.8,86437,1.7,1,4,4,31.2,0
70913,4.8,79119,4.5,0,3,4,3.3,0
70914,8.1,91672,1.2,0,5,4,5.3,0
70915,3.3,85043,6.3,0,2,4,1.0,0
70916,12.6,77841,13.0,0,5,5,1.0,0
70917,5.5,55521,1.1,1,5,5,4.7,0
70918,1.6,64215,10.4,0,5,4,18.9,1
70919,2.3,54923,3.4,1,4,2,19.4,0
70920,2.5,64538,12.8,0,5,4,24.5,0
70921,8.5,86478,2.4,0,2,2,7.4,0
70922,1.4,68913,0.7,0,2,5,7.9,0
70923,0.4,65891,5.4,0,4,4,3.1,0
70924,2.1,75910,0.9,0,3,4,20.8,0
70925,3.9,73425,3.2,1,4,3,5.3,0
70926,3.0,52229,13.1,0,3,3,10.2,1
70927,1.0,79184,1.7,0,5,3,9.3,0
70928,8.5,110276,15.1,0,3,3,13.3,0
70929,0.5,56169,0.7,0,5,3,4.7,0
70930,0.2,57859,3.8,1,2,4,14.8,0
70931,0.3,66501,1.2,0,1,2,1.0,1
70932,2.1,52831,4.3,0,4,4,25.0,0
70933,2.3,80331,1.2,0,2,5,4.6,0
70934,5.9,75045,0.7,1,1,3,4.1,0
70935,0.2,45000,5.4,0,4,4,1.2,0
70936,5.5,75644,2.2,0,5,4,17.7,0
70937,4.2,65877,1.6,0,3,3,3.9,0
70938,0.3,51912,0.9,1,4,4,15.0,0
70939,0.4,45195,11.0,0,2,3,2.9,1
70940,0.9,53229,7.0,0,2,3,1.0,0
70941,0.5,78770,4.9,1,2,3,5.0,0
70942,9.1,71472,1.5,0,3,2,23.1,0
70943,1.8,53516,4.0,0,3,4,16.4,0
70944,5.6,71357,7.0,1,2,4,1.0,0
70945,2.4,62253,5.6,0,5,3,29.8,0
70946,5.5,58756,19.7,0,5,3,20.7,0
70947,6.7,75122,0.6,0,4,3,13.4,0
70948,3.7,59808,0.9,0,3,3,15.1,0
70949,1.4,82325,2.5,0,5,2,27.4,0
70950,19.5,117634,0.0,1,3,2,44.1,0
70951,0.2,58941,2.0,0,3,3,13.0,1
70952,2.4,72532,5.6,0,2,3,15.4,1
70953,3.5,68148,3.0,0,2,3,9.0,1
70954,2.8,78461,1.1,1,4,4,3.9,0
70955,0.2,59238,4.2,0,4,4,7.2,0
70956,4.2,102180,1.4,0,5,5,3.7,0
70957,0.5,65455,0.8,0,3,4,8.3,0
70958,0.9,69560,4.3,0,5,4,3.8,0
70959,9.9,92102,9.4,1,3,3,9.5,0
70960,2.7,51132,2.0,1,5,4,2.7,0
70961,0.5,81715,16.8,0,4,3,16.5,0
70962,1.8,60900,7.5,0,4,4,2.6,0
70963,0.4,61133,2.7,0,3,5,14.9,1
70964,0.6,78737,14.5,0,5,5,4.0,0
70965,1.0,85001,9.3,1,2,5,3.2,1
70966,4.1,71834,7.8,0,2,4,6.0,0
70967,1.1,71184,1.3,0,5,5,10.1,0
70968,8.1,69938,1.7,0,4,4,15.5,0
70969,4.4,76439,0.0,0,1,4,20.0,0
70970,3.0,67897,0.6,0,4,2,34.4,0
70971,3.1,77547,3.7,0,3,3,13.6,0
70972,1.1,45000,12.3,0,3,4,7.6,0
70973,1.4,67154,1.6,0,3,3,15.4,1
70974,3.4,77207,1.1,0,5,4,55.3,0
70975,2.1,63046,5.1,1,4,5,32.9,1
70976,1.1,56412,3.2,1,4,5,6.4,0
70977,3.2,61540,0.8,1,5,3,6.9,0
70978,2.4,57748,10.7,0,1,4,16.0,1
70979,0.2,56922,1.5,0,2,4,15.4,0
70980,5.3,63001,4.7,1,2,3,11.9,0
70981,1.6,79031,21.9,0,4,4,5.7,0
70982,13.7,92121,5.5,0,3,4,18.8,0
70983,1.2,58210,11.3,0,2,4,6.2,1
70984,9.7,96935,0.2,1,2,4,6.4,0
70985,0.2,45000,2.9,0,4,4,23.2,1
70986,9.6,80805,9.1,1,4,3,1.0,0
70987,8.8,84408,3.4,0,5,5,10.8,0
70988,5.6,80768,2.7,1,3,5,5.7,0
70989,1.9,52178,3.2,0,3,5,8.7,0
70990,1.7,45000,4.5,0,4,4,80.0,0
70991,1.7,66382,1.9,0,4,3,4.7,0
70992,13.8,126174,6.8,0,4,3,17.1,0
70993,2.4,71044,5.5,1,4,3,45.4,0
70994,12.4,95847,5.8,1,3,5,2.4,0
70995,1.2,57868,8.6,0,4,2,5.8,0
70996,17.2,115105,6.9,1,5,3,1.0,0
70997,7.1,74161,6.5,0,4,1,2.7,0
70998,1.9,69861,15.9,1,3,4,1.0,0
70999,0.8,60110,8.0,0,3,5,21.8,0
71000,2.4,50674,0.2,0,3,3,9.0,1
71001,2.9,68308,6.0,0,2,4,34.5,0
71002,1.0,69381,0.9,0,5,4,1.6,0
71003,5.1,75908,13.4,0,1,3,3.3,0
71004,1.5,60237,25.0,0,4,4,27.1,1
71005,15.1,94506,9.1,0,5,3,1.4,0
71006,5.6,102352,2.4,0,3,2,13.2,0
71007,2.8,60920,5.0,0,3,3,4.5,0
71008,4.2,65714,0.2,0,3,3,2.4,0
71009,6.0,68699,6.3,0,4,2,3.3,0
71010,7.3,72445,4.2,0,4,2,14.6,0
71011,1.6,47256,5.2,0,5,4,15.9,0
71012,0.2,59518,6.7,1,4,5,6.8,0
71013,0.3,45000,6.9,1,3,5,1.3,0
71014,2.7,64324,6.8,1,5,4,10.4,0
71015,5.2,84024,7.7,1,4,4,22.3,1
71016,3.5,77457,4.1,0,4,3,2.0,0
71017,0.3,51715,5.9,0,2,4,8.6,0
71018,0.2,77180,3.7,1,4,3,3.3,1
71019,0.8,74169,0.3,0,3,3,3.1,0
71020,1.4,55064,7.3,0,4,4,2.1,0
71021,1.6,86219,1.7,0,5,4,13.2,0
71022,1.8,61798,10.1,0,4,3,12.6,0
71023,1.2,68702,17.9,0,5,3,14.9,0
71024,18.3,95601,7.4,0,4,3,6.8,0
71025,1.6,58198,14.8,0,5,4,1.0,1
71026,0.6,45000,0.9,1,3,3,2.7,0
71027,3.2,70944,1.8,1,4,4,6.7,0
71028,6.1,65435,0.2,0,3,3,6.3,0
71029,3.0,58781,5.3,1,5,4,18.8,1
71030,1.7,61115,3.1,0,4,2,7.4,0
71031,0.9,45000,7.0,0,1,4,5.1,1
71032,5.6,79160,1.4,0,4,3,3.8,1
71033,5.7,60454,23.0,0,4,2,10.7,1
71034,3.7,66910,2.1,1,1,4,15.8,0
71035,3.4,65296,1.9,0,4,5,18.4,0
71036,9.7,99873,8.1,1,5,4,4.3,0
71037,7.9,79342,1.8,0,4,4,21.1,0
71038,1.9,45000,6.2,0,2,2,10.5,0
71039,7.0,54429,2.0,1,3,4,18.6,0
71040,10.1,106756,2.8,0,4,4,23.8,0
71041,1.4,60656,1.1,0,4,3,7.2,1
71042,6.8,103090,2.8,0,3,4,9.4,0
71043,4.8,73124,4.4,0,4,5,1.0,0
71044,1.8,53833,5.5,0,4,3,5.7,0
71045,0.2,82530,10.3,1,4,4,3.2,0
71046,5.1,64847,5.0,0,4,4,19.1,1
71047,14.5,102224,0.6,1,1,4,1.3,0
71048,4.4,96581,1.1,0,4,5,2.3,0
71049,4.0,74421,0.0,0,5,2,2.1,0
71050,1.1,61559,3.1,0,4,4,3.1,0
71051,1.6,67006,4.7,1,3,3,1.9,0
71052,1.0,69240,13.0,0,5,4,3.2,0
71053,6.9,104485,1.5,1,3,4,2.1,0
71054,2.6,55104,10.1,0,5,1,3.4,1
71055,2.9,67373,4.2,0,5,4,5.7,0
71056,4.1,78576,6.0,1,3,4,13.3,0
71057,0.2,67615,3.8,1,3,4,1.9,0
71058,0.4,56237,9.0,0,4,2,7.4,0
71059,4.0,50678,7.0,0,3,5,3.7,0
71060,1.5,72113,1.9,0,4,4,1.0,0
71061,14.8,102503,4.8,0,5,3,25.4,1
71062,13.0,98881,0.2,0,3,2,18.8,0
71063,0.5,56547,0.5,0,4,3,5.3,0
71064,5.8,77129,11.8,0,1,4,7.4,0
71065,1.7,45000,4.7,0,3,4,44.0,0
71066,5.6,93030,2.2,0,4,2,15.7,0
71067,8.8,70182,0.4,0,2,4,1.0,0
71068,2.1,65689,2.4,0,4,4,17.1,0
71069,9.3,97202,8.8,0,3,2,21.6,0
71070,1.8,45000,5.4,0,4,3,4.3,0
71071,5.7,74596,9.2,1,1,3,14.8,1
71072,0.3,59060,1.8,1,2,5,2.9,0
71073,0.9,51792,3.7,0,3,3,2.8,0
71074,7.2,89892,2.1,0,3,5,22.9,0
71075,8.2,78261,0.7,0,4,5,1.6,0
71076,23.7,122435,5.2,0,4,4,49.3,0
71077,0.6,65435,15.5,0,4,3,15.8,0
71078,1.0,56532,1.4,0,2,4,9.4,1
71079,2.0,51808,2.1,1,5,2,21.2,0
71080,18.1,105793,3.4,0,5,4,1.6,0
71081,8.8,72750,4.3,1,3,4,11.0,0
71082,3.2,76947,1.0,0,3,3,2.7,0
71083,2.5,72903,0.4,0,2,3,39.5,0
71084,5.9,76021,18.6,0,4,4,7.7,0
71085,3.9,81605,4.8,0,4,3,13.3,0
71086,2.9,77814,8.6,0,3,4,1.4,0
71087,8.0,81276,5.7,0,5,4,12.6,0
71088,4.9,65570,8.7,1,3,2,37.4,0
71089,7.0,100999,1.8,0,2,5,10.3,0
71090,0.6,54222,2.7,0,4,3,14.6,0
71091,5.5,78153,1.8,1,4,4,16.1,0
71092,5.0,74397,0.7,0,4,5,7.6,0
71093,1.7,65137,3.7,0,3,4,30.3,1
71094,3.8,74913,5.0,1,1,4,6.9,1
71095,2.3,45000,4.7,0,3,4,22.8,1
71096,0.5,47683,4.5,0,4,3,13.6,0
71097,0.6,56174,11.5,0,4,2,4.5,0
71098,3.8,61365,2.1,0,5,4,17.1,0
71099,0.5,54090,6.1,0,1,2,41.4,1
71100,0.4,45000,7.6,0,4,3,3.5,1
71101,0.4,54253,5.5,0,2,4,15.4,0
71102,2.6,68504,3.0,1,4,4,18.2,0
71103,14.3,106917,1.4,1,1,3,4.3,0
71104,1.7,64902,9.6,0,5,4,17.8,0
71105,23.1,137876,7.0,0,2,3,12.2,1
71106,0.5,57622,1.6,0,5,4,18.3,0
71107,2.1,64984,2.3,0,2,3,9.7,1
71108,4.4,57005,6.5,1,5,3,5.6,0
71109,1.1,75524,7.4,0,5,4,15.8,0
71110,0.3,45000,3.1,0,4,4,36.7,1
71111,2.4,60760,3.5,1,2,3,10.5,0
71112,8.2,82607,2.9,0,4,4,2.4,0
71113,4.4,75500,8.9,0,4,3,3.8,0
71114,1.7,72890,12.8,1,2,3,25.5,1
71115,3.2,79147,5.4,1,5,4,4.2,0
71116,9.3,96990,5.5,0,3,4,10.2,0
71117,6.7,53006,11.0,0,5,4,2.9,0
71118,6.6,78077,3.4,0,4,4,1.0,0
71119,0.8,52553,3.2,0,3,4,10.4,0
71120,5.7,88455,5.5,0,4,4,18.4,0
71121,0.3,62889,0.3,0,2,3,3.7,0
71122,7.8,96687,0.1,0,3,1,4.5,0
71123,8.3,86712,10.4,0,3,4,62.8,1
71124,2.6,67955,6.7,0,4,4,13.6,1
71125,7.0,95873,10.0,0,5,3,1.0,0
71126,10.9,79088,8.0,1,5,2,14.9,0
71127,4.2,73856,1.4,0,4,3,12.4,0
71128,0.5,72331,14.9,1,4,5,4.9,0
71129,0.3,48095,1.2,1,3,3,26.9,0
71130,0.8,54702,4.4,0,1,4,1.0,1
71131,1.3,57775,3.8,1,3,4,28.4,0
71132,2.0,49934,4.9,0,4,4,4.0,0
71133,0.9,52519,12.1,0,5,3,17.6,0
71134,9.0,77879,0.9,0,3,3,9.9,0
71135,10.6,86553,9.8,0,3,3,1.0,0
71136,5.0,51429,10.0,1,4,4,1.0,0
71137,6.7,83046,3.0,1,3,4,12.7,0
71138,6.1,79703,6.5,0,4,3,6.5,0
71139,0.2,47721,0.5,0,5,4,1.5,0
71140,2.6,63183,4.1,0,3,4,29.8,0
71141,13.4,86184,4.2,1,5,4,2.7,0
71142,2.2,72332,13.4,0,4,4,31.7,1
71143,4.9,79301,0.2,0,3,3,2.9,0
71144,2.6,77781,0.2,0,3,4,65.7,0
71145,1.1,54138,6.8,0,2,4,42.3,0
71146,1.9,79185,2.2,1,2,4,13.9,0
71147,1.2,66347,2.0,1,5,4,1.0,0
71148,10.3,111319,4.1,0,5,4,10.3,0
71149,4.6,82394,2.0,0,5,3,11.6,0
71150,7.4,69495,4.6,0,4,4,4.4,0
71151,2.0,66403,2.5,0,2,4,23.4,1
71152,0.4,76453,3.9,0,3,3,16.7,0
71153,3.2,56576,0.2,1,4,3,21.5,0
71154,1.9,62872,2.3,0,4,5,22.1,0
71155,7.9,79010,14.9,0,5,4,2.4,0
71156,5.5,67293,2.8,0,2,4,28.1,0
71157,0.9,55072,6.0,0,5,3,3.2,0
71158,8.1,89733,4.2,0,5,3,3.7,0
71159,3.4,62957,10.2,0,5,4,2.5,0
71160,0.4,45000,8.7,1,4,4,2.6,0
71161,2.9,66454,5.4,0,4,3,1.0,0
71162,3.8,86302,1.9,0,3,5,41.1,0
71163,2.0,61461,14.4,1,5,5,6.0,0
71164,2.4,70535,5.6,0,3,4,8.7,0
71165,3.8,62261,0.3,0,5,2,9.5,0
71166,7.4,85986,0.4,0,3,3,3.5,0
71167,4.0,77802,2.6,0,5,3,7.9,0
71168,1.2,54320,2.9,0,4,5,1.6,0
71169,5.9,67514,4.1,0,4,4,5.6,0
71170,4.7,78276,16.5,0,3,5,3.1,0
71171,0.7,66535,2.0,0,4,4,11.3,0
71172,5.4,82977,2.3,0,3,4,1.2,0
71173,6.3,94895,5.9,0,4,4,4.3,0
71174,0.3,52807,0.3,1,4,3,40.8,1
71175,5.7,80738,11.9,0,5,4,1.0,0
71176,1.8,59418,0.5,0,2,2,23.1,0
71177,1.4,52012,0.2,0,4,4,1.0,1
71178,1.7,65362,8.2,0,5,4,11.8,0
71179,7.9,80572,2.4,0,4,4,21.4,0
71180,0.6,60354,3.7,0,4,4,1.3,0
71181,4.2,82822,6.9,0,5,3,66.1,0
71182,0.5,69685,2.2,1,4,4,6.4,1
71183,1.0,45000,2.0,1,4,5,18.4,0
71184,0.2,57346,5.6,0,3,4,4.3,0
71185,2.8,68781,5.6,1,4,4,7.9,0
71186,3.3,76572,0.9,0,4,4,1.0,0
71187,0.7,52005,6.1,0,4,3,28.2,0
71188,4.1,68347,6.2,1,4,1,14.0,0
71189,6.2,72880,7.0,0,5,3,17.7,0
71190,0.4,49512,11.3,1,2,3,1.1,1
71191,6.4,70074,5.0,0,4,3,4.2,0
71192,4.1,52097,5.7,0,3,3,14.4,0
71193,5.0,61637,9.5,0,3,3,8.9,0
71194,5.8,63545,1.1,0,5,3,36.5,0
71195,3.3,63709,0.4,0,3,4,5.9,0
71196,1.2,63174,4.5,0,2,5,13.5,0
71197,1.4,50667,3.0,0,5,3,2.4,0
71198,10.1,100659,6.0,0,3,3,10.7,0
71199,0.7,45000,5.9,1,5,4,1.8,0
71200,6.1,78380,3.2,0,4,4,13.7,0
